Log file open, 01/07/26 15:12:03
LogWindows: Failed to load 'aqProf.dll' (GetLastError=126)
LogWindows: File 'aqProf.dll' does not exist
LogWindows: Failed to load 'VtuneApi.dll' (GetLastError=126)
LogWindows: File 'VtuneApi.dll' does not exist
LogWindows: Failed to load 'VtuneApi32e.dll' (GetLastError=126)
LogWindows: File 'VtuneApi32e.dll' does not exist
LogConsoleResponse: Display: Failed to find resolution value strings in scalability ini. Falling back to default.
LogConsoleResponse: Display: Failed to find resolution value strings in scalability ini. Falling back to default.
LogInit: Display: Running engine for game: ligma_3rd_person
LogPlatformFile: Not using cached read wrapper
LogTaskGraph: Started task graph with 5 named threads and 35 total threads with 3 sets of task threads.
LogStats: Stats thread started at 0.189276
LogICUInternationalization: ICU TimeZone Detection - Raw Offset: +1:00, Platform Override: ''
LogInit: Display: Loading text-based GConfig....
LogPluginManager: Mounting plugin MeshPainting
LogPluginManager: Mounting plugin XGEController
LogPluginManager: Mounting plugin Paper2D
LogPluginManager: Mounting plugin LiveLink
LogPluginManager: Mounting plugin LightPropagationVolume
LogPluginManager: Mounting plugin CameraShakePreviewer
LogPluginManager: Mounting plugin DatasmithContent
LogPluginManager: Mounting plugin AnimationSharing
LogPluginManager: Mounting plugin CLionSourceCodeAccess
LogPluginManager: Mounting plugin GitSourceControl
LogPluginManager: Mounting plugin VariantManagerContent
LogPluginManager: Mounting plugin KDevelopSourceCodeAccess
LogPluginManager: Mounting plugin PerforceSourceControl
LogPluginManager: Mounting plugin CodeLiteSourceCodeAccess
LogPluginManager: Mounting plugin PixWinPlugin
LogPluginManager: Mounting plugin NullSourceCodeAccess
LogPluginManager: Mounting plugin PlasticSourceControl
LogPluginManager: Mounting plugin PropertyAccessNode
LogPluginManager: Mounting plugin PluginUtils
LogPluginManager: Mounting plugin RiderSourceCodeAccess
LogPluginManager: Mounting plugin TextureFormatOodle
LogPluginManager: Mounting plugin SubversionSourceControl
LogPluginManager: Mounting plugin UObjectPlugin
LogPluginManager: Mounting plugin Niagara
LogPluginManager: Mounting plugin VisualStudioCodeSourceCodeAccess
LogPluginManager: Mounting plugin VisualStudioSourceCodeAccess
LogPluginManager: Mounting plugin XCodeSourceCodeAccess
LogPluginManager: Mounting plugin OodleData
LogPluginManager: Mounting plugin GameplayCameras
LogPluginManager: Mounting plugin OodleNetwork
LogPluginManager: Mounting plugin AndroidMedia
LogPluginManager: Mounting plugin AvfMedia
LogPluginManager: Mounting plugin ImgMedia
LogPluginManager: Mounting plugin MediaCompositing
LogPluginManager: Mounting plugin MediaPlayerEditor
LogPluginManager: Mounting plugin LuminPlatformFeatures
LogPluginManager: Mounting plugin WebMMedia
LogPluginManager: Mounting plugin WmfMedia
LogPluginManager: Mounting plugin MagicLeap
LogPluginManager: Mounting plugin MagicLeapMedia
LogPluginManager: Mounting plugin MagicLeapLightEstimation
LogPluginManager: Mounting plugin MagicLeapPassableWorld
LogPluginManager: Mounting plugin MLSDK
LogPluginManager: Mounting plugin TcpMessaging
LogPluginManager: Mounting plugin AlembicImporter
LogPluginManager: Mounting plugin AutomationUtils
LogPluginManager: Mounting plugin ChaosCloth
LogPluginManager: Mounting plugin BackChannel
LogPluginManager: Mounting plugin ChaosEditor
LogPluginManager: Mounting plugin ChaosClothEditor
LogPluginManager: Mounting plugin ChaosNiagara
LogPluginManager: Mounting plugin ChaosSolverPlugin
LogPluginManager: Mounting plugin CharacterAI
LogPluginManager: Mounting plugin OnlineSubsystem
LogPluginManager: Mounting plugin UdpMessaging
LogPluginManager: Mounting plugin OnlineSubsystemNull
LogPluginManager: Mounting plugin OnlineSubsystemUtils
LogPluginManager: Mounting plugin GeometryCache
LogPluginManager: Mounting plugin GeometryCollectionPlugin
LogPluginManager: Mounting plugin GeometryProcessing
LogPluginManager: Mounting plugin MotoSynth
LogPluginManager: Mounting plugin OpenImageDenoise
LogPluginManager: Mounting plugin PlanarCut
LogPluginManager: Mounting plugin PlatformCrypto
LogPluginManager: Mounting plugin ProxyLODPlugin
LogPluginManager: Mounting plugin PythonScriptPlugin
LogPluginManager: Mounting plugin SkeletalReduction
LogPluginManager: Mounting plugin LauncherChunkInstaller
LogPluginManager: Mounting plugin ActorLayerUtilities
LogPluginManager: Mounting plugin AndroidMoviePlayer
LogPluginManager: Mounting plugin AndroidPermission
LogPluginManager: Mounting plugin AppleMoviePlayer
LogPluginManager: Mounting plugin AppleImageUtils
LogPluginManager: Mounting plugin AndroidDeviceProfileSelector
LogPluginManager: Mounting plugin ArchVisCharacter
LogPluginManager: Mounting plugin AudioSynesthesia
LogPluginManager: Mounting plugin CableComponent
LogPluginManager: Mounting plugin AudioCapture
LogPluginManager: Mounting plugin AssetTags
LogPluginManager: Mounting plugin CustomMeshComponent
LogPluginManager: Mounting plugin EditableMesh
LogPluginManager: Mounting plugin ExampleDeviceProfileSelector
LogPluginManager: Mounting plugin ChunkDownloader
LogPluginManager: Mounting plugin GoogleCloudMessaging
LogPluginManager: Mounting plugin GooglePAD
LogPluginManager: Mounting plugin IOSDeviceProfileSelector
LogPluginManager: Mounting plugin LinuxDeviceProfileSelector
LogPluginManager: Mounting plugin LocationServicesBPLibrary
LogPluginManager: Mounting plugin MobilePatchingUtils
LogPluginManager: Mounting plugin ScreenshotTools
LogPluginManager: Mounting plugin OpenXR
LogPluginManager: Mounting plugin OpenXREyeTracker
LogPluginManager: Mounting plugin OpenXRHandTracking
LogPluginManager: Mounting plugin PropertyAccessEditor
LogPluginManager: Mounting plugin PhysXVehicles
LogPluginManager: Mounting plugin RuntimePhysXCooking
LogPluginManager: Mounting plugin ProceduralMeshComponent
LogPluginManager: Mounting plugin PostSplashScreen
LogPluginManager: Mounting plugin SignificanceManager
LogPluginManager: Mounting plugin SoundFields
LogPluginManager: Mounting plugin Synthesis
LogPluginManager: Mounting plugin MatineeToLevelSequence
LogPluginManager: Mounting plugin ActorSequence
LogPluginManager: Mounting plugin LevelSequenceEditor
LogPluginManager: Mounting plugin TemplateSequence
LogPluginManager: Mounting plugin WebMMoviePlayer
LogPluginManager: Mounting plugin WindowsMoviePlayer
LogPluginManager: Mounting plugin Takes
LogPluginManager: Mounting plugin AssetManagerEditor
LogPluginManager: Mounting plugin CryptoKeys
LogPluginManager: Mounting plugin CurveEditorTools
LogPluginManager: Mounting plugin DataValidation
LogPluginManager: Mounting plugin FacialAnimation
LogPluginManager: Mounting plugin AISupport
LogPluginManager: Mounting plugin GeometryMode
LogPluginManager: Mounting plugin GameplayTagsEditor
LogPluginManager: Mounting plugin MaterialAnalyzer
LogPluginManager: Mounting plugin MacGraphicsSwitching
LogPluginManager: Mounting plugin MobileLauncherProfileWizard
LogPluginManager: Mounting plugin PluginBrowser
LogPluginManager: Mounting plugin EnvironmentQueryEditor
LogPluginManager: Mounting plugin SpeedTreeImporter
LogPluginManager: Mounting plugin OnlineSubsystemIOS
LogPluginManager: Mounting plugin OnlineSubsystemGooglePlay
LogPluginManager: Mounting plugin OculusVR
LogPluginManager: Mounting plugin SteamVR
LogPluginManager: Mounting plugin ContentBrowserClassDataSource
LogPluginManager: Mounting plugin ContentBrowserFileDataSource
LogPluginManager: Mounting plugin ContentBrowserAssetDataSource
PixWinPlugin: PIX capture plugin failed to initialize! Check that the process is launched from PIX.
LogInit: Using libcurl 7.55.1-DEV
LogInit:  - built for x86_64-pc-win32
LogInit:  - supports SSL with OpenSSL/1.1.1
LogInit:  - supports HTTP deflate (compression) using libz 1.2.8
LogInit:  - other features:
LogInit:      CURL_VERSION_SSL
LogInit:      CURL_VERSION_LIBZ
LogInit:      CURL_VERSION_IPV6
LogInit:      CURL_VERSION_ASYNCHDNS
LogInit:      CURL_VERSION_LARGEFILE
LogInit:      CURL_VERSION_IDN
LogInit:  CurlRequestOptions (configurable via config and command line):
LogInit:  - bVerifyPeer = true  - Libcurl will verify peer certificate
LogInit:  - bUseHttpProxy = false  - Libcurl will NOT use HTTP proxy
LogInit:  - bDontReuseConnections = false  - Libcurl will reuse connections
LogInit:  - MaxHostConnections = 16  - Libcurl will limit the number of connections to a host
LogInit:  - LocalHostAddr = Default
LogInit:  - BufferSize = 65536
LogOnline: OSS: Creating online subsystem instance for: NULL
LogInit: WinSock: version 1.1 (2.2), MaxSocks=32767, MaxUdp=65467
LogOnline: OSS: TryLoadSubsystemAndSetDefault: Loaded subsystem for module [NULL]
LogOculusPluginWrapper: OculusPlugin initialized successfully
LogHMD: Failed initializing OVRPlugin 1.59.0
LogInit: Build: ++UE4+Release-4.27-CL-18319896
LogInit: Engine Version: 4.27.2-18319896+++UE4+Release-4.27
LogInit: Compatible Engine Version: 4.27.0-17155196+++UE4+Release-4.27
LogInit: Net CL: 17155196
LogInit: OS: Windows 10 (Release 2009) (), CPU: 12th Gen Intel(R) Core(TM) i5-12400F, GPU: NVIDIA GeForce RTX 4060
LogInit: Compiled (64-bit): Nov 30 2021 07:12:08
LogInit: Compiled with Visual C++: 19.24.28315.00
LogInit: Build Configuration: Development
LogInit: Branch Name: ++UE4+Release-4.27
LogInit: Command Line:  -AUTH_LOGIN=unused -AUTH_PASSWORD=8a40211463994c4797feec4329fd4d9d -AUTH_TYPE=exchangecode -epicapp=UE_4.27 -epicenv=Prod -EpicPortal -epicusername=rob4k314 -epicuserid=0dac5ba5e0424d72abe55398be510165 -epiclocale=pl -epicsandboxid=ue
LogInit: Base Directory: C:/Program Files/Epic Games/UE_4.27/Engine/Binaries/Win64/
LogInit: Allocator: TBB
LogInit: Installed Engine Build: 1
LogDevObjectVersion: Number of dev versions registered: 29
LogDevObjectVersion:   Dev-Blueprints (B0D832E4-1F89-4F0D-ACCF-7EB736FD4AA2): 10
LogDevObjectVersion:   Dev-Build (E1C64328-A22C-4D53-A36C-8E866417BD8C): 0
LogDevObjectVersion:   Dev-Core (375EC13C-06E4-48FB-B500-84F0262A717E): 4
LogDevObjectVersion:   Dev-Editor (E4B068ED-F494-42E9-A231-DA0B2E46BB41): 40
LogDevObjectVersion:   Dev-Framework (CFFC743F-43B0-4480-9391-14DF171D2073): 37
LogDevObjectVersion:   Dev-Mobile (B02B49B5-BB20-44E9-A304-32B752E40360): 3
LogDevObjectVersion:   Dev-Networking (A4E4105C-59A1-49B5-A7C5-40C4547EDFEE): 0
LogDevObjectVersion:   Dev-Online (39C831C9-5AE6-47DC-9A44-9C173E1C8E7C): 0
LogDevObjectVersion:   Dev-Physics (78F01B33-EBEA-4F98-B9B4-84EACCB95AA2): 14
LogDevObjectVersion:   Dev-Platform (6631380F-2D4D-43E0-8009-CF276956A95A): 0
LogDevObjectVersion:   Dev-Rendering (12F88B9F-8875-4AFC-A67C-D90C383ABD29): 45
LogDevObjectVersion:   Dev-Sequencer (7B5AE74C-D270-4C10-A958-57980B212A5A): 13
LogDevObjectVersion:   Dev-VR (D7296918-1DD6-4BDD-9DE2-64A83CC13884): 3
LogDevObjectVersion:   Dev-LoadTimes (C2A15278-BFE7-4AFE-6C17-90FF531DF755): 1
LogDevObjectVersion:   Private-Geometry (6EACA3D4-40EC-4CC1-B786-8BED09428FC5): 3
LogDevObjectVersion:   Dev-AnimPhys (29E575DD-E0A3-4627-9D10-D276232CDCEA): 17
LogDevObjectVersion:   Dev-Anim (AF43A65D-7FD3-4947-9873-3E8ED9C1BB05): 15
LogDevObjectVersion:   Dev-ReflectionCapture (6B266CEC-1EC7-4B8F-A30B-E4D90942FC07): 1
LogDevObjectVersion:   Dev-Automation (0DF73D61-A23F-47EA-B727-89E90C41499A): 1
LogDevObjectVersion:   FortniteMain (601D1886-AC64-4F84-AA16-D3DE0DEAC7D6): 47
LogDevObjectVersion:   FortniteRelease (E7086368-6B23-4C58-8439-1B7016265E91): 1
LogDevObjectVersion:   Dev-Enterprise (9DFFBCD6-494F-0158-E221-12823C92A888): 10
LogDevObjectVersion:   Dev-Niagara (F2AED0AC-9AFE-416F-8664-AA7FFA26D6FC): 1
LogDevObjectVersion:   Dev-Destruction (174F1F0B-B4C6-45A5-B13F-2EE8D0FB917D): 10
LogDevObjectVersion:   Dev-Physics-Ext (35F94A83-E258-406C-A318-09F59610247C): 41
LogDevObjectVersion:   Dev-PhysicsMaterial-Chaos (B68FC16E-8B1B-42E2-B453-215C058844FE): 1
LogDevObjectVersion:   Dev-CineCamera (B2E18506-4273-CFC2-A54E-F4BB758BBA07): 1
LogDevObjectVersion:   Dev-VirtualProduction (64F58936-FD1B-42BA-BA96-7289D5D0FA4E): 1
LogDevObjectVersion:   Dev-MediaFramework (6F0ED827-A609-4895-9C91-998D90180EA4): 2
LogInit: Presizing for max 25165824 objects, including 0 objects not considered by GC, pre-allocating 0 bytes for permanent pool.
LogConfig: Applying CVar settings from Section [/Script/Engine.StreamingSettings] File [D:/rejp/ripositor/ligma_3rd_person/Saved/Config/Windows/Engine.ini]
LogConfig: Setting CVar [[s.MinBulkDataSizeForAsyncLoading:131072]]
LogConfig: Setting CVar [[s.AsyncLoadingThreadEnabled:0]]
LogConfig: Setting CVar [[s.EventDrivenLoaderEnabled:1]]
LogConfig: Setting CVar [[s.WarnIfTimeLimitExceeded:0]]
LogConfig: Setting CVar [[s.TimeLimitExceededMultiplier:1.5]]
LogConfig: Setting CVar [[s.TimeLimitExceededMinTime:0.005]]
LogConfig: Setting CVar [[s.UseBackgroundLevelStreaming:1]]
LogConfig: Setting CVar [[s.PriorityAsyncLoadingExtraTime:15.0]]
LogConfig: Setting CVar [[s.LevelStreamingActorsUpdateTimeLimit:5.0]]
LogConfig: Setting CVar [[s.PriorityLevelStreamingActorsUpdateExtraTime:5.0]]
LogConfig: Setting CVar [[s.LevelStreamingComponentsRegistrationGranularity:10]]
LogConfig: Setting CVar [[s.UnregisterComponentsTimeLimit:1.0]]
LogConfig: Setting CVar [[s.LevelStreamingComponentsUnregistrationGranularity:5]]
LogConfig: Setting CVar [[s.FlushStreamingOnExit:1]]
LogInit: Object subsystem initialized
LogConfig: Setting CVar [[con.DebugEarlyDefault:1]]
LogConfig: Setting CVar [[r.setres:1280x720]]
[2026.01.07-14.12.03:332][  0]LogConfig: Setting CVar [[r.VSync:0]]
[2026.01.07-14.12.03:332][  0]LogConfig: Setting CVar [[r.RHICmdBypass:0]]
[2026.01.07-14.12.03:332][  0]LogConfig: Applying CVar settings from Section [/Script/Engine.RendererSettings] File [D:/rejp/ripositor/ligma_3rd_person/Saved/Config/Windows/Engine.ini]
[2026.01.07-14.12.03:332][  0]LogConfig: Setting CVar [[r.GPUCrashDebugging:0]]
[2026.01.07-14.12.03:332][  0]LogConfig: Applying CVar settings from Section [/Script/Engine.RendererOverrideSettings] File [D:/rejp/ripositor/ligma_3rd_person/Saved/Config/Windows/Engine.ini]
[2026.01.07-14.12.03:332][  0]LogConfig: Applying CVar settings from Section [/Script/Engine.StreamingSettings] File [D:/rejp/ripositor/ligma_3rd_person/Saved/Config/Windows/Engine.ini]
[2026.01.07-14.12.03:332][  0]LogConfig: Setting CVar [[s.MinBulkDataSizeForAsyncLoading:131072]]
[2026.01.07-14.12.03:332][  0]LogConfig: Setting CVar [[s.AsyncLoadingThreadEnabled:0]]
[2026.01.07-14.12.03:332][  0]LogConfig: Setting CVar [[s.EventDrivenLoaderEnabled:1]]
[2026.01.07-14.12.03:332][  0]LogConfig: Setting CVar [[s.WarnIfTimeLimitExceeded:0]]
[2026.01.07-14.12.03:332][  0]LogConfig: Setting CVar [[s.TimeLimitExceededMultiplier:1.5]]
[2026.01.07-14.12.03:332][  0]LogConfig: Setting CVar [[s.TimeLimitExceededMinTime:0.005]]
[2026.01.07-14.12.03:332][  0]LogConfig: Setting CVar [[s.UseBackgroundLevelStreaming:1]]
[2026.01.07-14.12.03:332][  0]LogConfig: Setting CVar [[s.PriorityAsyncLoadingExtraTime:15.0]]
[2026.01.07-14.12.03:332][  0]LogConfig: Setting CVar [[s.LevelStreamingActorsUpdateTimeLimit:5.0]]
[2026.01.07-14.12.03:332][  0]LogConfig: Setting CVar [[s.PriorityLevelStreamingActorsUpdateExtraTime:5.0]]
[2026.01.07-14.12.03:332][  0]LogConfig: Setting CVar [[s.LevelStreamingComponentsRegistrationGranularity:10]]
[2026.01.07-14.12.03:332][  0]LogConfig: Setting CVar [[s.UnregisterComponentsTimeLimit:1.0]]
[2026.01.07-14.12.03:332][  0]LogConfig: Setting CVar [[s.LevelStreamingComponentsUnregistrationGranularity:5]]
[2026.01.07-14.12.03:332][  0]LogConfig: Setting CVar [[s.FlushStreamingOnExit:1]]
[2026.01.07-14.12.03:332][  0]LogConfig: Applying CVar settings from Section [/Script/Engine.GarbageCollectionSettings] File [D:/rejp/ripositor/ligma_3rd_person/Saved/Config/Windows/Engine.ini]
[2026.01.07-14.12.03:332][  0]LogConfig: Setting CVar [[gc.MaxObjectsNotConsideredByGC:1]]
[2026.01.07-14.12.03:332][  0]LogConfig: Setting CVar [[gc.SizeOfPermanentObjectPool:0]]
[2026.01.07-14.12.03:332][  0]LogConfig: Setting CVar [[gc.FlushStreamingOnGC:0]]
[2026.01.07-14.12.03:332][  0]LogConfig: Setting CVar [[gc.NumRetriesBeforeForcingGC:10]]
[2026.01.07-14.12.03:332][  0]LogConfig: Setting CVar [[gc.AllowParallelGC:1]]
[2026.01.07-14.12.03:332][  0]LogConfig: Setting CVar [[gc.TimeBetweenPurgingPendingKillObjects:61.1]]
[2026.01.07-14.12.03:332][  0]LogConfig: Setting CVar [[gc.MaxObjectsInEditor:25165824]]
[2026.01.07-14.12.03:332][  0]LogConfig: Setting CVar [[gc.IncrementalBeginDestroyEnabled:1]]
[2026.01.07-14.12.03:332][  0]LogConfig: Setting CVar [[gc.CreateGCClusters:1]]
[2026.01.07-14.12.03:332][  0]LogConfig: Setting CVar [[gc.MinGCClusterSize:5]]
[2026.01.07-14.12.03:332][  0]LogConfig: Setting CVar [[gc.ActorClusteringEnabled:0]]
[2026.01.07-14.12.03:332][  0]LogConfig: Setting CVar [[gc.BlueprintClusteringEnabled:0]]
[2026.01.07-14.12.03:332][  0]LogConfig: Setting CVar [[gc.UseDisregardForGCOnDedicatedServers:0]]
[2026.01.07-14.12.03:332][  0]LogConfig: Setting CVar [[gc.MultithreadedDestructionEnabled:1]]
[2026.01.07-14.12.03:332][  0]LogConfig: Applying CVar settings from Section [/Script/Engine.NetworkSettings] File [D:/rejp/ripositor/ligma_3rd_person/Saved/Config/Windows/Engine.ini]
[2026.01.07-14.12.03:332][  0]LogConfig: Applying CVar settings from Section [/Script/UnrealEd.CookerSettings] File [D:/rejp/ripositor/ligma_3rd_person/Saved/Config/Windows/Engine.ini]
[2026.01.07-14.12.03:344][  0]LogConfig: Applying CVar settings from Section [ViewDistanceQuality@3] File [D:/rejp/ripositor/ligma_3rd_person/Saved/Config/Windows/Scalability.ini]
[2026.01.07-14.12.03:344][  0]LogConfig: Setting CVar [[r.SkeletalMeshLODBias:0]]
[2026.01.07-14.12.03:344][  0]LogConfig: Setting CVar [[r.ViewDistanceScale:1.0]]
[2026.01.07-14.12.03:344][  0]LogConfig: Applying CVar settings from Section [AntiAliasingQuality@3] File [D:/rejp/ripositor/ligma_3rd_person/Saved/Config/Windows/Scalability.ini]
[2026.01.07-14.12.03:344][  0]LogConfig: Setting CVar [[r.PostProcessAAQuality:4]]
[2026.01.07-14.12.03:344][  0]LogConfig: Applying CVar settings from Section [ShadowQuality@3] File [D:/rejp/ripositor/ligma_3rd_person/Saved/Config/Windows/Scalability.ini]
[2026.01.07-14.12.03:344][  0]LogConfig: Setting CVar [[r.LightFunctionQuality:1]]
[2026.01.07-14.12.03:344][  0]LogConfig: Setting CVar [[r.ShadowQuality:5]]
[2026.01.07-14.12.03:344][  0]LogConfig: Setting CVar [[r.Shadow.CSM.MaxCascades:10]]
[2026.01.07-14.12.03:344][  0]LogConfig: Setting CVar [[r.Shadow.MaxResolution:2048]]
[2026.01.07-14.12.03:344][  0]LogConfig: Setting CVar [[r.Shadow.MaxCSMResolution:2048]]
[2026.01.07-14.12.03:344][  0]LogConfig: Setting CVar [[r.Shadow.RadiusThreshold:0.01]]
[2026.01.07-14.12.03:344][  0]LogConfig: Setting CVar [[r.Shadow.DistanceScale:1.0]]
[2026.01.07-14.12.03:344][  0]LogConfig: Setting CVar [[r.Shadow.CSM.TransitionScale:1.0]]
[2026.01.07-14.12.03:344][  0]LogConfig: Setting CVar [[r.Shadow.PreShadowResolutionFactor:1.0]]
[2026.01.07-14.12.03:344][  0]LogConfig: Setting CVar [[r.DistanceFieldShadowing:1]]
[2026.01.07-14.12.03:344][  0]LogConfig: Setting CVar [[r.DistanceFieldAO:1]]
[2026.01.07-14.12.03:344][  0]LogConfig: Setting CVar [[r.AOQuality:2]]
[2026.01.07-14.12.03:344][  0]LogConfig: Setting CVar [[r.VolumetricFog:1]]
[2026.01.07-14.12.03:344][  0]LogConfig: Setting CVar [[r.VolumetricFog.GridPixelSize:8]]
[2026.01.07-14.12.03:344][  0]LogConfig: Setting CVar [[r.VolumetricFog.GridSizeZ:128]]
[2026.01.07-14.12.03:344][  0]LogConfig: Setting CVar [[r.VolumetricFog.HistoryMissSupersampleCount:4]]
[2026.01.07-14.12.03:344][  0]LogConfig: Setting CVar [[r.LightMaxDrawDistanceScale:1]]
[2026.01.07-14.12.03:344][  0]LogConfig: Setting CVar [[r.CapsuleShadows:1]]
[2026.01.07-14.12.03:344][  0]LogConfig: Applying CVar settings from Section [PostProcessQuality@3] File [D:/rejp/ripositor/ligma_3rd_person/Saved/Config/Windows/Scalability.ini]
[2026.01.07-14.12.03:344][  0]LogConfig: Setting CVar [[r.MotionBlurQuality:4]]
[2026.01.07-14.12.03:345][  0]LogConfig: Setting CVar [[r.AmbientOcclusionMipLevelFactor:0.4]]
[2026.01.07-14.12.03:345][  0]LogConfig: Setting CVar [[r.AmbientOcclusionMaxQuality:100]]
[2026.01.07-14.12.03:345][  0]LogConfig: Setting CVar [[r.AmbientOcclusionLevels:-1]]
[2026.01.07-14.12.03:345][  0]LogConfig: Setting CVar [[r.AmbientOcclusionRadiusScale:1.0]]
[2026.01.07-14.12.03:345][  0]LogConfig: Setting CVar [[r.DepthOfFieldQuality:2]]
[2026.01.07-14.12.03:345][  0]LogConfig: Setting CVar [[r.RenderTargetPoolMin:400]]
[2026.01.07-14.12.03:345][  0]LogConfig: Setting CVar [[r.LensFlareQuality:2]]
[2026.01.07-14.12.03:345][  0]LogConfig: Setting CVar [[r.SceneColorFringeQuality:1]]
[2026.01.07-14.12.03:345][  0]LogConfig: Setting CVar [[r.EyeAdaptationQuality:2]]
[2026.01.07-14.12.03:345][  0]LogConfig: Setting CVar [[r.BloomQuality:5]]
[2026.01.07-14.12.03:345][  0]LogConfig: Setting CVar [[r.FastBlurThreshold:100]]
[2026.01.07-14.12.03:345][  0]LogConfig: Setting CVar [[r.Upscale.Quality:3]]
[2026.01.07-14.12.03:345][  0]LogConfig: Setting CVar [[r.Tonemapper.GrainQuantization:1]]
[2026.01.07-14.12.03:345][  0]LogConfig: Setting CVar [[r.LightShaftQuality:1]]
[2026.01.07-14.12.03:345][  0]LogConfig: Setting CVar [[r.Filter.SizeScale:1]]
[2026.01.07-14.12.03:345][  0]LogConfig: Setting CVar [[r.Tonemapper.Quality:5]]
[2026.01.07-14.12.03:345][  0]LogConfig: Setting CVar [[r.DOF.Gather.AccumulatorQuality:1        ; higher gathering accumulator quality]]
[2026.01.07-14.12.03:345][  0]LogConfig: Setting CVar [[r.DOF.Gather.PostfilterMethod:1          ; Median3x3 postfilering method]]
[2026.01.07-14.12.03:345][  0]LogConfig: Setting CVar [[r.DOF.Gather.EnableBokehSettings:0       ; no bokeh simulation when gathering]]
[2026.01.07-14.12.03:345][  0]LogConfig: Setting CVar [[r.DOF.Gather.RingCount:4                 ; medium number of samples when gathering]]
[2026.01.07-14.12.03:345][  0]LogConfig: Setting CVar [[r.DOF.Scatter.ForegroundCompositing:1    ; additive foreground scattering]]
[2026.01.07-14.12.03:345][  0]LogConfig: Setting CVar [[r.DOF.Scatter.BackgroundCompositing:2    ; additive background scattering]]
[2026.01.07-14.12.03:345][  0]LogConfig: Setting CVar [[r.DOF.Scatter.EnableBokehSettings:1      ; bokeh simulation when scattering]]
[2026.01.07-14.12.03:345][  0]LogConfig: Setting CVar [[r.DOF.Scatter.MaxSpriteRatio:0.1         ; only a maximum of 10% of scattered bokeh]]
[2026.01.07-14.12.03:345][  0]LogConfig: Setting CVar [[r.DOF.Recombine.Quality:1                ; cheap slight out of focus]]
[2026.01.07-14.12.03:345][  0]LogConfig: Setting CVar [[r.DOF.Recombine.EnableBokehSettings:0    ; no bokeh simulation on slight out of focus]]
[2026.01.07-14.12.03:345][  0]LogConfig: Setting CVar [[r.DOF.TemporalAAQuality:1                ; more stable temporal accumulation]]
[2026.01.07-14.12.03:345][  0]LogConfig: Setting CVar [[r.DOF.Kernel.MaxForegroundRadius:0.025]]
[2026.01.07-14.12.03:345][  0]LogConfig: Setting CVar [[r.DOF.Kernel.MaxBackgroundRadius:0.025]]
[2026.01.07-14.12.03:345][  0]LogConfig: Applying CVar settings from Section [TextureQuality@3] File [D:/rejp/ripositor/ligma_3rd_person/Saved/Config/Windows/Scalability.ini]
[2026.01.07-14.12.03:345][  0]LogConfig: Setting CVar [[r.Streaming.MipBias:0]]
[2026.01.07-14.12.03:345][  0]LogConfig: Setting CVar [[r.Streaming.AmortizeCPUToGPUCopy:0]]
[2026.01.07-14.12.03:345][  0]LogConfig: Setting CVar [[r.Streaming.MaxNumTexturesToStreamPerFrame:0]]
[2026.01.07-14.12.03:345][  0]LogConfig: Setting CVar [[r.Streaming.Boost:1]]
[2026.01.07-14.12.03:345][  0]LogConfig: Setting CVar [[r.MaxAnisotropy:8]]
[2026.01.07-14.12.03:345][  0]LogConfig: Setting CVar [[r.VT.MaxAnisotropy:8]]
[2026.01.07-14.12.03:345][  0]LogConfig: Setting CVar [[r.Streaming.LimitPoolSizeToVRAM:0]]
[2026.01.07-14.12.03:345][  0]LogConfig: Setting CVar [[r.Streaming.PoolSize:1000]]
[2026.01.07-14.12.03:345][  0]LogConfig: Setting CVar [[r.Streaming.MaxEffectiveScreenSize:0]]
[2026.01.07-14.12.03:345][  0]LogConfig: Applying CVar settings from Section [EffectsQuality@3] File [D:/rejp/ripositor/ligma_3rd_person/Saved/Config/Windows/Scalability.ini]
[2026.01.07-14.12.03:345][  0]LogConfig: Setting CVar [[r.TranslucencyLightingVolumeDim:64]]
[2026.01.07-14.12.03:345][  0]LogConfig: Setting CVar [[r.RefractionQuality:2]]
[2026.01.07-14.12.03:345][  0]LogConfig: Setting CVar [[r.SSR.Quality:3]]
[2026.01.07-14.12.03:345][  0]LogConfig: Setting CVar [[r.SSR.HalfResSceneColor:0]]
[2026.01.07-14.12.03:345][  0]LogConfig: Setting CVar [[r.SceneColorFormat:4]]
[2026.01.07-14.12.03:345][  0]LogConfig: Setting CVar [[r.DetailMode:2]]
[2026.01.07-14.12.03:345][  0]LogConfig: Setting CVar [[r.TranslucencyVolumeBlur:1]]
[2026.01.07-14.12.03:345][  0]LogConfig: Setting CVar [[r.MaterialQualityLevel:1 ; High quality]]
[2026.01.07-14.12.03:345][  0]LogConfig: Setting CVar [[r.AnisotropicMaterials:1]]
[2026.01.07-14.12.03:345][  0]LogConfig: Setting CVar [[r.SSS.Scale:1]]
[2026.01.07-14.12.03:345][  0]LogConfig: Setting CVar [[r.SSS.SampleSet:2]]
[2026.01.07-14.12.03:345][  0]LogConfig: Setting CVar [[r.SSS.Quality:1]]
[2026.01.07-14.12.03:345][  0]LogConfig: Setting CVar [[r.SSS.HalfRes:0]]
[2026.01.07-14.12.03:345][  0]LogConfig: Setting CVar [[r.SSGI.Quality:3]]
[2026.01.07-14.12.03:345][  0]LogConfig: Setting CVar [[r.EmitterSpawnRateScale:1.0]]
[2026.01.07-14.12.03:345][  0]LogConfig: Setting CVar [[r.ParticleLightQuality:2]]
[2026.01.07-14.12.03:345][  0]LogConfig: Setting CVar [[r.SkyAtmosphere.AerialPerspectiveLUT.FastApplyOnOpaque:1 ; Always have FastSkyLUT 1 in this case to avoid wrong sky]]
[2026.01.07-14.12.03:345][  0]LogConfig: Setting CVar [[r.SkyAtmosphere.AerialPerspectiveLUT.SampleCountMaxPerSlice:4]]
[2026.01.07-14.12.03:345][  0]LogConfig: Setting CVar [[r.SkyAtmosphere.AerialPerspectiveLUT.DepthResolution:16.0]]
[2026.01.07-14.12.03:345][  0]LogConfig: Setting CVar [[r.SkyAtmosphere.FastSkyLUT:1]]
[2026.01.07-14.12.03:345][  0]LogConfig: Setting CVar [[r.SkyAtmosphere.FastSkyLUT.SampleCountMin:4.0]]
[2026.01.07-14.12.03:345][  0]LogConfig: Setting CVar [[r.SkyAtmosphere.FastSkyLUT.SampleCountMax:128.0]]
[2026.01.07-14.12.03:345][  0]LogConfig: Setting CVar [[r.SkyAtmosphere.SampleCountMin:4.0]]
[2026.01.07-14.12.03:345][  0]LogConfig: Setting CVar [[r.SkyAtmosphere.SampleCountMax:128.0]]
[2026.01.07-14.12.03:345][  0]LogConfig: Setting CVar [[r.SkyAtmosphere.TransmittanceLUT.UseSmallFormat:0]]
[2026.01.07-14.12.03:345][  0]LogConfig: Setting CVar [[r.SkyAtmosphere.TransmittanceLUT.SampleCount:10.0]]
[2026.01.07-14.12.03:345][  0]LogConfig: Setting CVar [[r.SkyAtmosphere.MultiScatteringLUT.SampleCount:15.0]]
[2026.01.07-14.12.03:345][  0]LogConfig: Setting CVar [[r.SkyLight.RealTimeReflectionCapture:1]]
[2026.01.07-14.12.03:345][  0]LogConfig: Applying CVar settings from Section [FoliageQuality@3] File [D:/rejp/ripositor/ligma_3rd_person/Saved/Config/Windows/Scalability.ini]
[2026.01.07-14.12.03:345][  0]LogConfig: Setting CVar [[foliage.DensityScale:1.0]]
[2026.01.07-14.12.03:345][  0]LogConfig: Setting CVar [[grass.DensityScale:1.0]]
[2026.01.07-14.12.03:345][  0]LogConfig: Applying CVar settings from Section [ShadingQuality@3] File [D:/rejp/ripositor/ligma_3rd_person/Saved/Config/Windows/Scalability.ini]
[2026.01.07-14.12.03:345][  0]LogConfig: Setting CVar [[r.HairStrands.SkyLighting.IntegrationType:2]]
[2026.01.07-14.12.03:345][  0]LogConfig: Setting CVar [[r.HairStrands.SkyAO.SampleCount:4]]
[2026.01.07-14.12.03:345][  0]LogConfig: Setting CVar [[r.HairStrands.Visibility.MSAA.SamplePerPixel:4]]
[2026.01.07-14.12.03:345][  0]LogInit: Selected Device Profile: [Windows]
[2026.01.07-14.12.03:345][  0]LogInit: Applying CVar settings loaded from the selected device profile: [Windows]
[2026.01.07-14.12.03:345][  0]LogHAL: Display: Platform has ~ 32 GB [34188464128 / 34359738368 / 32], which maps to Largest [LargestMinGB=32, LargerMinGB=12, DefaultMinGB=8, SmallerMinGB=6, SmallestMinGB=0)
[2026.01.07-14.12.03:345][  0]LogInit: Going up to parent DeviceProfile []
[2026.01.07-14.12.03:345][  0]LogConfig: Applying CVar settings from Section [ViewDistanceQuality@3] File [D:/rejp/ripositor/ligma_3rd_person/Saved/Config/Windows/Scalability.ini]
[2026.01.07-14.12.03:345][  0]LogConfig: Setting CVar [[r.SkeletalMeshLODBias:0]]
[2026.01.07-14.12.03:345][  0]LogConfig: Setting CVar [[r.ViewDistanceScale:1.0]]
[2026.01.07-14.12.03:345][  0]LogConfig: Applying CVar settings from Section [AntiAliasingQuality@3] File [D:/rejp/ripositor/ligma_3rd_person/Saved/Config/Windows/Scalability.ini]
[2026.01.07-14.12.03:345][  0]LogConfig: Setting CVar [[r.PostProcessAAQuality:4]]
[2026.01.07-14.12.03:345][  0]LogConfig: Applying CVar settings from Section [ShadowQuality@3] File [D:/rejp/ripositor/ligma_3rd_person/Saved/Config/Windows/Scalability.ini]
[2026.01.07-14.12.03:345][  0]LogConfig: Setting CVar [[r.LightFunctionQuality:1]]
[2026.01.07-14.12.03:345][  0]LogConfig: Setting CVar [[r.ShadowQuality:5]]
[2026.01.07-14.12.03:345][  0]LogConfig: Setting CVar [[r.Shadow.CSM.MaxCascades:10]]
[2026.01.07-14.12.03:345][  0]LogConfig: Setting CVar [[r.Shadow.MaxResolution:2048]]
[2026.01.07-14.12.03:345][  0]LogConfig: Setting CVar [[r.Shadow.MaxCSMResolution:2048]]
[2026.01.07-14.12.03:345][  0]LogConfig: Setting CVar [[r.Shadow.RadiusThreshold:0.01]]
[2026.01.07-14.12.03:345][  0]LogConfig: Setting CVar [[r.Shadow.DistanceScale:1.0]]
[2026.01.07-14.12.03:345][  0]LogConfig: Setting CVar [[r.Shadow.CSM.TransitionScale:1.0]]
[2026.01.07-14.12.03:345][  0]LogConfig: Setting CVar [[r.Shadow.PreShadowResolutionFactor:1.0]]
[2026.01.07-14.12.03:345][  0]LogConfig: Setting CVar [[r.DistanceFieldShadowing:1]]
[2026.01.07-14.12.03:345][  0]LogConfig: Setting CVar [[r.DistanceFieldAO:1]]
[2026.01.07-14.12.03:345][  0]LogConfig: Setting CVar [[r.AOQuality:2]]
[2026.01.07-14.12.03:345][  0]LogConfig: Setting CVar [[r.VolumetricFog:1]]
[2026.01.07-14.12.03:345][  0]LogConfig: Setting CVar [[r.VolumetricFog.GridPixelSize:8]]
[2026.01.07-14.12.03:345][  0]LogConfig: Setting CVar [[r.VolumetricFog.GridSizeZ:128]]
[2026.01.07-14.12.03:345][  0]LogConfig: Setting CVar [[r.VolumetricFog.HistoryMissSupersampleCount:4]]
[2026.01.07-14.12.03:345][  0]LogConfig: Setting CVar [[r.LightMaxDrawDistanceScale:1]]
[2026.01.07-14.12.03:345][  0]LogConfig: Setting CVar [[r.CapsuleShadows:1]]
[2026.01.07-14.12.03:345][  0]LogConfig: Applying CVar settings from Section [PostProcessQuality@3] File [D:/rejp/ripositor/ligma_3rd_person/Saved/Config/Windows/Scalability.ini]
[2026.01.07-14.12.03:345][  0]LogConfig: Setting CVar [[r.MotionBlurQuality:4]]
[2026.01.07-14.12.03:345][  0]LogConfig: Setting CVar [[r.AmbientOcclusionMipLevelFactor:0.4]]
[2026.01.07-14.12.03:345][  0]LogConfig: Setting CVar [[r.AmbientOcclusionMaxQuality:100]]
[2026.01.07-14.12.03:345][  0]LogConfig: Setting CVar [[r.AmbientOcclusionLevels:-1]]
[2026.01.07-14.12.03:345][  0]LogConfig: Setting CVar [[r.AmbientOcclusionRadiusScale:1.0]]
[2026.01.07-14.12.03:345][  0]LogConfig: Setting CVar [[r.DepthOfFieldQuality:2]]
[2026.01.07-14.12.03:345][  0]LogConfig: Setting CVar [[r.RenderTargetPoolMin:400]]
[2026.01.07-14.12.03:345][  0]LogConfig: Setting CVar [[r.LensFlareQuality:2]]
[2026.01.07-14.12.03:345][  0]LogConfig: Setting CVar [[r.SceneColorFringeQuality:1]]
[2026.01.07-14.12.03:345][  0]LogConfig: Setting CVar [[r.EyeAdaptationQuality:2]]
[2026.01.07-14.12.03:345][  0]LogConfig: Setting CVar [[r.BloomQuality:5]]
[2026.01.07-14.12.03:345][  0]LogConfig: Setting CVar [[r.FastBlurThreshold:100]]
[2026.01.07-14.12.03:345][  0]LogConfig: Setting CVar [[r.Upscale.Quality:3]]
[2026.01.07-14.12.03:345][  0]LogConfig: Setting CVar [[r.Tonemapper.GrainQuantization:1]]
[2026.01.07-14.12.03:345][  0]LogConfig: Setting CVar [[r.LightShaftQuality:1]]
[2026.01.07-14.12.03:345][  0]LogConfig: Setting CVar [[r.Filter.SizeScale:1]]
[2026.01.07-14.12.03:345][  0]LogConfig: Setting CVar [[r.Tonemapper.Quality:5]]
[2026.01.07-14.12.03:345][  0]LogConfig: Setting CVar [[r.DOF.Gather.AccumulatorQuality:1        ; higher gathering accumulator quality]]
[2026.01.07-14.12.03:345][  0]LogConfig: Setting CVar [[r.DOF.Gather.PostfilterMethod:1          ; Median3x3 postfilering method]]
[2026.01.07-14.12.03:345][  0]LogConfig: Setting CVar [[r.DOF.Gather.EnableBokehSettings:0       ; no bokeh simulation when gathering]]
[2026.01.07-14.12.03:346][  0]LogConfig: Setting CVar [[r.DOF.Gather.RingCount:4                 ; medium number of samples when gathering]]
[2026.01.07-14.12.03:346][  0]LogConfig: Setting CVar [[r.DOF.Scatter.ForegroundCompositing:1    ; additive foreground scattering]]
[2026.01.07-14.12.03:346][  0]LogConfig: Setting CVar [[r.DOF.Scatter.BackgroundCompositing:2    ; additive background scattering]]
[2026.01.07-14.12.03:346][  0]LogConfig: Setting CVar [[r.DOF.Scatter.EnableBokehSettings:1      ; bokeh simulation when scattering]]
[2026.01.07-14.12.03:346][  0]LogConfig: Setting CVar [[r.DOF.Scatter.MaxSpriteRatio:0.1         ; only a maximum of 10% of scattered bokeh]]
[2026.01.07-14.12.03:346][  0]LogConfig: Setting CVar [[r.DOF.Recombine.Quality:1                ; cheap slight out of focus]]
[2026.01.07-14.12.03:346][  0]LogConfig: Setting CVar [[r.DOF.Recombine.EnableBokehSettings:0    ; no bokeh simulation on slight out of focus]]
[2026.01.07-14.12.03:346][  0]LogConfig: Setting CVar [[r.DOF.TemporalAAQuality:1                ; more stable temporal accumulation]]
[2026.01.07-14.12.03:346][  0]LogConfig: Setting CVar [[r.DOF.Kernel.MaxForegroundRadius:0.025]]
[2026.01.07-14.12.03:346][  0]LogConfig: Setting CVar [[r.DOF.Kernel.MaxBackgroundRadius:0.025]]
[2026.01.07-14.12.03:346][  0]LogConfig: Applying CVar settings from Section [TextureQuality@3] File [D:/rejp/ripositor/ligma_3rd_person/Saved/Config/Windows/Scalability.ini]
[2026.01.07-14.12.03:346][  0]LogConfig: Setting CVar [[r.Streaming.MipBias:0]]
[2026.01.07-14.12.03:346][  0]LogConfig: Setting CVar [[r.Streaming.AmortizeCPUToGPUCopy:0]]
[2026.01.07-14.12.03:346][  0]LogConfig: Setting CVar [[r.Streaming.MaxNumTexturesToStreamPerFrame:0]]
[2026.01.07-14.12.03:346][  0]LogConfig: Setting CVar [[r.Streaming.Boost:1]]
[2026.01.07-14.12.03:346][  0]LogConfig: Setting CVar [[r.MaxAnisotropy:8]]
[2026.01.07-14.12.03:346][  0]LogConfig: Setting CVar [[r.VT.MaxAnisotropy:8]]
[2026.01.07-14.12.03:346][  0]LogConfig: Setting CVar [[r.Streaming.LimitPoolSizeToVRAM:0]]
[2026.01.07-14.12.03:346][  0]LogConfig: Setting CVar [[r.Streaming.PoolSize:1000]]
[2026.01.07-14.12.03:346][  0]LogConfig: Setting CVar [[r.Streaming.MaxEffectiveScreenSize:0]]
[2026.01.07-14.12.03:346][  0]LogConfig: Applying CVar settings from Section [EffectsQuality@3] File [D:/rejp/ripositor/ligma_3rd_person/Saved/Config/Windows/Scalability.ini]
[2026.01.07-14.12.03:346][  0]LogConfig: Setting CVar [[r.TranslucencyLightingVolumeDim:64]]
[2026.01.07-14.12.03:346][  0]LogConfig: Setting CVar [[r.RefractionQuality:2]]
[2026.01.07-14.12.03:346][  0]LogConfig: Setting CVar [[r.SSR.Quality:3]]
[2026.01.07-14.12.03:346][  0]LogConfig: Setting CVar [[r.SSR.HalfResSceneColor:0]]
[2026.01.07-14.12.03:346][  0]LogConfig: Setting CVar [[r.SceneColorFormat:4]]
[2026.01.07-14.12.03:346][  0]LogConfig: Setting CVar [[r.DetailMode:2]]
[2026.01.07-14.12.03:346][  0]LogConfig: Setting CVar [[r.TranslucencyVolumeBlur:1]]
[2026.01.07-14.12.03:346][  0]LogConfig: Setting CVar [[r.MaterialQualityLevel:1 ; High quality]]
[2026.01.07-14.12.03:346][  0]LogConfig: Setting CVar [[r.AnisotropicMaterials:1]]
[2026.01.07-14.12.03:346][  0]LogConfig: Setting CVar [[r.SSS.Scale:1]]
[2026.01.07-14.12.03:346][  0]LogConfig: Setting CVar [[r.SSS.SampleSet:2]]
[2026.01.07-14.12.03:346][  0]LogConfig: Setting CVar [[r.SSS.Quality:1]]
[2026.01.07-14.12.03:346][  0]LogConfig: Setting CVar [[r.SSS.HalfRes:0]]
[2026.01.07-14.12.03:346][  0]LogConfig: Setting CVar [[r.SSGI.Quality:3]]
[2026.01.07-14.12.03:346][  0]LogConfig: Setting CVar [[r.EmitterSpawnRateScale:1.0]]
[2026.01.07-14.12.03:346][  0]LogConfig: Setting CVar [[r.ParticleLightQuality:2]]
[2026.01.07-14.12.03:346][  0]LogConfig: Setting CVar [[r.SkyAtmosphere.AerialPerspectiveLUT.FastApplyOnOpaque:1 ; Always have FastSkyLUT 1 in this case to avoid wrong sky]]
[2026.01.07-14.12.03:346][  0]LogConfig: Setting CVar [[r.SkyAtmosphere.AerialPerspectiveLUT.SampleCountMaxPerSlice:4]]
[2026.01.07-14.12.03:346][  0]LogConfig: Setting CVar [[r.SkyAtmosphere.AerialPerspectiveLUT.DepthResolution:16.0]]
[2026.01.07-14.12.03:346][  0]LogConfig: Setting CVar [[r.SkyAtmosphere.FastSkyLUT:1]]
[2026.01.07-14.12.03:346][  0]LogConfig: Setting CVar [[r.SkyAtmosphere.FastSkyLUT.SampleCountMin:4.0]]
[2026.01.07-14.12.03:346][  0]LogConfig: Setting CVar [[r.SkyAtmosphere.FastSkyLUT.SampleCountMax:128.0]]
[2026.01.07-14.12.03:346][  0]LogConfig: Setting CVar [[r.SkyAtmosphere.SampleCountMin:4.0]]
[2026.01.07-14.12.03:346][  0]LogConfig: Setting CVar [[r.SkyAtmosphere.SampleCountMax:128.0]]
[2026.01.07-14.12.03:346][  0]LogConfig: Setting CVar [[r.SkyAtmosphere.TransmittanceLUT.UseSmallFormat:0]]
[2026.01.07-14.12.03:346][  0]LogConfig: Setting CVar [[r.SkyAtmosphere.TransmittanceLUT.SampleCount:10.0]]
[2026.01.07-14.12.03:346][  0]LogConfig: Setting CVar [[r.SkyAtmosphere.MultiScatteringLUT.SampleCount:15.0]]
[2026.01.07-14.12.03:346][  0]LogConfig: Setting CVar [[r.SkyLight.RealTimeReflectionCapture:1]]
[2026.01.07-14.12.03:346][  0]LogConfig: Applying CVar settings from Section [FoliageQuality@3] File [D:/rejp/ripositor/ligma_3rd_person/Saved/Config/Windows/Scalability.ini]
[2026.01.07-14.12.03:346][  0]LogConfig: Setting CVar [[foliage.DensityScale:1.0]]
[2026.01.07-14.12.03:346][  0]LogConfig: Setting CVar [[grass.DensityScale:1.0]]
[2026.01.07-14.12.03:346][  0]LogConfig: Applying CVar settings from Section [ShadingQuality@3] File [D:/rejp/ripositor/ligma_3rd_person/Saved/Config/Windows/Scalability.ini]
[2026.01.07-14.12.03:346][  0]LogConfig: Setting CVar [[r.HairStrands.SkyLighting.IntegrationType:2]]
[2026.01.07-14.12.03:346][  0]LogConfig: Setting CVar [[r.HairStrands.SkyAO.SampleCount:4]]
[2026.01.07-14.12.03:346][  0]LogConfig: Setting CVar [[r.HairStrands.Visibility.MSAA.SamplePerPixel:4]]
[2026.01.07-14.12.03:346][  0]LogConfig: Applying CVar settings from Section [Startup] File [../../../Engine/Config/ConsoleVariables.ini]
[2026.01.07-14.12.03:346][  0]LogConfig: Setting CVar [[net.UseAdaptiveNetUpdateFrequency:0]]
[2026.01.07-14.12.03:346][  0]LogConfig: Setting CVar [[p.chaos.AllowCreatePhysxBodies:1]]
[2026.01.07-14.12.03:346][  0]LogConfig: Setting CVar [[fx.SkipVectorVMBackendOptimizations:1]]
[2026.01.07-14.12.03:346][  0]LogConfig: Applying CVar settings from Section [ConsoleVariables] File [D:/rejp/ripositor/ligma_3rd_person/Saved/Config/Windows/Engine.ini]
[2026.01.07-14.12.03:346][  0]LogConfig: Applying CVar settings from Section [ConsoleVariables] File [D:/rejp/ripositor/ligma_3rd_person/Saved/Config/Windows/Editor.ini]
[2026.01.07-14.12.03:346][  0]LogInit: Computer: PC070121BIEL
[2026.01.07-14.12.03:346][  0]LogInit: User: uczen
[2026.01.07-14.12.03:346][  0]LogInit: CPU Page size=4096, Cores=6
[2026.01.07-14.12.03:346][  0]LogInit: High frequency timer resolution =10.000000 MHz
[2026.01.07-14.12.03:346][  0]LogMemory: Memory total: Physical=31.8GB (32GB approx)
[2026.01.07-14.12.03:346][  0]LogMemory: Platform Memory Stats for Windows
[2026.01.07-14.12.03:346][  0]LogMemory: Process Physical Memory: 144.39 MB used, 144.39 MB peak
[2026.01.07-14.12.03:346][  0]LogMemory: Process Virtual Memory: 129.72 MB used, 129.72 MB peak
[2026.01.07-14.12.03:346][  0]LogMemory: Physical Memory: 6635.38 MB used,  25969.28 MB free, 32604.66 MB total
[2026.01.07-14.12.03:346][  0]LogMemory: Virtual Memory: 134187992.00 MB used,  29736.34 MB free, 134217728.00 MB total
[2026.01.07-14.12.03:349][  0]LogWindows: WindowsPlatformFeatures enabled
[2026.01.07-14.12.03:361][  0]LogInit: Physics initialised using underlying interface: PhysX
[2026.01.07-14.12.03:361][  0]LogInit: Using OS detected language (pl-PL).
[2026.01.07-14.12.03:361][  0]LogInit: Using OS detected locale (pl-PL).
[2026.01.07-14.12.03:362][  0]LogTextLocalizationManager: No specific localization for 'pl-PL' exists, so the 'pl' localization will be used.
[2026.01.07-14.12.03:362][  0]LogTextLocalizationResource: LocRes '../../../Engine/Content/Localization/Editor/pl/Editor.locres' could not be opened for reading!
[2026.01.07-14.12.03:362][  0]LogTextLocalizationResource: LocRes '../../../Engine/Content/Localization/EditorTutorials/pl/EditorTutorials.locres' could not be opened for reading!
[2026.01.07-14.12.03:362][  0]LogTextLocalizationResource: LocRes '../../../Engine/Content/Localization/Keywords/pl/Keywords.locres' could not be opened for reading!
[2026.01.07-14.12.03:362][  0]LogTextLocalizationResource: LocRes '../../../Engine/Content/Localization/Category/pl/Category.locres' could not be opened for reading!
[2026.01.07-14.12.03:362][  0]LogTextLocalizationResource: LocRes '../../../Engine/Content/Localization/ToolTips/pl/ToolTips.locres' could not be opened for reading!
[2026.01.07-14.12.03:362][  0]LogTextLocalizationResource: LocRes '../../../Engine/Content/Localization/PropertyNames/pl/PropertyNames.locres' could not be opened for reading!
[2026.01.07-14.12.03:362][  0]LogTextLocalizationResource: LocRes '../../../Engine/Content/Localization/Engine/pl/Engine.locres' could not be opened for reading!
[2026.01.07-14.12.03:363][  0]LogInit: Setting process to per monitor DPI aware
[2026.01.07-14.12.03:369][  0]LogWindowsTextInputMethodSystem: Display: IME system deactivated.
[2026.01.07-14.12.03:386][  0]LogSlate: New Slate User Created.  User Index 0, Is Virtual User: 0
[2026.01.07-14.12.03:386][  0]LogSlate: Slate User Registered.  User Index 0, Is Virtual User: 0
[2026.01.07-14.12.03:449][  0]LogD3D11RHI: Loaded GFSDK_Aftermath_Lib.x64.dll
[2026.01.07-14.12.03:451][  0]LogHMD: Failed to initialize OpenVR with code 110
[2026.01.07-14.12.03:451][  0]LogD3D11RHI: D3D11 min allowed feature level: 11_0
[2026.01.07-14.12.03:451][  0]LogD3D11RHI: D3D11 max allowed feature level: 11_0
[2026.01.07-14.12.03:451][  0]LogD3D11RHI: D3D11 adapters:
[2026.01.07-14.12.03:572][  0]LogD3D11RHI:    0. 'NVIDIA GeForce RTX 4060' (Feature Level 11_0)
[2026.01.07-14.12.03:572][  0]LogD3D11RHI:       7957/0/16302 MB DedicatedVideo/DedicatedSystem/SharedSystem, Outputs:1, VendorId:0x10de
[2026.01.07-14.12.03:574][  0]LogD3D11RHI:    1. 'Microsoft Basic Render Driver' (Feature Level 11_0)
[2026.01.07-14.12.03:574][  0]LogD3D11RHI:       0/0/16302 MB DedicatedVideo/DedicatedSystem/SharedSystem, Outputs:0, VendorId:0x1414
[2026.01.07-14.12.03:574][  0]LogD3D11RHI: Chosen D3D11 Adapter:
[2026.01.07-14.12.03:574][  0]LogD3D11RHI:     Description : NVIDIA GeForce RTX 4060
[2026.01.07-14.12.03:574][  0]LogD3D11RHI:     VendorId    : 10de
[2026.01.07-14.12.03:574][  0]LogD3D11RHI:     DeviceId    : 2882
[2026.01.07-14.12.03:574][  0]LogD3D11RHI:     SubSysId    : 51611462
[2026.01.07-14.12.03:574][  0]LogD3D11RHI:     Revision    : 00a1
[2026.01.07-14.12.03:574][  0]LogD3D11RHI:     DedicatedVideoMemory : 8343519232 bytes
[2026.01.07-14.12.03:574][  0]LogD3D11RHI:     DedicatedSystemMemory : 0 bytes
[2026.01.07-14.12.03:574][  0]LogD3D11RHI:     SharedSystemMemory : 17094232064 bytes
[2026.01.07-14.12.03:574][  0]LogD3D11RHI:     AdapterLuid : 0 42474
[2026.01.07-14.12.03:577][  0]LogD3D11RHI: Creating new Direct3DDevice
[2026.01.07-14.12.03:577][  0]LogD3D11RHI:     GPU DeviceId: 0x2882 (for the marketing name, search the web for "GPU Device Id")
[2026.01.07-14.12.03:577][  0]LogWindows: EnumDisplayDevices:
[2026.01.07-14.12.03:577][  0]LogWindows:    0. 'NVIDIA GeForce RTX 4060' (P:1 D:1)
[2026.01.07-14.12.03:578][  0]LogWindows:    1. 'NVIDIA GeForce RTX 4060' (P:0 D:0)
[2026.01.07-14.12.03:578][  0]LogWindows:    2. 'NVIDIA GeForce RTX 4060' (P:0 D:0)
[2026.01.07-14.12.03:578][  0]LogWindows:    3. 'NVIDIA GeForce RTX 4060' (P:0 D:0)
[2026.01.07-14.12.03:578][  0]LogWindows: DebugString: FoundDriverCount:4 
[2026.01.07-14.12.03:578][  0]LogD3D11RHI:     Adapter Name: NVIDIA GeForce RTX 4060
[2026.01.07-14.12.03:578][  0]LogD3D11RHI:   Driver Version: 560.94 (internal:32.0.15.6094, unified:560.94)
[2026.01.07-14.12.03:578][  0]LogD3D11RHI:      Driver Date: 8-14-2024
[2026.01.07-14.12.03:578][  0]LogRHI: Texture pool is 5569 MB (70% of 7957 MB)
[2026.01.07-14.12.03:578][  0]LogD3D11RHI: Creating D3DDevice using adapter:
[2026.01.07-14.12.03:578][  0]LogD3D11RHI:     Description : NVIDIA GeForce RTX 4060
[2026.01.07-14.12.03:578][  0]LogD3D11RHI:     VendorId    : 10de
[2026.01.07-14.12.03:578][  0]LogD3D11RHI:     DeviceId    : 2882
[2026.01.07-14.12.03:578][  0]LogD3D11RHI:     SubSysId    : 51611462
[2026.01.07-14.12.03:578][  0]LogD3D11RHI:     Revision    : 00a1
[2026.01.07-14.12.03:578][  0]LogD3D11RHI:     DedicatedVideoMemory : 8343519232 bytes
[2026.01.07-14.12.03:578][  0]LogD3D11RHI:     DedicatedSystemMemory : 0 bytes
[2026.01.07-14.12.03:578][  0]LogD3D11RHI:     SharedSystemMemory : 17094232064 bytes
[2026.01.07-14.12.03:578][  0]LogD3D11RHI:     AdapterLuid : 0 42474
[2026.01.07-14.12.03:658][  0]LogD3D11RHI: RHI has support for 64 bit atomics
[2026.01.07-14.12.03:658][  0]LogD3D11RHI: Async texture creation enabled
[2026.01.07-14.12.03:658][  0]LogD3D11RHI: Array index from any shader is supported
[2026.01.07-14.12.03:668][  0]LogD3D11RHI: GPU Timing Frequency: 1000.000000 (Debug: 2 1)
[2026.01.07-14.12.03:683][  0]LogRHI: GeForceNow SDK initialized: 1
[2026.01.07-14.12.03:877][  0]LogTargetPlatformManager: Display: Loaded TargetPlatform 'AllDesktop'
[2026.01.07-14.12.03:890][  0]LogTargetPlatformManager: Display: Loaded TargetPlatform 'Android'
[2026.01.07-14.12.03:890][  0]LogTargetPlatformManager: Display: Loaded TargetPlatform 'Android_ASTC'
[2026.01.07-14.12.03:890][  0]LogTargetPlatformManager: Display: Loaded TargetPlatform 'Android_DXT'
[2026.01.07-14.12.03:890][  0]LogTargetPlatformManager: Display: Loaded TargetPlatform 'Android_ETC2'
[2026.01.07-14.12.03:890][  0]LogTargetPlatformManager: Display: Loaded TargetPlatform 'AndroidClient'
[2026.01.07-14.12.03:890][  0]LogTargetPlatformManager: Display: Loaded TargetPlatform 'Android_ASTCClient'
[2026.01.07-14.12.03:890][  0]LogTargetPlatformManager: Display: Loaded TargetPlatform 'Android_DXTClient'
[2026.01.07-14.12.03:890][  0]LogTargetPlatformManager: Display: Loaded TargetPlatform 'Android_ETC2Client'
[2026.01.07-14.12.03:890][  0]LogTargetPlatformManager: Display: Loaded TargetPlatform 'Android_Multi'
[2026.01.07-14.12.03:890][  0]LogTargetPlatformManager: Display: Loaded TargetPlatform 'Android_MultiClient'
[2026.01.07-14.12.03:900][  0]LogTargetPlatformManager: Display: Loaded TargetPlatform 'IOSClient'
[2026.01.07-14.12.03:900][  0]LogTargetPlatformManager: Display: Loaded TargetPlatform 'IOS'
[2026.01.07-14.12.03:906][  0]LogTargetPlatformManager: Display: Loaded TargetPlatform 'Linux'
[2026.01.07-14.12.03:909][  0]LogTargetPlatformManager: Display: Loaded TargetPlatform 'LinuxNoEditor'
[2026.01.07-14.12.03:911][  0]LogTargetPlatformManager: Display: Loaded TargetPlatform 'LinuxClient'
[2026.01.07-14.12.03:914][  0]LogTargetPlatformManager: Display: Loaded TargetPlatform 'LinuxServer'
[2026.01.07-14.12.03:918][  0]LogTargetPlatformManager: Display: Loaded TargetPlatform 'LinuxAArch64NoEditor'
[2026.01.07-14.12.03:921][  0]LogTargetPlatformManager: Display: Loaded TargetPlatform 'LinuxAArch64Client'
[2026.01.07-14.12.03:923][  0]LogTargetPlatformManager: Display: Loaded TargetPlatform 'LinuxAArch64Server'
[2026.01.07-14.12.03:936][  0]LogTargetPlatformManager: Display: Loaded TargetPlatform 'Lumin'
[2026.01.07-14.12.03:937][  0]LogTargetPlatformManager: Display: Loaded TargetPlatform 'LuminClient'
[2026.01.07-14.12.03:941][  0]LogTargetPlatformManager: Display: Loaded TargetPlatform 'MacNoEditor'
[2026.01.07-14.12.03:943][  0]LogTargetPlatformManager: Display: Loaded TargetPlatform 'Mac'
[2026.01.07-14.12.03:946][  0]LogTargetPlatformManager: Display: Loaded TargetPlatform 'MacClient'
[2026.01.07-14.12.03:948][  0]LogTargetPlatformManager: Display: Loaded TargetPlatform 'MacServer'
[2026.01.07-14.12.03:953][  0]LogTargetPlatformManager: Display: Loaded TargetPlatform 'TVOSClient'
[2026.01.07-14.12.03:953][  0]LogTargetPlatformManager: Display: Loaded TargetPlatform 'TVOS'
[2026.01.07-14.12.03:958][  0]LogTargetPlatformManager: Display: Loaded TargetPlatform 'WindowsNoEditor'
[2026.01.07-14.12.03:961][  0]LogTargetPlatformManager: Display: Loaded TargetPlatform 'Windows'
[2026.01.07-14.12.03:963][  0]LogTargetPlatformManager: Display: Loaded TargetPlatform 'WindowsClient'
[2026.01.07-14.12.03:965][  0]LogTargetPlatformManager: Display: Loaded TargetPlatform 'WindowsServer'
[2026.01.07-14.12.03:965][  0]LogTargetPlatformManager: Display: Building Assets For Windows
[2026.01.07-14.12.03:969][  0]LogAudioDebug: Display: Lib vorbis DLL was dynamically loaded.
[2026.01.07-14.12.03:985][  0]LogTextureFormatOodle: Display: Oodle Texture 2.9.0 init RDO Off
[2026.01.07-14.12.04:002][  0]LogRendererCore: Ray tracing is disabled. Reason: r.RayTracing=0.
[2026.01.07-14.12.04:002][  0]LogShaderCompilers: Guid format shader working directory is 12 characters bigger than the processId version (D:/rejp/ripositor/ligma_3rd_person/Intermediate/Shaders/WorkingDirectory/1452/).
[2026.01.07-14.12.04:002][  0]LogShaderCompilers: Cleaned the shader compiler working directory 'C:/Users/uczen/AppData/Local/Temp/UnrealShaderWorkingDir/87B8D155479054B4C42B368344E0189E/'.
[2026.01.07-14.12.04:002][  0]LogXGEController: Cannot use XGE Controller as Incredibuild is not installed on this machine.
[2026.01.07-14.12.04:002][  0]LogShaderCompilers: Cannot use XGE Shader Compiler as Incredibuild is not installed on this machine.
[2026.01.07-14.12.04:002][  0]LogShaderCompilers: Display: Using Local Shader Compiler.
[2026.01.07-14.12.04:522][  0]LogDerivedDataCache: Display: Max Cache Size: 512 MB
[2026.01.07-14.12.04:559][  0]LogDerivedDataCache: Loaded boot cache 0.04s 94MB C:/Users/uczen/AppData/Local/UnrealEngine/4.27/DerivedDataCache/Boot.ddc.
[2026.01.07-14.12.04:559][  0]LogDerivedDataCache: Display: Loaded Boot cache: C:/Users/uczen/AppData/Local/UnrealEngine/4.27/DerivedDataCache/Boot.ddc
[2026.01.07-14.12.04:559][  0]LogDerivedDataCache: FDerivedDataBackendGraph:  Pak pak cache file D:/rejp/ripositor/ligma_3rd_person/DerivedDataCache/DDC.ddp not found, will not use a pak cache.
[2026.01.07-14.12.04:559][  0]LogDerivedDataCache: Unable to find inner node Pak for hierarchical cache Hierarchy.
[2026.01.07-14.12.04:559][  0]LogDerivedDataCache: FDerivedDataBackendGraph:  CompressedPak pak cache file D:/rejp/ripositor/ligma_3rd_person/DerivedDataCache/Compressed.ddp not found, will not use a pak cache.
[2026.01.07-14.12.04:559][  0]LogDerivedDataCache: Unable to find inner node CompressedPak for hierarchical cache Hierarchy.
[2026.01.07-14.12.04:572][  0]LogDerivedDataCache: Display: Pak cache opened for reading ../../../Engine/DerivedDataCache/Compressed.ddp.
[2026.01.07-14.12.04:572][  0]LogDerivedDataCache: FDerivedDataBackendGraph:  EnterprisePak pak cache file ../../../Enterprise/DerivedDataCache/Compressed.ddp not found, will not use a pak cache.
[2026.01.07-14.12.04:572][  0]LogDerivedDataCache: Unable to find inner node EnterprisePak for hierarchical cache Hierarchy.
[2026.01.07-14.12.04:576][  0]LogDerivedDataCache: Speed tests for C:/Users/uczen/AppData/Local/UnrealEngine/Common/DerivedDataCache took 0.00 seconds
[2026.01.07-14.12.04:576][  0]LogDerivedDataCache: Display: Performance to C:/Users/uczen/AppData/Local/UnrealEngine/Common/DerivedDataCache: Latency=0.01ms. RandomReadSpeed=1792.69MBs, RandomWriteSpeed=309.90MBs. Assigned SpeedClass 'Local'
[2026.01.07-14.12.04:577][  0]LogDerivedDataCache: Using Local data cache path C:/Users/uczen/AppData/Local/UnrealEngine/Common/DerivedDataCache: Writable
[2026.01.07-14.12.04:577][  0]LogDerivedDataCache: Shared data cache path not found in *engine.ini, will not use an Shared cache.
[2026.01.07-14.12.04:577][  0]LogDerivedDataCache: Unable to find inner node Shared for hierarchical cache Hierarchy.
[2026.01.07-14.12.04:611][  0]LogSlate: Using FreeType 2.10.0
[2026.01.07-14.12.04:612][  0]LogSlate: SlateFontServices - WITH_FREETYPE: 1, WITH_HARFBUZZ: 1
[2026.01.07-14.12.04:627][  0]LogAssetRegistry: FAssetRegistry took 0.0018 seconds to start up
[2026.01.07-14.12.04:807][  0]LogInit: Selected Device Profile: [Windows]
[2026.01.07-14.12.04:807][  0]LogInit: Active device profile: [000001C718342E00][000001C77F067BC0 49] Windows
[2026.01.07-14.12.04:807][  0]LogInit: Profiles: [000001C718342E00][000001C77F067BC0 49] Windows, [000001C7182F9400][000001C7161EC1C0 49] WindowsNoEditor, [000001C718341400][000001C7161F0340 49] WindowsServer, [000001C7182FA700][000001C7161E8480 49] WindowsClient, [000001C718342600][000001C7161F45C0 49] IOS, [000001C7182F9C00][000001C7161F8700 49] iPadAir, [000001C718341B00][000001C716200880 49] iPadAir2, [000001C71829F700][000001C716208B40 49] IPadPro, [000001C71829F800][000001C716204B80 49] iPadAir3, [000001C718343000][000001C71620CD00 49] iPadAir4, [000001C71829D900][000001C70C3B2E80 49] iPadMini2, [000001C718341200][000001C70C3B7000 49] iPadMini3, [000001C71829FA00][000001C70C3BB180 49] iPadMini4, [000001C718342700][000001C70C3BF300 49] iPadMini5, [000001C7182C3000][000001C70C3C75C0 49] iPhone6, [000001C7182C3100][000001C70C3C3600 49] iPodTouch6, [000001C71829C800][000001C70C3CF8C0 49] iPhone7, [000001C71829C700][000001C70C3CB900 49] iPodTouch7, [000001C7182C1800][000001C70C3D3A80 49] iPhone5S, [000001C71829EF00][000001C70C3D7C00 49] iPhone6Plus, [000001C7182C3400][000001C70C3DA200 49] iPhone6S, [000001C71829D500][000001C70C3DE380 49] iPhone6SPlus, [000001C7182C1600][000001C70C3E2500 49] iPhone7Plus, [000001C71829C300][000001C7161FC640 49] iPhoneSE, [000001C7182C2300][000001C70C3E6780 49] iPhone8, [000001C71829F600][000001C70C3EA8C0 49] iPhone8Plus, [000001C7182C0900][000001C70C3F2A40 49] iPhoneX, [000001C71829E800][000001C70C3F6BC0 49] iPhoneXS, [000001C7182C1700][000001C70C3FAD40 49] iPhoneXSMax, [000001C71829C200][000001C70C3FEEC0 49] iPhoneXR, [000001C7182C3C00][000001C70C403040 49] iPhone11, [000001C71829FC00][000001C70C4071C0 49] iPhone11Pro, [000001C7182C1B00][000001C70C40B340 49] iPhone11ProMax, [000001C71829D200][000001C70C40F4C0 49] iPhoneSE2, [000001C7182C1400][000001C70C413640 49] iPhone12Mini, [000001C71829F500][000001C70C4177C0 49] iPhone12, [000001C7182C0300][000001C70C41B940 49] iPhone12Pro, [000001C71829EB00][000001C70C41FAC0 49] iPhone12ProMax, [000001C7182C3900][000001C70C4220C0 49] iPadPro105, [000001C71829E700][000001C70C426240 49] iPadPro129, [000001C7182C0C00][000001C70C42A3C0 49] iPadPro97, [000001C71829E200][000001C70C42E540 49] iPadPro2_129, [000001C7182C3D00][000001C7175606C0 49] iPad5, [000001C71829D600][000001C70C3EE800 49] iPad6, [000001C7182C2200][000001C717564940 49] iPad7, [000001C71829C100][000001C717568A80 49] iPad8, [000001C7182C3F00][000001C71756CBC0 49] iPadPro11, [000001C71829F300][000001C717574D40 49] iPadPro2_11, [000001C7182C2600][000001C717578EC0 49] iPadPro3_129, [000001C71829DC00][000001C71757D040 49] iPadPro4_129, [000001C7182C1500][000001C7175811C0 49] AppleTV, [000001C71829C900][000001C717585340 49] AppleTV4K, [000001C7182FBD00][000001C7175894C0 49] TVOS, [000001C718389300][000001C71758D640 49] Mac, [000001C7182FBC00][000001C7175917C0 49] MacClient, [000001C718389900][000001C717595940 49] MacNoEditor, [000001C7182FAF00][000001C717599AC0 49] MacServer, [000001C718389200][000001C7175C40C0 49] Linux, [000001C7182FA300][000001C7175F0240 49] LinuxAArch64, [000001C718388500][000001C7175F43C0 49] LinuxNoEditor, [000001C7182F8700][000001C7175F8540 49] LinuxAArch64NoEditor, [000001C718389700][000001C7175FC6C0 49] LinuxClient, [000001C7182FB300][000001C717600840 49] LinuxAArch64Client, [000001C718389400][000001C717570980 49] LinuxServer, [000001C7182FA400][000001C717604AC0 49] LinuxAArch64Server, [000001C718389800][000001C717608C00 49] Android, [000001C7182FBE00][000001C71760CD40 49] Android_Low, [000001C718388E00][000001C717614EC0 49] Android_Mid, [000001C7182FB000][000001C718639040 49] Android_High, [000001C718389B00][000001C71863D1C0 49] Android_Default, [000001C7182FB900][000001C718641340 49] Android_Adreno4xx, [000001C718388100][000001C7186454C0 49] Android_Adreno5xx_Low, [000001C71829DF00][000001C718649640 49] Android_Adreno5xx, [000001C7182C0D00][000001C71864D7C0 49] Android_Adreno6xx, [000001C71829FD00][000001C718651940 49] Android_Adreno6xx_Vulkan, [000001C7182C1F00][000001C718655AC0 49] Android_Mali_T6xx, [000001C71829D300][000001C7186580C0 49] Android_Mali_T7xx, [000001C7182C3300][000001C71865C240 49] Android_Mali_T8xx, [000001C71829D800][000001C7186603C0 49] Android_Mali_G71, [000001C7182C2700][000001C718664540 49] Android_Mali_G72, [000001C71829F900][000001C7186686C0 49] Android_Mali_G72_Vulkan, [000001C7182C2B00][000001C71866C840 49] Android_Mali_G76, [000001C71829CE00][000001C7186709C0 49] Android_Mali_G76_Vulkan, [000001C7182C2500][000001C718674B40 49] Android_Mali_G77, [000001C71829FB00][000001C717610C80 49] Android_Mali_G77_Vulkan, [000001C7182C3200][000001C718678DC0 49] Android_Mali_G78, [000001C71829DB00][000001C71867CF00 49] Android_Mali_G78_Vulkan, [000001C7182C0A00][000001C718685080 49] Android_Mali_G710, [000001C71829C600][000001C718689200 49] Android_Mali_G710_Vulkan, [000001C7182C0600][000001C71868D380 49] Android_Vulkan_SM5, [000001C71829DD00][000001C718691500 49] Android_PowerVR_G6xxx, [000001C7182C1200][000001C718695680 49] Android_PowerVR_GT7xxx, [000001C71829C400][000001C718699800 49] Android_PowerVR_GE8xxx, [000001C718388300][000001C71869D980 49] Android_PowerVR_GM9xxx, [000001C71829CA00][000001C7186A1B00 49] Android_PowerVR_GM9xxx_Vulkan, [000001C718388200][000001C7186A4100 49] Android_TegraK1, [000001C71829EC00][000001C7186A8280 49] Android_Unknown_Vulkan, [000001C718388F00][000001C7186AC400 49] Lumin, [000001C71829E000][000001C7186B0580 49] Lumin_Desktop, [000001C718342C00][000001C7186B4700 49] HoloLens, 
[2026.01.07-14.12.04:942][  0]LogMeshReduction: Using QuadricMeshReduction for automatic static mesh reduction
[2026.01.07-14.12.04:942][  0]LogMeshReduction: Using SimplygonMeshReduction for automatic skeletal mesh reduction
[2026.01.07-14.12.04:942][  0]LogMeshReduction: Using ProxyLODMeshReduction for automatic mesh merging
[2026.01.07-14.12.04:942][  0]LogMeshReduction: No distributed automatic mesh merging module available
[2026.01.07-14.12.04:942][  0]LogMeshMerging: No distributed automatic mesh merging module available
[2026.01.07-14.12.04:958][  0]LogNetVersion: ligma_3rd_person 1.0.0, NetCL: 17155196, EngineNetVer: 17, GameNetVer: 0 (Checksum: 903395399)
[2026.01.07-14.12.05:314][  0]LogTexture: Default maximum texture size for cubemaps generated from long-lat sources has been changed from 512 to unlimited. In order to preserve old behaiour for '/Engine/MapTemplates/Sky/DaylightAmbientCubemap.DaylightAmbientCubemap', its maximum texture size has been explicitly set to 512.
[2026.01.07-14.12.05:377][  0]LogHMD: PokeAHoleMaterial loaded successfully
[2026.01.07-14.12.05:383][  0]LogUObjectArray: 17178 objects as part of root set at end of initial load.
[2026.01.07-14.12.05:383][  0]LogUObjectAllocator: 4302048 out of 0 bytes used by permanent object pool.
[2026.01.07-14.12.05:383][  0]LogUObjectArray: CloseDisregardForGC: 0/0 objects in disregard for GC pool
[2026.01.07-14.12.05:532][  0]LogNiagaraDebuggerClient: Niagara Debugger Client Initialized | Session: F51DA7E7467945C957AFDC8D1BCA7DD6 | Instance: D2018EE84BE34AAE64D2138A1D9279C7 (PC070121BIEL-1452).
[2026.01.07-14.12.05:653][  0]LogTcpMessaging: Initializing TcpMessaging bridge
[2026.01.07-14.12.05:657][  0]LogUdpMessaging: Initializing bridge on interface 0.0.0.0:0 to multicast group 230.0.0.1:6666.
[2026.01.07-14.12.05:666][  0]LogPython: Using Python 3.7.7
[2026.01.07-14.12.06:396][  0]SourceControl: Source control is disabled
[2026.01.07-14.12.06:396][  0]SourceControl: Source control is disabled
[2026.01.07-14.12.06:404][  0]SourceControl: Source control is disabled
[2026.01.07-14.12.06:407][  0]SourceControl: Source control is disabled
[2026.01.07-14.12.06:415][  0]SourceControl: Source control is disabled
[2026.01.07-14.12.06:426][  0]LogUProjectInfo: Found projects:
[2026.01.07-14.12.06:581][  0]LogOpenImageDenoise: OIDN starting up
[2026.01.07-14.12.06:593][  0]LogAndroidPermission: UAndroidPermissionCallbackProxy::GetInstance
[2026.01.07-14.12.06:616][  0]LogAudioCaptureCore: Display: No Audio Capture implementations found. Audio input will be silent.
[2026.01.07-14.12.06:616][  0]LogAudioCaptureCore: Display: No Audio Capture implementations found. Audio input will be silent.
[2026.01.07-14.12.06:765][  0]LogOcInput: OculusInput pre-init called
[2026.01.07-14.12.06:887][  0]LogCollectionManager: Loaded 0 collections in 0.001040 seconds
[2026.01.07-14.12.06:927][  0]LogFileCache: Scanning file cache for directory 'D:/rejp/ripositor/ligma_3rd_person/Saved/Collections/' took 0.00s
[2026.01.07-14.12.06:927][  0]LogFileCache: Scanning file cache for directory 'D:/rejp/ripositor/ligma_3rd_person/Content/Developers/uczen/Collections/' took 0.00s
[2026.01.07-14.12.06:927][  0]LogFileCache: Scanning file cache for directory 'D:/rejp/ripositor/ligma_3rd_person/Content/Collections/' took 0.00s
[2026.01.07-14.12.06:927][  0]LogEngine: Initializing Engine...
[2026.01.07-14.12.06:934][  0]LogHMD: Failed to enumerate extensions. Please check that you have a valid OpenXR runtime installed.
[2026.01.07-14.12.06:935][  0]LogHMD: Failed to initialize OpenVR with code 110
[2026.01.07-14.12.06:935][  0]LogMagicLeap: Warning: VR disabled because ZI is not enabled.  To enable, in the editor, Edit -> Project Settings -> Plugins -> Magic Leap Plugin -> Enable Zero Iteration
[2026.01.07-14.12.06:935][  0]LogStats: UGameplayTagsManager::InitializeManager -  0.000 s
[2026.01.07-14.12.07:007][  0]LogInit: Initializing FReadOnlyCVARCache
[2026.01.07-14.12.07:012][  0]LogAIModule: Creating AISystem for world Untitled
[2026.01.07-14.12.07:018][  0]LogAudio: Display: Initializing Audio Device Manager...
[2026.01.07-14.12.07:020][  0]LogAudio: Display: Loading Default Audio Settings Objects...
[2026.01.07-14.12.07:021][  0]LogAudio: Display: No default SoundConcurrencyObject specified (or failed to load).
[2026.01.07-14.12.07:021][  0]LogAudio: Display: Audio Device Manager Initialized
[2026.01.07-14.12.07:021][  0]LogAudio: Display: Creating Audio Device:                 Id: 1, Scope: Shared, Realtime: True
[2026.01.07-14.12.07:021][  0]LogAudioMixer: Display: Audio Mixer Platform Settings:
[2026.01.07-14.12.07:021][  0]LogAudioMixer: Display: 	Sample Rate:						  48000
[2026.01.07-14.12.07:021][  0]LogAudioMixer: Display: 	Callback Buffer Frame Size Requested: 1024
[2026.01.07-14.12.07:021][  0]LogAudioMixer: Display: 	Callback Buffer Frame Size To Use:	  1024
[2026.01.07-14.12.07:021][  0]LogAudioMixer: Display: 	Number of buffers to queue:			  2
[2026.01.07-14.12.07:021][  0]LogAudioMixer: Display: 	Max Channels (voices):				  32
[2026.01.07-14.12.07:021][  0]LogAudioMixer: Display: 	Number of Async Source Workers:		  0
[2026.01.07-14.12.07:021][  0]LogAudio: Display: AudioDevice MaxSources: 32
[2026.01.07-14.12.07:021][  0]LogAudio: Display: Audio Spatialization Plugin: None (built-in).
[2026.01.07-14.12.07:021][  0]LogAudio: Display: Audio Reverb Plugin: None (built-in).
[2026.01.07-14.12.07:021][  0]LogAudio: Display: Audio Occlusion Plugin: None (built-in).
[2026.01.07-14.12.07:021][  0]LogAudioMixer: Display: Initializing audio mixer.
[2026.01.07-14.12.07:028][  0]LogAudioMixer: Display: 0: FrontLeft
[2026.01.07-14.12.07:028][  0]LogAudioMixer: Display: 1: FrontRight
[2026.01.07-14.12.07:057][  0]LogAudioMixer: Display: Using Audio Device VG248 (3 — NVIDIA High Definition Audio)
[2026.01.07-14.12.07:058][  0]LogAudioMixer: Display: Initializing Sound Submixes...
[2026.01.07-14.12.07:059][  0]LogAudioMixer: Display: Creating Master Submix 'MasterSubmixDefault'
[2026.01.07-14.12.07:059][  0]LogAudioMixer: Display: Creating Master Submix 'MasterReverbSubmixDefault'
[2026.01.07-14.12.07:059][  0]LogAudioMixer: Display: Creating Master Submix 'MasterEQSubmixDefault'
[2026.01.07-14.12.07:059][  0]LogAudioMixer: FMixerPlatformXAudio2::StartAudioStream() called
[2026.01.07-14.12.07:059][  0]LogAudioMixer: Display: Output buffers initialized: Frames=1024, Channels=2, Samples=2048
[2026.01.07-14.12.07:060][  0]LogAudioMixer: Display: Starting AudioMixerPlatformInterface::RunInternal()
[2026.01.07-14.12.07:060][  0]LogAudioMixer: Display: FMixerPlatformXAudio2::SubmitBuffer() called for the first time
[2026.01.07-14.12.07:060][  0]LogInit: FAudioDevice initialized.
[2026.01.07-14.12.07:060][  0]LogAudio: Display: Audio Device (ID: 1) registered with world 'Untitled'.
[2026.01.07-14.12.07:060][  0]LogNetVersion: Set ProjectVersion to 1.0.0.0. Version Checksum will be recalculated on next use.
[2026.01.07-14.12.07:096][  0]LogDerivedDataCache: Saved boot cache 0.04s 94MB C:/Users/uczen/AppData/Local/UnrealEngine/4.27/DerivedDataCache/Boot.ddc.
[2026.01.07-14.12.07:096][  0]LogInit: Texture streaming: Enabled
[2026.01.07-14.12.07:103][  0]LogAnalytics: Display: [UEEditor.Rocket.Release] APIServer = https://datarouter.ol.epicgames.com/. AppVersion = 4.27.2-18319896+++UE4+Release-4.27
[2026.01.07-14.12.07:105][  0]LogEngineSessionManager: EngineSessionManager initialized
[2026.01.07-14.12.07:105][  0]LogEditorSessionSummary: Verbose: Initializing EditorSessionSummaryWriter for editor session tracking
[2026.01.07-14.12.07:106][  0]LogEditorSessionSummary: EditorSessionSummaryWriter initialized
[2026.01.07-14.12.07:170][  0]LogInit: Transaction tracking system initialized
[2026.01.07-14.12.07:184][  0]BlueprintLog: New page: Editor Load
[2026.01.07-14.12.07:224][  0]LocalizationService: Localization service is disabled
[2026.01.07-14.12.07:240][  0]TimingProfiler: Initialize
[2026.01.07-14.12.07:240][  0]TimingProfiler: OnSessionChanged
[2026.01.07-14.12.07:240][  0]LoadingProfiler: Initialize
[2026.01.07-14.12.07:240][  0]LoadingProfiler: OnSessionChanged
[2026.01.07-14.12.07:240][  0]NetworkingProfiler: Initialize
[2026.01.07-14.12.07:240][  0]NetworkingProfiler: OnSessionChanged
[2026.01.07-14.12.07:240][  0]MemoryProfiler: Initialize
[2026.01.07-14.12.07:240][  0]MemoryProfiler: OnSessionChanged
[2026.01.07-14.12.07:340][  0]LogCook: Display: CookSettings for Memory: MemoryMaxUsedVirtual 0MiB, MemoryMaxUsedPhysical 16384MiB, MemoryMinFreeVirtual 0MiB, MemoryMinFreePhysical 1024MiB
[2026.01.07-14.12.07:340][  0]LogCook: Display: Mobile HDR setting 1
[2026.01.07-14.12.07:446][  0]LogFileCache: Scanning file cache for directory 'D:/rejp/ripositor/ligma_3rd_person/Content/' took 0.01s
[2026.01.07-14.12.07:564][  0]LogInit: Display: Engine is initialized. Leaving FEngineLoop::Init()
[2026.01.07-14.12.07:566][  0]SourceControl: Source control is disabled
[2026.01.07-14.12.07:566][  0]LogUnrealEdMisc: Loading editor; pre map load, took 4.934
[2026.01.07-14.12.07:566][  0]Cmd: MAP LOAD FILE="D:/rejp/ripositor/ligma_3rd_person/Content/ThirdPersonBP/Maps/ThirdPersonExampleMap.umap" TEMPLATE=0 SHOWPROGRESS=1 FEATURELEVEL=3
[2026.01.07-14.12.07:566][  0]LightingResults: New page: Lighting Build
[2026.01.07-14.12.07:567][  0]LogWorld: UWorld::CleanupWorld for Untitled, bSessionEnded=true, bCleanupResources=true
[2026.01.07-14.12.07:567][  0]LogSlate: InvalidateAllWidgets triggered.  All widgets were invalidated
[2026.01.07-14.12.07:567][  0]MapCheck: New page: Map Check
[2026.01.07-14.12.07:567][  0]LightingResults: New page: Lighting Build
[2026.01.07-14.12.07:570][  0]LogAudio: Display: Audio Device unregistered from world 'None'.
[2026.01.07-14.12.07:572][  0]LogUObjectHash: Compacting FUObjectHashTables data took   0.52ms
[2026.01.07-14.12.08:493][  0]LogAudio: Display: Audio Device (ID: 1) registered with world 'ThirdPersonExampleMap'.
[2026.01.07-14.12.08:494][  0]LogAIModule: Creating AISystem for world ThirdPersonExampleMap
[2026.01.07-14.12.08:514][  0]LogEditorServer: Finished looking for orphan Actors (0.000 secs)
[2026.01.07-14.12.08:549][  0]LogUObjectHash: Compacting FUObjectHashTables data took   0.62ms
[2026.01.07-14.12.08:549][  0]Cmd: MAP CHECKDEP NOCLEARLOG
[2026.01.07-14.12.08:549][  0]MapCheck: Map check complete: 0 Error(s), 0 Warning(s), took 0,09ms to complete.
[2026.01.07-14.12.08:549][  0]LogFileHelpers: Loading map 'ThirdPersonExampleMap' took 0.983
[2026.01.07-14.12.08:550][  0]LogUnrealEdMisc: Total Editor Startup Time, took 5.918
[2026.01.07-14.12.08:736][  0]LogSlate: Updating window title bar state: overlay mode, drag disabled, window buttons hidden, title bar hidden
[2026.01.07-14.12.08:740][  0]LogSlate: Updating window title bar state: overlay mode, drag disabled, window buttons hidden, title bar hidden
[2026.01.07-14.12.08:744][  0]LogSlate: Updating window title bar state: overlay mode, drag disabled, window buttons hidden, title bar hidden
[2026.01.07-14.12.08:747][  0]LogSlate: Updating window title bar state: overlay mode, drag disabled, window buttons hidden, title bar hidden
[2026.01.07-14.12.08:772][  0]LogNativeClassHierarchy: Verbose: Native class hierarchy populated in 0.0065 seconds. Added 3822 classes and 928 folders.
[2026.01.07-14.12.08:777][  0]LogNativeClassHierarchy: Verbose: Native class hierarchy updated for 'WidgetCarousel' in 0.0002 seconds. Added 0 classes and 0 folders.
[2026.01.07-14.12.08:790][  0]LogPakFile: PakFile PrimaryIndexSize=187
[2026.01.07-14.12.08:790][  0]LogPakFile: PakFile PathHashIndexSize=101
[2026.01.07-14.12.08:790][  0]LogPakFile: PakFile FullDirectoryIndexSize=148
[2026.01.07-14.12.08:790][  0]LogShaderLibrary: Display: ShaderCodeLibraryPakFileMountedCallback: PakFile 'C:/Program Files/Epic Games/UE_4.27/FeaturePacks/FP_FirstPerson.upack' (chunk index -1, root 'root:/') mounted
[2026.01.07-14.12.08:790][  0]LogShaderLibrary: Display: ShaderCodeLibraryPakFileMountedCallback: pending pak file info (ChunkID:-1 Root:root:/ File:C:/Program Files/Epic Games/UE_4.27/FeaturePacks/FP_FirstPerson.upack)
[2026.01.07-14.12.08:790][  0]LogPakFile: OnPakFileMounted2Time == 0.000040
[2026.01.07-14.12.08:799][  0]LogPakFile: PakFile PrimaryIndexSize=189
[2026.01.07-14.12.08:799][  0]LogPakFile: PakFile PathHashIndexSize=101
[2026.01.07-14.12.08:799][  0]LogPakFile: PakFile FullDirectoryIndexSize=152
[2026.01.07-14.12.08:799][  0]LogShaderLibrary: Display: ShaderCodeLibraryPakFileMountedCallback: PakFile 'C:/Program Files/Epic Games/UE_4.27/FeaturePacks/FP_FirstPersonBP.upack' (chunk index -1, root 'root:/') mounted
[2026.01.07-14.12.08:799][  0]LogShaderLibrary: Display: ShaderCodeLibraryPakFileMountedCallback: pending pak file info (ChunkID:-1 Root:root:/ File:C:/Program Files/Epic Games/UE_4.27/FeaturePacks/FP_FirstPersonBP.upack)
[2026.01.07-14.12.08:799][  0]LogPakFile: OnPakFileMounted2Time == 0.000028
[2026.01.07-14.12.08:805][  0]LogPakFile: PakFile PrimaryIndexSize=191
[2026.01.07-14.12.08:805][  0]LogPakFile: PakFile PathHashIndexSize=101
[2026.01.07-14.12.08:805][  0]LogPakFile: PakFile FullDirectoryIndexSize=160
[2026.01.07-14.12.08:805][  0]LogShaderLibrary: Display: ShaderCodeLibraryPakFileMountedCallback: PakFile 'C:/Program Files/Epic Games/UE_4.27/FeaturePacks/MobileStarterContent.upack' (chunk index -1, root 'root:/') mounted
[2026.01.07-14.12.08:805][  0]LogShaderLibrary: Display: ShaderCodeLibraryPakFileMountedCallback: pending pak file info (ChunkID:-1 Root:root:/ File:C:/Program Files/Epic Games/UE_4.27/FeaturePacks/MobileStarterContent.upack)
[2026.01.07-14.12.08:805][  0]LogPakFile: OnPakFileMounted2Time == 0.000024
[2026.01.07-14.12.08:811][  0]LogPakFile: PakFile PrimaryIndexSize=185
[2026.01.07-14.12.08:811][  0]LogPakFile: PakFile PathHashIndexSize=101
[2026.01.07-14.12.08:811][  0]LogPakFile: PakFile FullDirectoryIndexSize=148
[2026.01.07-14.12.08:811][  0]LogShaderLibrary: Display: ShaderCodeLibraryPakFileMountedCallback: PakFile 'C:/Program Files/Epic Games/UE_4.27/FeaturePacks/StarterContent.upack' (chunk index -1, root 'root:/') mounted
[2026.01.07-14.12.08:811][  0]LogShaderLibrary: Display: ShaderCodeLibraryPakFileMountedCallback: pending pak file info (ChunkID:-1 Root:root:/ File:C:/Program Files/Epic Games/UE_4.27/FeaturePacks/StarterContent.upack)
[2026.01.07-14.12.08:811][  0]LogPakFile: OnPakFileMounted2Time == 0.000025
[2026.01.07-14.12.08:817][  0]LogPakFile: PakFile PrimaryIndexSize=190
[2026.01.07-14.12.08:817][  0]LogPakFile: PakFile PathHashIndexSize=101
[2026.01.07-14.12.08:817][  0]LogPakFile: PakFile FullDirectoryIndexSize=154
[2026.01.07-14.12.08:817][  0]LogShaderLibrary: Display: ShaderCodeLibraryPakFileMountedCallback: PakFile 'C:/Program Files/Epic Games/UE_4.27/FeaturePacks/TP_2DSideScroller.upack' (chunk index -1, root 'root:/') mounted
[2026.01.07-14.12.08:817][  0]LogShaderLibrary: Display: ShaderCodeLibraryPakFileMountedCallback: pending pak file info (ChunkID:-1 Root:root:/ File:C:/Program Files/Epic Games/UE_4.27/FeaturePacks/TP_2DSideScroller.upack)
[2026.01.07-14.12.08:817][  0]LogPakFile: OnPakFileMounted2Time == 0.000024
[2026.01.07-14.12.08:823][  0]LogPakFile: PakFile PrimaryIndexSize=192
[2026.01.07-14.12.08:823][  0]LogPakFile: PakFile PathHashIndexSize=101
[2026.01.07-14.12.08:823][  0]LogPakFile: PakFile FullDirectoryIndexSize=158
[2026.01.07-14.12.08:823][  0]LogShaderLibrary: Display: ShaderCodeLibraryPakFileMountedCallback: PakFile 'C:/Program Files/Epic Games/UE_4.27/FeaturePacks/TP_2DSideScrollerBP.upack' (chunk index -1, root 'root:/') mounted
[2026.01.07-14.12.08:823][  0]LogShaderLibrary: Display: ShaderCodeLibraryPakFileMountedCallback: pending pak file info (ChunkID:-1 Root:root:/ File:C:/Program Files/Epic Games/UE_4.27/FeaturePacks/TP_2DSideScrollerBP.upack)
[2026.01.07-14.12.08:823][  0]LogPakFile: OnPakFileMounted2Time == 0.000022
[2026.01.07-14.12.08:828][  0]LogPakFile: PakFile PrimaryIndexSize=182
[2026.01.07-14.12.08:828][  0]LogPakFile: PakFile PathHashIndexSize=101
[2026.01.07-14.12.08:828][  0]LogPakFile: PakFile FullDirectoryIndexSize=138
[2026.01.07-14.12.08:828][  0]LogShaderLibrary: Display: ShaderCodeLibraryPakFileMountedCallback: PakFile 'C:/Program Files/Epic Games/UE_4.27/FeaturePacks/TP_Flying.upack' (chunk index -1, root 'root:/') mounted
[2026.01.07-14.12.08:828][  0]LogShaderLibrary: Display: ShaderCodeLibraryPakFileMountedCallback: pending pak file info (ChunkID:-1 Root:root:/ File:C:/Program Files/Epic Games/UE_4.27/FeaturePacks/TP_Flying.upack)
[2026.01.07-14.12.08:828][  0]LogPakFile: OnPakFileMounted2Time == 0.000022
[2026.01.07-14.12.08:834][  0]LogPakFile: PakFile PrimaryIndexSize=184
[2026.01.07-14.12.08:834][  0]LogPakFile: PakFile PathHashIndexSize=101
[2026.01.07-14.12.08:834][  0]LogPakFile: PakFile FullDirectoryIndexSize=142
[2026.01.07-14.12.08:834][  0]LogShaderLibrary: Display: ShaderCodeLibraryPakFileMountedCallback: PakFile 'C:/Program Files/Epic Games/UE_4.27/FeaturePacks/TP_FlyingBP.upack' (chunk index -1, root 'root:/') mounted
[2026.01.07-14.12.08:834][  0]LogShaderLibrary: Display: ShaderCodeLibraryPakFileMountedCallback: pending pak file info (ChunkID:-1 Root:root:/ File:C:/Program Files/Epic Games/UE_4.27/FeaturePacks/TP_FlyingBP.upack)
[2026.01.07-14.12.08:834][  0]LogPakFile: OnPakFileMounted2Time == 0.000023
[2026.01.07-14.12.08:842][  0]LogPakFile: PakFile PrimaryIndexSize=188
[2026.01.07-14.12.08:842][  0]LogPakFile: PakFile PathHashIndexSize=101
[2026.01.07-14.12.08:842][  0]LogPakFile: PakFile FullDirectoryIndexSize=150
[2026.01.07-14.12.08:842][  0]LogShaderLibrary: Display: ShaderCodeLibraryPakFileMountedCallback: PakFile 'C:/Program Files/Epic Games/UE_4.27/FeaturePacks/TP_HandheldARBP.upack' (chunk index -1, root 'root:/') mounted
[2026.01.07-14.12.08:842][  0]LogShaderLibrary: Display: ShaderCodeLibraryPakFileMountedCallback: pending pak file info (ChunkID:-1 Root:root:/ File:C:/Program Files/Epic Games/UE_4.27/FeaturePacks/TP_HandheldARBP.upack)
[2026.01.07-14.12.08:842][  0]LogPakFile: OnPakFileMounted2Time == 0.000024
[2026.01.07-14.12.08:848][  0]LogPakFile: PakFile PrimaryIndexSize=182
[2026.01.07-14.12.08:849][  0]LogPakFile: PakFile PathHashIndexSize=101
[2026.01.07-14.12.08:849][  0]LogPakFile: PakFile FullDirectoryIndexSize=138
[2026.01.07-14.12.08:849][  0]LogShaderLibrary: Display: ShaderCodeLibraryPakFileMountedCallback: PakFile 'C:/Program Files/Epic Games/UE_4.27/FeaturePacks/TP_Puzzle.upack' (chunk index -1, root 'root:/') mounted
[2026.01.07-14.12.08:849][  0]LogShaderLibrary: Display: ShaderCodeLibraryPakFileMountedCallback: pending pak file info (ChunkID:-1 Root:root:/ File:C:/Program Files/Epic Games/UE_4.27/FeaturePacks/TP_Puzzle.upack)
[2026.01.07-14.12.08:849][  0]LogPakFile: OnPakFileMounted2Time == 0.000034
[2026.01.07-14.12.08:854][  0]LogPakFile: PakFile PrimaryIndexSize=184
[2026.01.07-14.12.08:854][  0]LogPakFile: PakFile PathHashIndexSize=101
[2026.01.07-14.12.08:854][  0]LogPakFile: PakFile FullDirectoryIndexSize=142
[2026.01.07-14.12.08:854][  0]LogShaderLibrary: Display: ShaderCodeLibraryPakFileMountedCallback: PakFile 'C:/Program Files/Epic Games/UE_4.27/FeaturePacks/TP_PuzzleBP.upack' (chunk index -1, root 'root:/') mounted
[2026.01.07-14.12.08:854][  0]LogShaderLibrary: Display: ShaderCodeLibraryPakFileMountedCallback: pending pak file info (ChunkID:-1 Root:root:/ File:C:/Program Files/Epic Games/UE_4.27/FeaturePacks/TP_PuzzleBP.upack)
[2026.01.07-14.12.08:854][  0]LogPakFile: OnPakFileMounted2Time == 0.000024
[2026.01.07-14.12.08:860][  0]LogPakFile: PakFile PrimaryIndexSize=183
[2026.01.07-14.12.08:860][  0]LogPakFile: PakFile PathHashIndexSize=101
[2026.01.07-14.12.08:860][  0]LogPakFile: PakFile FullDirectoryIndexSize=140
[2026.01.07-14.12.08:860][  0]LogShaderLibrary: Display: ShaderCodeLibraryPakFileMountedCallback: PakFile 'C:/Program Files/Epic Games/UE_4.27/FeaturePacks/TP_Rolling.upack' (chunk index -1, root 'root:/') mounted
[2026.01.07-14.12.08:860][  0]LogShaderLibrary: Display: ShaderCodeLibraryPakFileMountedCallback: pending pak file info (ChunkID:-1 Root:root:/ File:C:/Program Files/Epic Games/UE_4.27/FeaturePacks/TP_Rolling.upack)
[2026.01.07-14.12.08:860][  0]LogPakFile: OnPakFileMounted2Time == 0.000024
[2026.01.07-14.12.08:865][  0]LogPakFile: PakFile PrimaryIndexSize=185
[2026.01.07-14.12.08:865][  0]LogPakFile: PakFile PathHashIndexSize=101
[2026.01.07-14.12.08:865][  0]LogPakFile: PakFile FullDirectoryIndexSize=144
[2026.01.07-14.12.08:865][  0]LogShaderLibrary: Display: ShaderCodeLibraryPakFileMountedCallback: PakFile 'C:/Program Files/Epic Games/UE_4.27/FeaturePacks/TP_RollingBP.upack' (chunk index -1, root 'root:/') mounted
[2026.01.07-14.12.08:865][  0]LogShaderLibrary: Display: ShaderCodeLibraryPakFileMountedCallback: pending pak file info (ChunkID:-1 Root:root:/ File:C:/Program Files/Epic Games/UE_4.27/FeaturePacks/TP_RollingBP.upack)
[2026.01.07-14.12.08:865][  0]LogPakFile: OnPakFileMounted2Time == 0.000021
[2026.01.07-14.12.08:870][  0]LogPakFile: PakFile PrimaryIndexSize=188
[2026.01.07-14.12.08:870][  0]LogPakFile: PakFile PathHashIndexSize=101
[2026.01.07-14.12.08:870][  0]LogPakFile: PakFile FullDirectoryIndexSize=150
[2026.01.07-14.12.08:870][  0]LogShaderLibrary: Display: ShaderCodeLibraryPakFileMountedCallback: PakFile 'C:/Program Files/Epic Games/UE_4.27/FeaturePacks/TP_SideScroller.upack' (chunk index -1, root 'root:/') mounted
[2026.01.07-14.12.08:870][  0]LogShaderLibrary: Display: ShaderCodeLibraryPakFileMountedCallback: pending pak file info (ChunkID:-1 Root:root:/ File:C:/Program Files/Epic Games/UE_4.27/FeaturePacks/TP_SideScroller.upack)
[2026.01.07-14.12.08:870][  0]LogPakFile: OnPakFileMounted2Time == 0.000022
[2026.01.07-14.12.08:876][  0]LogPakFile: PakFile PrimaryIndexSize=190
[2026.01.07-14.12.08:876][  0]LogPakFile: PakFile PathHashIndexSize=101
[2026.01.07-14.12.08:876][  0]LogPakFile: PakFile FullDirectoryIndexSize=154
[2026.01.07-14.12.08:876][  0]LogShaderLibrary: Display: ShaderCodeLibraryPakFileMountedCallback: PakFile 'C:/Program Files/Epic Games/UE_4.27/FeaturePacks/TP_SideScrollerBP.upack' (chunk index -1, root 'root:/') mounted
[2026.01.07-14.12.08:876][  0]LogShaderLibrary: Display: ShaderCodeLibraryPakFileMountedCallback: pending pak file info (ChunkID:-1 Root:root:/ File:C:/Program Files/Epic Games/UE_4.27/FeaturePacks/TP_SideScrollerBP.upack)
[2026.01.07-14.12.08:876][  0]LogPakFile: OnPakFileMounted2Time == 0.000022
[2026.01.07-14.12.08:882][  0]LogPakFile: PakFile PrimaryIndexSize=187
[2026.01.07-14.12.08:882][  0]LogPakFile: PakFile PathHashIndexSize=101
[2026.01.07-14.12.08:882][  0]LogPakFile: PakFile FullDirectoryIndexSize=148
[2026.01.07-14.12.08:882][  0]LogShaderLibrary: Display: ShaderCodeLibraryPakFileMountedCallback: PakFile 'C:/Program Files/Epic Games/UE_4.27/FeaturePacks/TP_ThirdPerson.upack' (chunk index -1, root 'root:/') mounted
[2026.01.07-14.12.08:882][  0]LogShaderLibrary: Display: ShaderCodeLibraryPakFileMountedCallback: pending pak file info (ChunkID:-1 Root:root:/ File:C:/Program Files/Epic Games/UE_4.27/FeaturePacks/TP_ThirdPerson.upack)
[2026.01.07-14.12.08:882][  0]LogPakFile: OnPakFileMounted2Time == 0.000023
[2026.01.07-14.12.08:887][  0]LogPakFile: PakFile PrimaryIndexSize=189
[2026.01.07-14.12.08:887][  0]LogPakFile: PakFile PathHashIndexSize=101
[2026.01.07-14.12.08:887][  0]LogPakFile: PakFile FullDirectoryIndexSize=152
[2026.01.07-14.12.08:887][  0]LogShaderLibrary: Display: ShaderCodeLibraryPakFileMountedCallback: PakFile 'C:/Program Files/Epic Games/UE_4.27/FeaturePacks/TP_ThirdPersonBP.upack' (chunk index -1, root 'root:/') mounted
[2026.01.07-14.12.08:887][  0]LogShaderLibrary: Display: ShaderCodeLibraryPakFileMountedCallback: pending pak file info (ChunkID:-1 Root:root:/ File:C:/Program Files/Epic Games/UE_4.27/FeaturePacks/TP_ThirdPersonBP.upack)
[2026.01.07-14.12.08:887][  0]LogPakFile: OnPakFileMounted2Time == 0.000021
[2026.01.07-14.12.08:893][  0]LogPakFile: PakFile PrimaryIndexSize=183
[2026.01.07-14.12.08:893][  0]LogPakFile: PakFile PathHashIndexSize=101
[2026.01.07-14.12.08:893][  0]LogPakFile: PakFile FullDirectoryIndexSize=140
[2026.01.07-14.12.08:893][  0]LogShaderLibrary: Display: ShaderCodeLibraryPakFileMountedCallback: PakFile 'C:/Program Files/Epic Games/UE_4.27/FeaturePacks/TP_TopDown.upack' (chunk index -1, root 'root:/') mounted
[2026.01.07-14.12.08:893][  0]LogShaderLibrary: Display: ShaderCodeLibraryPakFileMountedCallback: pending pak file info (ChunkID:-1 Root:root:/ File:C:/Program Files/Epic Games/UE_4.27/FeaturePacks/TP_TopDown.upack)
[2026.01.07-14.12.08:893][  0]LogPakFile: OnPakFileMounted2Time == 0.000030
[2026.01.07-14.12.08:898][  0]LogPakFile: PakFile PrimaryIndexSize=185
[2026.01.07-14.12.08:898][  0]LogPakFile: PakFile PathHashIndexSize=101
[2026.01.07-14.12.08:898][  0]LogPakFile: PakFile FullDirectoryIndexSize=144
[2026.01.07-14.12.08:899][  0]LogShaderLibrary: Display: ShaderCodeLibraryPakFileMountedCallback: PakFile 'C:/Program Files/Epic Games/UE_4.27/FeaturePacks/TP_TopDownBP.upack' (chunk index -1, root 'root:/') mounted
[2026.01.07-14.12.08:899][  0]LogShaderLibrary: Display: ShaderCodeLibraryPakFileMountedCallback: pending pak file info (ChunkID:-1 Root:root:/ File:C:/Program Files/Epic Games/UE_4.27/FeaturePacks/TP_TopDownBP.upack)
[2026.01.07-14.12.08:899][  0]LogPakFile: OnPakFileMounted2Time == 0.000035
[2026.01.07-14.12.08:907][  0]LogPakFile: PakFile PrimaryIndexSize=185
[2026.01.07-14.12.08:907][  0]LogPakFile: PakFile PathHashIndexSize=101
[2026.01.07-14.12.08:907][  0]LogPakFile: PakFile FullDirectoryIndexSize=144
[2026.01.07-14.12.08:907][  0]LogShaderLibrary: Display: ShaderCodeLibraryPakFileMountedCallback: PakFile 'C:/Program Files/Epic Games/UE_4.27/FeaturePacks/TP_TwinStick.upack' (chunk index -1, root 'root:/') mounted
[2026.01.07-14.12.08:907][  0]LogShaderLibrary: Display: ShaderCodeLibraryPakFileMountedCallback: pending pak file info (ChunkID:-1 Root:root:/ File:C:/Program Files/Epic Games/UE_4.27/FeaturePacks/TP_TwinStick.upack)
[2026.01.07-14.12.08:907][  0]LogPakFile: OnPakFileMounted2Time == 0.000022
[2026.01.07-14.12.08:912][  0]LogPakFile: PakFile PrimaryIndexSize=187
[2026.01.07-14.12.08:912][  0]LogPakFile: PakFile PathHashIndexSize=101
[2026.01.07-14.12.08:912][  0]LogPakFile: PakFile FullDirectoryIndexSize=148
[2026.01.07-14.12.08:912][  0]LogShaderLibrary: Display: ShaderCodeLibraryPakFileMountedCallback: PakFile 'C:/Program Files/Epic Games/UE_4.27/FeaturePacks/TP_TwinStickBP.upack' (chunk index -1, root 'root:/') mounted
[2026.01.07-14.12.08:912][  0]LogShaderLibrary: Display: ShaderCodeLibraryPakFileMountedCallback: pending pak file info (ChunkID:-1 Root:root:/ File:C:/Program Files/Epic Games/UE_4.27/FeaturePacks/TP_TwinStickBP.upack)
[2026.01.07-14.12.08:912][  0]LogPakFile: OnPakFileMounted2Time == 0.000021
[2026.01.07-14.12.08:918][  0]LogPakFile: PakFile PrimaryIndexSize=183
[2026.01.07-14.12.08:918][  0]LogPakFile: PakFile PathHashIndexSize=101
[2026.01.07-14.12.08:918][  0]LogPakFile: PakFile FullDirectoryIndexSize=140
[2026.01.07-14.12.08:918][  0]LogShaderLibrary: Display: ShaderCodeLibraryPakFileMountedCallback: PakFile 'C:/Program Files/Epic Games/UE_4.27/FeaturePacks/TP_Vehicle.upack' (chunk index -1, root 'root:/') mounted
[2026.01.07-14.12.08:918][  0]LogShaderLibrary: Display: ShaderCodeLibraryPakFileMountedCallback: pending pak file info (ChunkID:-1 Root:root:/ File:C:/Program Files/Epic Games/UE_4.27/FeaturePacks/TP_Vehicle.upack)
[2026.01.07-14.12.08:918][  0]LogPakFile: OnPakFileMounted2Time == 0.000023
[2026.01.07-14.12.08:924][  0]LogPakFile: PakFile PrimaryIndexSize=186
[2026.01.07-14.12.08:924][  0]LogPakFile: PakFile PathHashIndexSize=101
[2026.01.07-14.12.08:924][  0]LogPakFile: PakFile FullDirectoryIndexSize=146
[2026.01.07-14.12.08:924][  0]LogShaderLibrary: Display: ShaderCodeLibraryPakFileMountedCallback: PakFile 'C:/Program Files/Epic Games/UE_4.27/FeaturePacks/TP_VehicleAdv.upack' (chunk index -1, root 'root:/') mounted
[2026.01.07-14.12.08:924][  0]LogShaderLibrary: Display: ShaderCodeLibraryPakFileMountedCallback: pending pak file info (ChunkID:-1 Root:root:/ File:C:/Program Files/Epic Games/UE_4.27/FeaturePacks/TP_VehicleAdv.upack)
[2026.01.07-14.12.08:924][  0]LogPakFile: OnPakFileMounted2Time == 0.000024
[2026.01.07-14.12.08:929][  0]LogPakFile: PakFile PrimaryIndexSize=188
[2026.01.07-14.12.08:929][  0]LogPakFile: PakFile PathHashIndexSize=101
[2026.01.07-14.12.08:929][  0]LogPakFile: PakFile FullDirectoryIndexSize=150
[2026.01.07-14.12.08:929][  0]LogShaderLibrary: Display: ShaderCodeLibraryPakFileMountedCallback: PakFile 'C:/Program Files/Epic Games/UE_4.27/FeaturePacks/TP_VehicleAdvBP.upack' (chunk index -1, root 'root:/') mounted
[2026.01.07-14.12.08:929][  0]LogShaderLibrary: Display: ShaderCodeLibraryPakFileMountedCallback: pending pak file info (ChunkID:-1 Root:root:/ File:C:/Program Files/Epic Games/UE_4.27/FeaturePacks/TP_VehicleAdvBP.upack)
[2026.01.07-14.12.08:929][  0]LogPakFile: OnPakFileMounted2Time == 0.000022
[2026.01.07-14.12.08:935][  0]LogPakFile: PakFile PrimaryIndexSize=185
[2026.01.07-14.12.08:935][  0]LogPakFile: PakFile PathHashIndexSize=101
[2026.01.07-14.12.08:935][  0]LogPakFile: PakFile FullDirectoryIndexSize=144
[2026.01.07-14.12.08:935][  0]LogShaderLibrary: Display: ShaderCodeLibraryPakFileMountedCallback: PakFile 'C:/Program Files/Epic Games/UE_4.27/FeaturePacks/TP_VehicleBP.upack' (chunk index -1, root 'root:/') mounted
[2026.01.07-14.12.08:935][  0]LogShaderLibrary: Display: ShaderCodeLibraryPakFileMountedCallback: pending pak file info (ChunkID:-1 Root:root:/ File:C:/Program Files/Epic Games/UE_4.27/FeaturePacks/TP_VehicleBP.upack)
[2026.01.07-14.12.08:935][  0]LogPakFile: OnPakFileMounted2Time == 0.000023
[2026.01.07-14.12.08:940][  0]LogPakFile: PakFile PrimaryIndexSize=192
[2026.01.07-14.12.08:940][  0]LogPakFile: PakFile PathHashIndexSize=101
[2026.01.07-14.12.08:940][  0]LogPakFile: PakFile FullDirectoryIndexSize=158
[2026.01.07-14.12.08:940][  0]LogShaderLibrary: Display: ShaderCodeLibraryPakFileMountedCallback: PakFile 'C:/Program Files/Epic Games/UE_4.27/FeaturePacks/TP_VirtualRealityBP.upack' (chunk index -1, root 'root:/') mounted
[2026.01.07-14.12.08:940][  0]LogShaderLibrary: Display: ShaderCodeLibraryPakFileMountedCallback: pending pak file info (ChunkID:-1 Root:root:/ File:C:/Program Files/Epic Games/UE_4.27/FeaturePacks/TP_VirtualRealityBP.upack)
[2026.01.07-14.12.08:940][  0]LogPakFile: OnPakFileMounted2Time == 0.000024
[2026.01.07-14.12.09:124][  0]LogNativeClassHierarchy: Verbose: Native class hierarchy updated for 'AddContentDialog' in 0.0002 seconds. Added 0 classes and 0 folders.
[2026.01.07-14.12.09:127][  0]LogNativeClassHierarchy: Verbose: Native class hierarchy updated for 'SceneOutliner' in 0.0002 seconds. Added 2 classes and 0 folders.
[2026.01.07-14.12.09:213][  0]LogSlate: Took 0.000191 seconds to synchronously load lazily loaded font '../../../Engine/Content/Slate/Fonts/Roboto-Regular.ttf' (155K)
[2026.01.07-14.12.09:223][  0]LogSlate: Took 0.008721 seconds to synchronously load lazily loaded font '../../../Engine/Content/Editor/Slate/Fonts/FontAwesome.ttf' (139K)
[2026.01.07-14.12.09:224][  0]LogSlate: Took 0.000094 seconds to synchronously load lazily loaded font '../../../Engine/Content/Slate/Fonts/Roboto-Bold.ttf' (160K)
[2026.01.07-14.12.09:324][  0]LogRenderer: Reallocating scene render targets to support 1208x572 Format 10 NumSamples 1 (Frame:1).
[2026.01.07-14.12.09:449][  0]LogNativeClassHierarchy: Verbose: Native class hierarchy updated for 'HierarchicalLODOutliner' in 0.0002 seconds. Added 0 classes and 0 folders.
[2026.01.07-14.12.09:449][  0]LogInput: Warning: Action Jump uses invalid key OculusGo_Left_Trigger_Click.
[2026.01.07-14.12.09:449][  0]LogInput: Warning: Action ResetVR uses invalid key OculusGo_Left_Trackpad_Click.
[2026.01.07-14.12.09:449][  0]LogInput: Warning: Use -RemoveInvalidKeys to remove instances of these keys from the action mapping.
[2026.01.07-14.12.09:449][  0]LogLoad: (Engine Initialization) Total time: 6.82 seconds
[2026.01.07-14.12.09:449][  0]LogLoad: (Engine Initialization) Total Blueprint compile time: 0.00 seconds
[2026.01.07-14.12.09:548][  0]LogAssetRegistry: Asset discovery search completed in 4.9208 seconds
[2026.01.07-14.12.09:551][  0]LogCollectionManager: Fixed up redirectors for 0 collections in 0.000002 seconds (updated 0 objects)
[2026.01.07-14.12.09:553][  0]LogContentStreaming: Texture pool size now 1000 MB
[2026.01.07-14.12.09:589][  2]LogSlate: Took 0.000634 seconds to synchronously load lazily loaded font '../../../Engine/Content/Slate/Fonts/Roboto-Light.ttf' (167K)
[2026.01.07-14.12.10:465][ 93]LogSlate: Took 0.000143 seconds to synchronously load lazily loaded font '../../../Engine/Content/Slate/Fonts/Roboto-Light.ttf' (167K)
[2026.01.07-14.16.04:530][  7]LogEditorViewport: Clicking on Actor (context menu): Brush (Box Brush112)
[2026.01.07-14.22.09:319][676]LogUObjectHash: Compacting FUObjectHashTables data took   0.67ms
[2026.01.07-14.22.09:843][676]LogSavePackage: Moving 'D:/rejp/ripositor/ligma_3rd_person/Saved/ThirdPersonExampleMap_Auto138E2F4C64789BB4D4F6783B3A971FA41.tmp' to 'D:/rejp/ripositor/ligma_3rd_person/Saved/Autosaves/Game/ThirdPersonBP/Maps/ThirdPersonExampleMap_Auto1.umap'
[2026.01.07-14.22.09:848][676]LogFileHelpers: Editor autosave (incl. external actors) for '/Game/ThirdPersonBP/Maps/ThirdPersonExampleMap' took 0.535
[2026.01.07-14.22.09:848][676]LogFileHelpers: Editor autosave (incl. sublevels & external actors) for all levels took 0.535
[2026.01.07-14.32.05:803][162]LogAudioMixer: Warning: Changing default audio render device to new device: .
[2026.01.07-14.32.05:803][162]LogAudioMixer: Resetting audio stream to device id 
[2026.01.07-14.32.05:804][162]LogAudioMixer: Display: StartRunningNullDevice() called
[2026.01.07-14.35.19:511][390]LogAudioMixer: Warning: Changing default audio render device to new device: .
[2026.01.07-14.35.19:556][391]LogAudioMixer: Warning: Changing default audio render device to new device: {0.0.0.00000000}.{ed3fc196-c79d-45d6-8e6c-538e1e3f7b7c}.
[2026.01.07-14.35.19:584][391]LogAudioMixer: Resetting audio stream to device id 
[2026.01.07-14.35.19:584][391]LogAudioMixer: Display: StopRunningNullDevice() called
[2026.01.07-14.35.19:599][391]LogAudioMixer: Display: 0: FrontLeft
[2026.01.07-14.35.19:599][391]LogAudioMixer: Display: 1: FrontRight
[2026.01.07-14.51.40:328][341]LogSlate: Window 'Select Path' being destroyed
[2026.01.07-14.51.40:376][341]LogStaticMesh: Building static mesh Box_Brush114_StaticMesh...
[2026.01.07-14.51.40:381][341]LogStaticMesh: Built static mesh [0.01s] /Game/Box_Brush114_StaticMesh.Box_Brush114_StaticMesh
[2026.01.07-14.51.40:393][341]LogActorFactory: Actor Factory created Box_Brush114_StaticMesh
[2026.01.07-14.51.40:722][341]LogEditor: Error: Actor 'Brush /Game/ThirdPersonBP/Maps/ThirdPersonExampleMap.ThirdPersonExampleMap:PersistentLevel.BoxBrush114' is marked pending kill and cannot be converted
[2026.01.07-14.51.40:722][341]LogEditor: Error: Actor 'Brush /Game/ThirdPersonBP/Maps/ThirdPersonExampleMap.ThirdPersonExampleMap:PersistentLevel.BoxBrush113' is marked pending kill and cannot be converted
[2026.01.07-14.51.40:722][341]LogEditor: Error: Actor 'Brush /Game/ThirdPersonBP/Maps/ThirdPersonExampleMap.ThirdPersonExampleMap:PersistentLevel.BoxBrush112' is marked pending kill and cannot be converted
[2026.01.07-14.51.40:722][341]LogEditor: Error: Actor 'Brush /Game/ThirdPersonBP/Maps/ThirdPersonExampleMap.ThirdPersonExampleMap:PersistentLevel.BoxBrush115' is marked pending kill and cannot be converted
[2026.01.07-14.51.40:722][341]EditorErrors: New page: Actor Reattachment
[2026.01.07-14.51.40:727][341]LogUObjectHash: Compacting FUObjectHashTables data took   0.56ms
[2026.01.07-14.51.54:678][852]LogAssetEditorSubsystem: Opening Asset editor for StaticMesh /Game/Box_Brush114_StaticMesh.Box_Brush114_StaticMesh
[2026.01.07-14.51.54:719][852]LogTexture: Default maximum texture size for cubemaps generated from long-lat sources has been changed from 512 to unlimited. In order to preserve old behaiour for '/Engine/EditorMaterials/AssetViewer/EpicQuadPanorama_CC+EV1.EpicQuadPanorama_CC+EV1', its maximum texture size has been explicitly set to 512.
[2026.01.07-14.51.54:797][852]LogTexture: Default maximum texture size for cubemaps generated from long-lat sources has been changed from 512 to unlimited. In order to preserve old behaiour for '/Engine/MapTemplates/Sky/SunsetAmbientCubemap.SunsetAmbientCubemap', its maximum texture size has been explicitly set to 512.
[2026.01.07-14.51.55:061][852]LogSlate: Took 0.008796 seconds to synchronously load lazily loaded font '../../../Engine/Content/Slate/Fonts/Roboto-Italic.ttf' (157K)
[2026.01.07-14.51.56:721][ 26]LogRenderer: Reallocating scene render targets to support 1432x920 Format 10 NumSamples 1 (Frame:167).
[2026.01.07-14.52.09:170][330]LogSlate: Window 'Box_Brush114_StaticMesh' being destroyed
[2026.01.07-14.52.27:570][481]LogEditorViewport: Clicking on Actor (LMB): ThirdPersonCharacter_C (ThirdPersonCharacter)
[2026.01.07-14.52.41:146][975]LogTemp: Repeating last play command: Selected Viewport
[2026.01.07-14.52.41:155][975]LogPlayLevel: PlayLevel: No blueprints needed recompiling
[2026.01.07-14.52.41:157][975]PIE: New page: PIE session: ThirdPersonExampleMap (7 sty 2026, 16:52:41)
[2026.01.07-14.52.41:159][975]LogOnline: OSS: Creating online subsystem instance for: NULL
[2026.01.07-14.52.41:160][975]LogOnline: OSS: TryLoadSubsystemAndSetDefault: Loaded subsystem for module [NULL]
[2026.01.07-14.52.41:160][975]LogPlayLevel: Creating play world package: /Game/ThirdPersonBP/Maps/UEDPIE_0_ThirdPersonExampleMap
[2026.01.07-14.52.41:238][975]LogPlayLevel: PIE: StaticDuplicateObject took: (0.077871s)
[2026.01.07-14.52.41:238][975]LogAIModule: Creating AISystem for world ThirdPersonExampleMap
[2026.01.07-14.52.41:239][975]LogPlayLevel: PIE: World Init took: (0.000868s)
[2026.01.07-14.52.41:239][975]LogPlayLevel: PIE: Created PIE world by copying editor world from /Game/ThirdPersonBP/Maps/ThirdPersonExampleMap.ThirdPersonExampleMap to /Game/ThirdPersonBP/Maps/UEDPIE_0_ThirdPersonExampleMap.ThirdPersonExampleMap (0.078873s)
[2026.01.07-14.52.41:245][975]LogUObjectHash: Compacting FUObjectHashTables data took   0.55ms
[2026.01.07-14.52.41:247][975]LogAudio: Display: Creating Audio Device:                 Id: 2, Scope: Unique, Realtime: True
[2026.01.07-14.52.41:247][975]LogAudioMixer: Display: Audio Mixer Platform Settings:
[2026.01.07-14.52.41:247][975]LogAudioMixer: Display: 	Sample Rate:						  48000
[2026.01.07-14.52.41:247][975]LogAudioMixer: Display: 	Callback Buffer Frame Size Requested: 1024
[2026.01.07-14.52.41:247][975]LogAudioMixer: Display: 	Callback Buffer Frame Size To Use:	  1024
[2026.01.07-14.52.41:247][975]LogAudioMixer: Display: 	Number of buffers to queue:			  2
[2026.01.07-14.52.41:247][975]LogAudioMixer: Display: 	Max Channels (voices):				  32
[2026.01.07-14.52.41:247][975]LogAudioMixer: Display: 	Number of Async Source Workers:		  0
[2026.01.07-14.52.41:247][975]LogAudio: Display: AudioDevice MaxSources: 32
[2026.01.07-14.52.41:247][975]LogAudio: Display: Audio Spatialization Plugin: None (built-in).
[2026.01.07-14.52.41:247][975]LogAudio: Display: Audio Reverb Plugin: None (built-in).
[2026.01.07-14.52.41:247][975]LogAudio: Display: Audio Occlusion Plugin: None (built-in).
[2026.01.07-14.52.41:247][975]LogAudioMixer: Display: Initializing audio mixer.
[2026.01.07-14.52.41:250][975]LogAudioMixer: Display: 0: FrontLeft
[2026.01.07-14.52.41:250][975]LogAudioMixer: Display: 1: FrontRight
[2026.01.07-14.52.41:256][975]LogAudioMixer: Display: Using Audio Device VG248 (3 — NVIDIA High Definition Audio)
[2026.01.07-14.52.41:256][975]LogAudioMixer: Display: Initializing Sound Submixes...
[2026.01.07-14.52.41:257][975]LogAudioMixer: Display: Creating Master Submix 'MasterSubmixDefault'
[2026.01.07-14.52.41:257][975]LogAudioMixer: Display: Creating Master Submix 'MasterReverbSubmixDefault'
[2026.01.07-14.52.41:257][975]LogAudioMixer: Display: Creating Master Submix 'MasterEQSubmixDefault'
[2026.01.07-14.52.41:257][975]LogAudioMixer: FMixerPlatformXAudio2::StartAudioStream() called
[2026.01.07-14.52.41:257][975]LogAudioMixer: Display: Output buffers initialized: Frames=1024, Channels=2, Samples=2048
[2026.01.07-14.52.41:258][975]LogAudioMixer: Display: Starting AudioMixerPlatformInterface::RunInternal()
[2026.01.07-14.52.41:258][975]LogAudioMixer: Display: FMixerPlatformXAudio2::SubmitBuffer() called for the first time
[2026.01.07-14.52.41:258][975]LogInit: FAudioDevice initialized.
[2026.01.07-14.52.41:258][975]LogAudio: Display: Audio Device (ID: 2) registered with world 'ThirdPersonExampleMap'.
[2026.01.07-14.52.41:277][975]LogLoad: Game class is 'ThirdPersonGameMode_C'
[2026.01.07-14.52.41:283][975]LogWorld: Bringing World /Game/ThirdPersonBP/Maps/UEDPIE_0_ThirdPersonExampleMap.ThirdPersonExampleMap up for play (max tick rate 0) at 2026.01.07-15.52.41
[2026.01.07-14.52.41:283][975]LogWorld: Bringing up level for play took: 0.005206
[2026.01.07-14.52.41:283][975]LogOnline: OSS: Creating online subsystem instance for: :Context_7
[2026.01.07-14.52.41:289][975]LogNativeClassHierarchy: Verbose: Native class hierarchy updated for 'MovieSceneCapture' in 0.0003 seconds. Added 20 classes and 0 folders.
[2026.01.07-14.52.41:290][975]PIE: Server logged in
[2026.01.07-14.52.41:291][975]PIE: Play in editor total start time 0,137 seconds.
[2026.01.07-14.52.50:714][ 96]LogSlate: Updating window title bar state: overlay mode, drag disabled, window buttons hidden, title bar hidden
[2026.01.07-14.52.50:714][ 96]LogWorld: BeginTearingDown for /Game/ThirdPersonBP/Maps/UEDPIE_0_ThirdPersonExampleMap
[2026.01.07-14.52.50:715][ 96]LogWorld: UWorld::CleanupWorld for ThirdPersonExampleMap, bSessionEnded=true, bCleanupResources=true
[2026.01.07-14.52.50:716][ 96]LogSlate: InvalidateAllWidgets triggered.  All widgets were invalidated
[2026.01.07-14.52.50:724][ 96]LogPlayLevel: Display: Shutting down PIE online subsystems
[2026.01.07-14.52.50:744][ 96]LogSlate: InvalidateAllWidgets triggered.  All widgets were invalidated
[2026.01.07-14.52.50:749][ 96]LogAudio: Display: Audio Device unregistered from world 'None'.
[2026.01.07-14.52.50:750][ 96]LogAudioMixer: FMixerPlatformXAudio2::StopAudioStream() called
[2026.01.07-14.52.50:751][ 96]LogAudioMixer: FMixerPlatformXAudio2::StopAudioStream() called
[2026.01.07-14.52.50:753][ 96]LogSlate: Updating window title bar state: overlay mode, drag disabled, window buttons hidden, title bar hidden
[2026.01.07-14.52.50:758][ 96]LogUObjectHash: Compacting FUObjectHashTables data took   0.65ms
[2026.01.07-14.52.50:785][ 97]LogPlayLevel: Display: Destroying online subsystem :Context_7
[2026.01.07-14.52.55:901][654]LogEditorViewport: Clicking on Actor (LMB): enemy01_C (enemy01)
[2026.01.07-14.53.02:878][472]LogAssetEditorSubsystem: Opening Asset editor for Blueprint /Game/bluprinty/enemy01.enemy01
[2026.01.07-14.53.02:974][472]LogNativeClassHierarchy: Verbose: Native class hierarchy updated for 'BlueprintGraph' in 0.0004 seconds. Added 126 classes and 0 folders.
[2026.01.07-14.53.03:515][472]LogSlate: Took 0.000163 seconds to synchronously load lazily loaded font '../../../Engine/Content/Slate/Fonts/Roboto-BoldCondensed.ttf' (158K)
[2026.01.07-14.53.14:511][472]BlueprintLog: New page: Compile enemy01
[2026.01.07-14.53.14:550][472]LogUObjectHash: Compacting FUObjectHashTables data took   1.57ms
[2026.01.07-14.53.47:262][726]LogUObjectHash: Compacting FUObjectHashTables data took   1.38ms
[2026.01.07-14.53.47:309][726]LogUObjectHash: Compacting FUObjectHashTables data took   0.38ms
[2026.01.07-14.53.47:700][726]LogSavePackage: Moving 'D:/rejp/ripositor/ligma_3rd_person/Saved/ThirdPersonExampleMapED980F5D4598D2126F2D649DA0CBE99D.tmp' to 'D:/rejp/ripositor/ligma_3rd_person/Content/ThirdPersonBP/Maps/ThirdPersonExampleMap.umap'
[2026.01.07-14.53.47:735][726]LogFileHelpers: Saving map 'ThirdPersonExampleMap' took 0.438
[2026.01.07-14.53.47:744][726]Cmd: OBJ SAVEPACKAGE PACKAGE="/Game/bluprinty/enemy01" FILE="D:/rejp/ripositor/ligma_3rd_person/Content/bluprinty/enemy01.uasset" SILENT=true
[2026.01.07-14.53.47:758][726]LogSavePackage: Moving 'D:/rejp/ripositor/ligma_3rd_person/Saved/enemy01E1D580494BD4AEFDE34BF6810A469F72.tmp' to 'D:/rejp/ripositor/ligma_3rd_person/Content/bluprinty/enemy01.uasset'
[2026.01.07-14.53.47:766][726]Cmd: OBJ SAVEPACKAGE PACKAGE="/Game/Box_Brush114_StaticMesh" FILE="D:/rejp/ripositor/ligma_3rd_person/Content/Box_Brush114_StaticMesh.uasset" SILENT=true
[2026.01.07-14.53.47:785][726]LogSavePackage: Moving 'D:/rejp/ripositor/ligma_3rd_person/Saved/Box_Brush114_StaticMesh29FD8ECC4BF8066B426FBA8639BAB5FF.tmp' to 'D:/rejp/ripositor/ligma_3rd_person/Content/Box_Brush114_StaticMesh.uasset'
[2026.01.07-14.53.47:794][726]AssetCheck: New page: Asset Save: multiple assets
[2026.01.07-14.53.47:794][726]LogContentValidation: Display: Validating Blueprint /Game/bluprinty/enemy01.enemy01
[2026.01.07-14.53.47:794][726]LogContentValidation: Display: Validating World /Game/ThirdPersonBP/Maps/ThirdPersonExampleMap.ThirdPersonExampleMap
[2026.01.07-14.53.47:794][726]LogContentValidation: Display: Validating StaticMesh /Game/Box_Brush114_StaticMesh.Box_Brush114_StaticMesh
[2026.01.07-14.53.51:230][ 79]LogEditorViewport: Clicking on Actor (context menu): StaticMeshActor (Box_Brush114_StaticMesh)
[2026.01.07-14.53.55:358][485]BlueprintLog: New page: Pre-Play auto-recompile
[2026.01.07-14.53.55:358][485]LogPlayLevel: [PlayLevel] Compiling enemy01 before play...
[2026.01.07-14.53.55:389][485]LogUObjectHash: Compacting FUObjectHashTables data took   1.39ms
[2026.01.07-14.53.55:390][485]LogPlayLevel: PlayLevel: Blueprint regeneration took 31 ms (1 blueprints)
[2026.01.07-14.53.55:390][485]PIE: New page: PIE session: ThirdPersonExampleMap (7 sty 2026, 16:53:55)
[2026.01.07-14.53.55:412][485]LogPlayLevel: Creating play world package: /Game/ThirdPersonBP/Maps/UEDPIE_0_ThirdPersonExampleMap
[2026.01.07-14.53.55:489][485]LogPlayLevel: PIE: StaticDuplicateObject took: (0.077057s)
[2026.01.07-14.53.55:490][485]LogAIModule: Creating AISystem for world ThirdPersonExampleMap
[2026.01.07-14.53.55:490][485]LogPlayLevel: PIE: World Init took: (0.000757s)
[2026.01.07-14.53.55:490][485]LogPlayLevel: PIE: Created PIE world by copying editor world from /Game/ThirdPersonBP/Maps/ThirdPersonExampleMap.ThirdPersonExampleMap to /Game/ThirdPersonBP/Maps/UEDPIE_0_ThirdPersonExampleMap.ThirdPersonExampleMap (0.077930s)
[2026.01.07-14.53.55:503][485]LogUObjectHash: Compacting FUObjectHashTables data took   1.14ms
[2026.01.07-14.53.55:503][485]LogAudio: Display: Creating Audio Device:                 Id: 3, Scope: Unique, Realtime: True
[2026.01.07-14.53.55:503][485]LogAudioMixer: Display: Audio Mixer Platform Settings:
[2026.01.07-14.53.55:503][485]LogAudioMixer: Display: 	Sample Rate:						  48000
[2026.01.07-14.53.55:503][485]LogAudioMixer: Display: 	Callback Buffer Frame Size Requested: 1024
[2026.01.07-14.53.55:503][485]LogAudioMixer: Display: 	Callback Buffer Frame Size To Use:	  1024
[2026.01.07-14.53.55:503][485]LogAudioMixer: Display: 	Number of buffers to queue:			  2
[2026.01.07-14.53.55:503][485]LogAudioMixer: Display: 	Max Channels (voices):				  32
[2026.01.07-14.53.55:503][485]LogAudioMixer: Display: 	Number of Async Source Workers:		  0
[2026.01.07-14.53.55:503][485]LogAudio: Display: AudioDevice MaxSources: 32
[2026.01.07-14.53.55:503][485]LogAudio: Display: Audio Spatialization Plugin: None (built-in).
[2026.01.07-14.53.55:503][485]LogAudio: Display: Audio Reverb Plugin: None (built-in).
[2026.01.07-14.53.55:503][485]LogAudio: Display: Audio Occlusion Plugin: None (built-in).
[2026.01.07-14.53.55:503][485]LogAudioMixer: Display: Initializing audio mixer.
[2026.01.07-14.53.55:506][485]LogAudioMixer: Display: 0: FrontLeft
[2026.01.07-14.53.55:506][485]LogAudioMixer: Display: 1: FrontRight
[2026.01.07-14.53.55:511][485]LogAudioMixer: Display: Using Audio Device VG248 (3 — NVIDIA High Definition Audio)
[2026.01.07-14.53.55:511][485]LogAudioMixer: Display: Initializing Sound Submixes...
[2026.01.07-14.53.55:511][485]LogAudioMixer: Display: Creating Master Submix 'MasterSubmixDefault'
[2026.01.07-14.53.55:511][485]LogAudioMixer: Display: Creating Master Submix 'MasterReverbSubmixDefault'
[2026.01.07-14.53.55:512][485]LogAudioMixer: Display: Creating Master Submix 'MasterEQSubmixDefault'
[2026.01.07-14.53.55:512][485]LogAudioMixer: FMixerPlatformXAudio2::StartAudioStream() called
[2026.01.07-14.53.55:512][485]LogAudioMixer: Display: Output buffers initialized: Frames=1024, Channels=2, Samples=2048
[2026.01.07-14.53.55:512][485]LogAudioMixer: Display: Starting AudioMixerPlatformInterface::RunInternal()
[2026.01.07-14.53.55:512][485]LogAudioMixer: Display: FMixerPlatformXAudio2::SubmitBuffer() called for the first time
[2026.01.07-14.53.55:512][485]LogInit: FAudioDevice initialized.
[2026.01.07-14.53.55:512][485]LogAudio: Display: Audio Device (ID: 3) registered with world 'ThirdPersonExampleMap'.
[2026.01.07-14.53.55:519][485]LogLoad: Game class is 'ThirdPersonGameMode_C'
[2026.01.07-14.53.55:524][485]LogWorld: Bringing World /Game/ThirdPersonBP/Maps/UEDPIE_0_ThirdPersonExampleMap.ThirdPersonExampleMap up for play (max tick rate 0) at 2026.01.07-15.53.55
[2026.01.07-14.53.55:524][485]LogWorld: Bringing up level for play took: 0.004988
[2026.01.07-14.53.55:524][485]LogOnline: OSS: Creating online subsystem instance for: :Context_9
[2026.01.07-14.53.55:526][485]PIE: Server logged in
[2026.01.07-14.53.55:526][485]PIE: Play in editor total start time 0,169 seconds.
[2026.01.07-14.54.04:522][546]LogSlate: Updating window title bar state: overlay mode, drag disabled, window buttons hidden, title bar hidden
[2026.01.07-14.54.04:522][546]LogWorld: BeginTearingDown for /Game/ThirdPersonBP/Maps/UEDPIE_0_ThirdPersonExampleMap
[2026.01.07-14.54.04:523][546]LogWorld: UWorld::CleanupWorld for ThirdPersonExampleMap, bSessionEnded=true, bCleanupResources=true
[2026.01.07-14.54.04:523][546]LogSlate: InvalidateAllWidgets triggered.  All widgets were invalidated
[2026.01.07-14.54.04:529][546]LogPlayLevel: Display: Shutting down PIE online subsystems
[2026.01.07-14.54.04:540][546]LogSlate: InvalidateAllWidgets triggered.  All widgets were invalidated
[2026.01.07-14.54.04:552][546]LogSlate: Updating window title bar state: overlay mode, drag disabled, window buttons hidden, title bar hidden
[2026.01.07-14.54.04:553][546]LogAudioMixer: FMixerPlatformXAudio2::StopAudioStream() called
[2026.01.07-14.54.04:554][546]LogAudioMixer: FMixerPlatformXAudio2::StopAudioStream() called
[2026.01.07-14.54.04:559][546]LogUObjectHash: Compacting FUObjectHashTables data took   1.22ms
[2026.01.07-14.54.04:610][548]LogPlayLevel: Display: Destroying online subsystem :Context_9
[2026.01.07-14.54.05:227][622]LogEditorViewport: Clicking on Actor (LMB): enemy01_C (enemy01)
[2026.01.07-14.54.26:335][ 11]LogEditorViewport: Clicking on Actor (LMB): StaticMeshActor (Box_Brush114_StaticMesh)
[2026.01.07-14.54.28:534][272]LogEditorViewport: Clicking on Actor (LMB): NavMeshBoundsVolume (NavMeshBoundsVolume)
[2026.01.07-14.54.29:565][391]LogEditorViewport: Clicking on Actor (LMB): bp_level-marker_C (bp_level-marker10)
[2026.01.07-14.54.32:419][731]LogEditorViewport: Clicking on Actor (LMB): enemy01_C (enemy01)
[2026.01.07-14.54.48:173][538]LogEditorViewport: Clicking on Actor (LMB): NavMeshBoundsVolume (NavMeshBoundsVolume)
[2026.01.07-14.54.59:744][911]LogEditorViewport: Clicking on Actor (LMB): enemy01_C (enemy01)
[2026.01.07-14.55.00:419][990]Cmd: CAMERA ALIGN ACTIVEVIEWPORTONLY
[2026.01.07-14.55.22:268][ 83]BlueprintLog: New page: Compile enemy01
[2026.01.07-14.55.22:296][ 83]LogUObjectHash: Compacting FUObjectHashTables data took   1.24ms
[2026.01.07-14.55.23:898][242]Cmd: OBJ SAVEPACKAGE PACKAGE="/Game/bluprinty/enemy01" FILE="D:/rejp/ripositor/ligma_3rd_person/Content/bluprinty/enemy01.uasset" SILENT=true
[2026.01.07-14.55.23:912][242]LogSavePackage: Moving 'D:/rejp/ripositor/ligma_3rd_person/Saved/enemy01EA4B5D8842952E967D59CF8433E6136D.tmp' to 'D:/rejp/ripositor/ligma_3rd_person/Content/bluprinty/enemy01.uasset'
[2026.01.07-14.55.23:921][242]AssetCheck: New page: Asset Save: enemy01
[2026.01.07-14.55.23:921][242]LogContentValidation: Display: Validating Blueprint /Game/bluprinty/enemy01.enemy01
[2026.01.07-14.56.18:401][149]Cmd: CAMERA ALIGN ACTIVEVIEWPORTONLY
[2026.01.07-14.57.10:675][717]BlueprintLog: New page: Compile enemy01
[2026.01.07-14.57.10:703][717]LogUObjectHash: Compacting FUObjectHashTables data took   1.53ms
[2026.01.07-14.57.12:148][855]Cmd: OBJ SAVEPACKAGE PACKAGE="/Game/bluprinty/enemy01" FILE="D:/rejp/ripositor/ligma_3rd_person/Content/bluprinty/enemy01.uasset" SILENT=true
[2026.01.07-14.57.12:161][855]LogSavePackage: Moving 'D:/rejp/ripositor/ligma_3rd_person/Saved/enemy015A4F63364D3DC6836FEF6998E9BEA4E7.tmp' to 'D:/rejp/ripositor/ligma_3rd_person/Content/bluprinty/enemy01.uasset'
[2026.01.07-14.57.12:170][855]AssetCheck: New page: Asset Save: enemy01
[2026.01.07-14.57.12:170][855]LogContentValidation: Display: Validating Blueprint /Game/bluprinty/enemy01.enemy01
[2026.01.07-14.57.13:512][ 14]Cmd: OBJ SAVEPACKAGE PACKAGE="/Game/bluprinty/enemy01" FILE="D:/rejp/ripositor/ligma_3rd_person/Content/bluprinty/enemy01.uasset" SILENT=true
[2026.01.07-14.57.13:523][ 14]LogSavePackage: Moving 'D:/rejp/ripositor/ligma_3rd_person/Saved/enemy01522F566B4C821D7E572D338CDE424545.tmp' to 'D:/rejp/ripositor/ligma_3rd_person/Content/bluprinty/enemy01.uasset'
[2026.01.07-14.57.13:532][ 14]AssetCheck: New page: Asset Save: enemy01
[2026.01.07-14.57.13:532][ 14]LogContentValidation: Display: Validating Blueprint /Game/bluprinty/enemy01.enemy01
[2026.01.07-14.57.15:911][230]Cmd: OBJ SAVEPACKAGE PACKAGE="/Game/bluprinty/enemy01" FILE="D:/rejp/ripositor/ligma_3rd_person/Content/bluprinty/enemy01.uasset" SILENT=true
[2026.01.07-14.57.15:922][230]LogSavePackage: Moving 'D:/rejp/ripositor/ligma_3rd_person/Saved/enemy01BB6706554E0D8856A8C274B739FCE828.tmp' to 'D:/rejp/ripositor/ligma_3rd_person/Content/bluprinty/enemy01.uasset'
[2026.01.07-14.57.15:931][230]AssetCheck: New page: Asset Save: enemy01
[2026.01.07-14.57.15:931][230]LogContentValidation: Display: Validating Blueprint /Game/bluprinty/enemy01.enemy01
[2026.01.07-14.57.45:694][398]LogEditorClassViewer: Warning: Class /Engine/Tutorial/InWorldBlueprintEditing/TutorialAssets/IWBE_Blutility.IWBE_Blutility_C has parent /Script/Blutility.PlacedEditorUtilityBase, but this parent is not found. The Class will not be shown in ClassViewer.
[2026.01.07-14.57.54:531][209]LogTemp: Repeating last play command: Selected Viewport
[2026.01.07-14.57.54:538][209]LogPlayLevel: PlayLevel: No blueprints needed recompiling
[2026.01.07-14.57.54:538][209]PIE: New page: PIE session: ThirdPersonExampleMap (7 sty 2026, 16:57:54)
[2026.01.07-14.57.54:558][209]LogPlayLevel: Creating play world package: /Game/ThirdPersonBP/Maps/UEDPIE_0_ThirdPersonExampleMap
[2026.01.07-14.57.54:636][209]LogPlayLevel: PIE: StaticDuplicateObject took: (0.077983s)
[2026.01.07-14.57.54:637][209]LogAIModule: Creating AISystem for world ThirdPersonExampleMap
[2026.01.07-14.57.54:637][209]LogPlayLevel: PIE: World Init took: (0.000788s)
[2026.01.07-14.57.54:637][209]LogPlayLevel: PIE: Created PIE world by copying editor world from /Game/ThirdPersonBP/Maps/ThirdPersonExampleMap.ThirdPersonExampleMap to /Game/ThirdPersonBP/Maps/UEDPIE_0_ThirdPersonExampleMap.ThirdPersonExampleMap (0.078902s)
[2026.01.07-14.57.54:650][209]LogUObjectHash: Compacting FUObjectHashTables data took   1.45ms
[2026.01.07-14.57.54:651][209]LogAudio: Display: Creating Audio Device:                 Id: 4, Scope: Unique, Realtime: True
[2026.01.07-14.57.54:651][209]LogAudioMixer: Display: Audio Mixer Platform Settings:
[2026.01.07-14.57.54:651][209]LogAudioMixer: Display: 	Sample Rate:						  48000
[2026.01.07-14.57.54:651][209]LogAudioMixer: Display: 	Callback Buffer Frame Size Requested: 1024
[2026.01.07-14.57.54:651][209]LogAudioMixer: Display: 	Callback Buffer Frame Size To Use:	  1024
[2026.01.07-14.57.54:651][209]LogAudioMixer: Display: 	Number of buffers to queue:			  2
[2026.01.07-14.57.54:651][209]LogAudioMixer: Display: 	Max Channels (voices):				  32
[2026.01.07-14.57.54:651][209]LogAudioMixer: Display: 	Number of Async Source Workers:		  0
[2026.01.07-14.57.54:651][209]LogAudio: Display: AudioDevice MaxSources: 32
[2026.01.07-14.57.54:651][209]LogAudio: Display: Audio Spatialization Plugin: None (built-in).
[2026.01.07-14.57.54:651][209]LogAudio: Display: Audio Reverb Plugin: None (built-in).
[2026.01.07-14.57.54:651][209]LogAudio: Display: Audio Occlusion Plugin: None (built-in).
[2026.01.07-14.57.54:651][209]LogAudioMixer: Display: Initializing audio mixer.
[2026.01.07-14.57.54:654][209]LogAudioMixer: Display: 0: FrontLeft
[2026.01.07-14.57.54:654][209]LogAudioMixer: Display: 1: FrontRight
[2026.01.07-14.57.54:660][209]LogAudioMixer: Display: Using Audio Device VG248 (3 — NVIDIA High Definition Audio)
[2026.01.07-14.57.54:660][209]LogAudioMixer: Display: Initializing Sound Submixes...
[2026.01.07-14.57.54:660][209]LogAudioMixer: Display: Creating Master Submix 'MasterSubmixDefault'
[2026.01.07-14.57.54:660][209]LogAudioMixer: Display: Creating Master Submix 'MasterReverbSubmixDefault'
[2026.01.07-14.57.54:660][209]LogAudioMixer: Display: Creating Master Submix 'MasterEQSubmixDefault'
[2026.01.07-14.57.54:660][209]LogAudioMixer: FMixerPlatformXAudio2::StartAudioStream() called
[2026.01.07-14.57.54:660][209]LogAudioMixer: Display: Output buffers initialized: Frames=1024, Channels=2, Samples=2048
[2026.01.07-14.57.54:661][209]LogAudioMixer: Display: Starting AudioMixerPlatformInterface::RunInternal()
[2026.01.07-14.57.54:661][209]LogAudioMixer: Display: FMixerPlatformXAudio2::SubmitBuffer() called for the first time
[2026.01.07-14.57.54:661][209]LogInit: FAudioDevice initialized.
[2026.01.07-14.57.54:661][209]LogAudio: Display: Audio Device (ID: 4) registered with world 'ThirdPersonExampleMap'.
[2026.01.07-14.57.54:668][209]LogLoad: Game class is 'ThirdPersonGameMode_C'
[2026.01.07-14.57.54:674][209]LogWorld: Bringing World /Game/ThirdPersonBP/Maps/UEDPIE_0_ThirdPersonExampleMap.ThirdPersonExampleMap up for play (max tick rate 0) at 2026.01.07-15.57.54
[2026.01.07-14.57.54:674][209]LogWorld: Bringing up level for play took: 0.005195
[2026.01.07-14.57.54:674][209]LogOnline: OSS: Creating online subsystem instance for: :Context_10
[2026.01.07-14.57.54:676][209]PIE: Server logged in
[2026.01.07-14.57.54:677][209]PIE: Play in editor total start time 0,14 seconds.
[2026.01.07-14.57.56:579][418]LogSlate: Updating window title bar state: overlay mode, drag disabled, window buttons hidden, title bar hidden
[2026.01.07-14.57.56:579][418]LogWorld: BeginTearingDown for /Game/ThirdPersonBP/Maps/UEDPIE_0_ThirdPersonExampleMap
[2026.01.07-14.57.56:580][418]LogWorld: UWorld::CleanupWorld for ThirdPersonExampleMap, bSessionEnded=true, bCleanupResources=true
[2026.01.07-14.57.56:580][418]LogSlate: InvalidateAllWidgets triggered.  All widgets were invalidated
[2026.01.07-14.57.56:587][418]LogPlayLevel: Display: Shutting down PIE online subsystems
[2026.01.07-14.57.56:594][418]LogSlate: InvalidateAllWidgets triggered.  All widgets were invalidated
[2026.01.07-14.57.56:611][418]LogAudio: Display: Audio Device unregistered from world 'None'.
[2026.01.07-14.57.56:611][418]LogAudioMixer: FMixerPlatformXAudio2::StopAudioStream() called
[2026.01.07-14.57.56:612][418]LogAudioMixer: FMixerPlatformXAudio2::StopAudioStream() called
[2026.01.07-14.57.56:614][418]LogSlate: Updating window title bar state: overlay mode, drag disabled, window buttons hidden, title bar hidden
[2026.01.07-14.57.56:617][418]LogUObjectHash: Compacting FUObjectHashTables data took   1.40ms
[2026.01.07-14.57.56:660][420]LogPlayLevel: Display: Destroying online subsystem :Context_10
[2026.01.07-14.58.07:740][581]LogAssetEditorSubsystem: Opening Asset editor for Blueprint /Game/ThirdPersonBP/Blueprints/ThirdPersonCharacter.ThirdPersonCharacter
[2026.01.07-14.58.19:374][702]LogTemp: Repeating last play command: Selected Viewport
[2026.01.07-14.58.19:380][702]LogPlayLevel: PlayLevel: No blueprints needed recompiling
[2026.01.07-14.58.19:380][702]PIE: New page: PIE session: ThirdPersonExampleMap (7 sty 2026, 16:58:19)
[2026.01.07-14.58.19:380][702]LogPlayLevel: Creating play world package: /Game/ThirdPersonBP/Maps/UEDPIE_0_ThirdPersonExampleMap
[2026.01.07-14.58.19:460][702]LogPlayLevel: PIE: StaticDuplicateObject took: (0.079051s)
[2026.01.07-14.58.19:460][702]LogAIModule: Creating AISystem for world ThirdPersonExampleMap
[2026.01.07-14.58.19:460][702]LogPlayLevel: PIE: World Init took: (0.000852s)
[2026.01.07-14.58.19:460][702]LogPlayLevel: PIE: Created PIE world by copying editor world from /Game/ThirdPersonBP/Maps/ThirdPersonExampleMap.ThirdPersonExampleMap to /Game/ThirdPersonBP/Maps/UEDPIE_0_ThirdPersonExampleMap.ThirdPersonExampleMap (0.080002s)
[2026.01.07-14.58.19:475][702]LogUObjectHash: Compacting FUObjectHashTables data took   1.18ms
[2026.01.07-14.58.19:475][702]LogAudio: Display: Creating Audio Device:                 Id: 5, Scope: Unique, Realtime: True
[2026.01.07-14.58.19:475][702]LogAudioMixer: Display: Audio Mixer Platform Settings:
[2026.01.07-14.58.19:475][702]LogAudioMixer: Display: 	Sample Rate:						  48000
[2026.01.07-14.58.19:475][702]LogAudioMixer: Display: 	Callback Buffer Frame Size Requested: 1024
[2026.01.07-14.58.19:475][702]LogAudioMixer: Display: 	Callback Buffer Frame Size To Use:	  1024
[2026.01.07-14.58.19:475][702]LogAudioMixer: Display: 	Number of buffers to queue:			  2
[2026.01.07-14.58.19:475][702]LogAudioMixer: Display: 	Max Channels (voices):				  32
[2026.01.07-14.58.19:475][702]LogAudioMixer: Display: 	Number of Async Source Workers:		  0
[2026.01.07-14.58.19:475][702]LogAudio: Display: AudioDevice MaxSources: 32
[2026.01.07-14.58.19:475][702]LogAudio: Display: Audio Spatialization Plugin: None (built-in).
[2026.01.07-14.58.19:475][702]LogAudio: Display: Audio Reverb Plugin: None (built-in).
[2026.01.07-14.58.19:475][702]LogAudio: Display: Audio Occlusion Plugin: None (built-in).
[2026.01.07-14.58.19:475][702]LogAudioMixer: Display: Initializing audio mixer.
[2026.01.07-14.58.19:478][702]LogAudioMixer: Display: 0: FrontLeft
[2026.01.07-14.58.19:478][702]LogAudioMixer: Display: 1: FrontRight
[2026.01.07-14.58.19:483][702]LogAudioMixer: Display: Using Audio Device VG248 (3 — NVIDIA High Definition Audio)
[2026.01.07-14.58.19:484][702]LogAudioMixer: Display: Initializing Sound Submixes...
[2026.01.07-14.58.19:484][702]LogAudioMixer: Display: Creating Master Submix 'MasterSubmixDefault'
[2026.01.07-14.58.19:484][702]LogAudioMixer: Display: Creating Master Submix 'MasterReverbSubmixDefault'
[2026.01.07-14.58.19:484][702]LogAudioMixer: Display: Creating Master Submix 'MasterEQSubmixDefault'
[2026.01.07-14.58.19:484][702]LogAudioMixer: FMixerPlatformXAudio2::StartAudioStream() called
[2026.01.07-14.58.19:484][702]LogAudioMixer: Display: Output buffers initialized: Frames=1024, Channels=2, Samples=2048
[2026.01.07-14.58.19:485][702]LogAudioMixer: Display: Starting AudioMixerPlatformInterface::RunInternal()
[2026.01.07-14.58.19:485][702]LogAudioMixer: Display: FMixerPlatformXAudio2::SubmitBuffer() called for the first time
[2026.01.07-14.58.19:485][702]LogInit: FAudioDevice initialized.
[2026.01.07-14.58.19:485][702]LogAudio: Display: Audio Device (ID: 5) registered with world 'ThirdPersonExampleMap'.
[2026.01.07-14.58.19:525][702]LogSlate: Updating window title bar state: overlay mode, drag disabled, window buttons hidden, title bar hidden
[2026.01.07-14.58.19:526][702]LogLoad: Game class is 'ThirdPersonGameMode_C'
[2026.01.07-14.58.19:533][702]LogWorld: Bringing World /Game/ThirdPersonBP/Maps/UEDPIE_0_ThirdPersonExampleMap.ThirdPersonExampleMap up for play (max tick rate 0) at 2026.01.07-15.58.19
[2026.01.07-14.58.19:533][702]LogWorld: Bringing up level for play took: 0.007266
[2026.01.07-14.58.19:534][702]LogOnline: OSS: Creating online subsystem instance for: :Context_12
[2026.01.07-14.58.19:536][702]PIE: Server logged in
[2026.01.07-14.58.19:536][702]PIE: Play in editor total start time 0,157 seconds.
[2026.01.07-14.58.36:618][735]LogSlate: Updating window title bar state: overlay mode, drag disabled, window buttons hidden, title bar hidden
[2026.01.07-14.58.36:618][735]LogWorld: BeginTearingDown for /Game/ThirdPersonBP/Maps/UEDPIE_0_ThirdPersonExampleMap
[2026.01.07-14.58.36:619][735]LogSlate: Window 'ligma_3rd_person Preview [NetMode: Standalone]  (64-bit/Windows) ' being destroyed
[2026.01.07-14.58.36:621][735]LogWorld: UWorld::CleanupWorld for ThirdPersonExampleMap, bSessionEnded=true, bCleanupResources=true
[2026.01.07-14.58.36:622][735]LogSlate: InvalidateAllWidgets triggered.  All widgets were invalidated
[2026.01.07-14.58.36:638][735]LogPlayLevel: Display: Shutting down PIE online subsystems
[2026.01.07-14.58.36:659][735]LogSlate: InvalidateAllWidgets triggered.  All widgets were invalidated
[2026.01.07-14.58.36:674][735]LogAudio: Display: Audio Device unregistered from world 'None'.
[2026.01.07-14.58.36:674][735]LogAudioMixer: FMixerPlatformXAudio2::StopAudioStream() called
[2026.01.07-14.58.36:675][735]LogAudioMixer: FMixerPlatformXAudio2::StopAudioStream() called
[2026.01.07-14.58.36:680][735]LogUObjectHash: Compacting FUObjectHashTables data took   1.23ms
[2026.01.07-14.58.36:694][736]LogPlayLevel: Display: Destroying online subsystem :Context_12
[2026.01.07-14.59.06:774][660]LogTemp: Repeating last play command: Selected Viewport
[2026.01.07-14.59.06:781][660]LogPlayLevel: PlayLevel: No blueprints needed recompiling
[2026.01.07-14.59.06:781][660]PIE: New page: PIE session: ThirdPersonExampleMap (7 sty 2026, 16:59:06)
[2026.01.07-14.59.06:781][660]LogPlayLevel: Creating play world package: /Game/ThirdPersonBP/Maps/UEDPIE_0_ThirdPersonExampleMap
[2026.01.07-14.59.08:268][660]LogPlayLevel: PIE: StaticDuplicateObject took: (1.486996s)
[2026.01.07-14.59.08:269][660]LogAIModule: Creating AISystem for world ThirdPersonExampleMap
[2026.01.07-14.59.08:269][660]LogPlayLevel: PIE: World Init took: (0.000812s)
[2026.01.07-14.59.08:269][660]LogPlayLevel: PIE: Created PIE world by copying editor world from /Game/ThirdPersonBP/Maps/ThirdPersonExampleMap.ThirdPersonExampleMap to /Game/ThirdPersonBP/Maps/UEDPIE_0_ThirdPersonExampleMap.ThirdPersonExampleMap (1.487949s)
[2026.01.07-14.59.08:283][660]LogUObjectHash: Compacting FUObjectHashTables data took   1.32ms
[2026.01.07-14.59.08:283][660]LogAudio: Display: Creating Audio Device:                 Id: 6, Scope: Unique, Realtime: True
[2026.01.07-14.59.08:283][660]LogAudioMixer: Display: Audio Mixer Platform Settings:
[2026.01.07-14.59.08:283][660]LogAudioMixer: Display: 	Sample Rate:						  48000
[2026.01.07-14.59.08:283][660]LogAudioMixer: Display: 	Callback Buffer Frame Size Requested: 1024
[2026.01.07-14.59.08:283][660]LogAudioMixer: Display: 	Callback Buffer Frame Size To Use:	  1024
[2026.01.07-14.59.08:283][660]LogAudioMixer: Display: 	Number of buffers to queue:			  2
[2026.01.07-14.59.08:283][660]LogAudioMixer: Display: 	Max Channels (voices):				  32
[2026.01.07-14.59.08:283][660]LogAudioMixer: Display: 	Number of Async Source Workers:		  0
[2026.01.07-14.59.08:283][660]LogAudio: Display: AudioDevice MaxSources: 32
[2026.01.07-14.59.08:284][660]LogAudio: Display: Audio Spatialization Plugin: None (built-in).
[2026.01.07-14.59.08:284][660]LogAudio: Display: Audio Reverb Plugin: None (built-in).
[2026.01.07-14.59.08:284][660]LogAudio: Display: Audio Occlusion Plugin: None (built-in).
[2026.01.07-14.59.08:284][660]LogAudioMixer: Display: Initializing audio mixer.
[2026.01.07-14.59.08:287][660]LogAudioMixer: Display: 0: FrontLeft
[2026.01.07-14.59.08:287][660]LogAudioMixer: Display: 1: FrontRight
[2026.01.07-14.59.08:292][660]LogAudioMixer: Display: Using Audio Device VG248 (3 — NVIDIA High Definition Audio)
[2026.01.07-14.59.08:292][660]LogAudioMixer: Display: Initializing Sound Submixes...
[2026.01.07-14.59.08:292][660]LogAudioMixer: Display: Creating Master Submix 'MasterSubmixDefault'
[2026.01.07-14.59.08:292][660]LogAudioMixer: Display: Creating Master Submix 'MasterReverbSubmixDefault'
[2026.01.07-14.59.08:292][660]LogAudioMixer: Display: Creating Master Submix 'MasterEQSubmixDefault'
[2026.01.07-14.59.08:293][660]LogAudioMixer: FMixerPlatformXAudio2::StartAudioStream() called
[2026.01.07-14.59.08:293][660]LogAudioMixer: Display: Output buffers initialized: Frames=1024, Channels=2, Samples=2048
[2026.01.07-14.59.08:293][660]LogAudioMixer: Display: Starting AudioMixerPlatformInterface::RunInternal()
[2026.01.07-14.59.08:293][660]LogAudioMixer: Display: FMixerPlatformXAudio2::SubmitBuffer() called for the first time
[2026.01.07-14.59.08:293][660]LogInit: FAudioDevice initialized.
[2026.01.07-14.59.08:293][660]LogAudio: Display: Audio Device (ID: 6) registered with world 'ThirdPersonExampleMap'.
[2026.01.07-14.59.08:325][660]LogSlate: Updating window title bar state: overlay mode, drag disabled, window buttons hidden, title bar hidden
[2026.01.07-14.59.08:326][660]LogLoad: Game class is 'ThirdPersonGameMode_C'
[2026.01.07-14.59.08:341][660]LogWorld: Bringing World /Game/ThirdPersonBP/Maps/UEDPIE_0_ThirdPersonExampleMap.ThirdPersonExampleMap up for play (max tick rate 0) at 2026.01.07-15.59.08
[2026.01.07-14.59.08:341][660]LogWorld: Bringing up level for play took: 0.013442
[2026.01.07-14.59.08:341][660]LogOnline: OSS: Creating online subsystem instance for: :Context_13
[2026.01.07-14.59.08:344][660]PIE: Server logged in
[2026.01.07-14.59.08:344][660]PIE: Play in editor total start time 1,564 seconds.
[2026.01.07-14.59.08:345][660]LogBlueprintDebug: Warning: Hit breakpoint on node 'K2Node_AIMoveTo', from offset 43
[2026.01.07-14.59.08:345][660]LogBlueprintDebug: 
Script call stack:
	Function /Game/bluprinty/enemy01.enemy01_C:ReceiveTick
	Function /Game/bluprinty/enemy01.enemy01_C:ExecuteUbergraph_enemy01

[2026.01.07-14.59.12:707][661]LogBlueprintDebug: Warning: Hit breakpoint on node 'K2Node_AIMoveTo', from offset 43
[2026.01.07-14.59.12:707][661]LogBlueprintDebug: 
Script call stack:
	Function /Game/bluprinty/enemy01.enemy01_C:ReceiveTick
	Function /Game/bluprinty/enemy01.enemy01_C:ExecuteUbergraph_enemy01

[2026.01.07-14.59.13:203][661]LogBlueprintDebug: Warning: Hit breakpoint on node 'K2Node_AIMoveTo', from offset 43
[2026.01.07-14.59.13:203][661]LogBlueprintDebug: 
Script call stack:
	Function /Game/bluprinty/enemy01.enemy01_C:ExecuteUbergraph_enemy01

[2026.01.07-14.59.13:948][661]LogSlate: Updating window title bar state: overlay mode, drag disabled, window buttons hidden, title bar hidden
[2026.01.07-14.59.13:948][661]LogWorld: BeginTearingDown for /Game/ThirdPersonBP/Maps/UEDPIE_0_ThirdPersonExampleMap
[2026.01.07-14.59.13:948][661]LogSlate: Window 'ligma_3rd_person Preview [NetMode: Standalone]  (64-bit/Windows) ' being destroyed
[2026.01.07-14.59.13:949][661]LogWorld: UWorld::CleanupWorld for ThirdPersonExampleMap, bSessionEnded=true, bCleanupResources=true
[2026.01.07-14.59.13:950][661]LogSlate: InvalidateAllWidgets triggered.  All widgets were invalidated
[2026.01.07-14.59.13:963][661]LogPlayLevel: Display: Shutting down PIE online subsystems
[2026.01.07-14.59.13:985][661]LogSlate: InvalidateAllWidgets triggered.  All widgets were invalidated
[2026.01.07-14.59.13:998][661]LogAudio: Display: Audio Device unregistered from world 'None'.
[2026.01.07-14.59.13:998][661]LogAudioMixer: FMixerPlatformXAudio2::StopAudioStream() called
[2026.01.07-14.59.13:999][661]LogAudioMixer: FMixerPlatformXAudio2::StopAudioStream() called
[2026.01.07-14.59.14:004][661]LogUObjectHash: Compacting FUObjectHashTables data took   1.18ms
[2026.01.07-14.59.14:019][662]LogHttp: Warning: 000001C7A1FDA400: invalid HTTP response code received. URL: https://datarouter.ol.epicgames.com/datarouter/api/v1/public/data?SessionID=%7B451D5FE6-4B3D-C18B-DEB2-0AABF80EFA92%7D&AppID=UEEditor.Rocket.Release&AppVersion=4.27.2-18319896%2B%2B%2BUE4%2BRelease-4.27&UserID=b3054aa44b0b5390746a0e86d9f0a1f0%7C0dac5ba5e0424d72abe55398be510165%7C172ba42e-47bd-4b87-a3d7-5ad34345227c&AppEnvironment=datacollector-binary&UploadType=eteventstream, HTTP code: 0, content length: 0, actual payload size: 0
[2026.01.07-14.59.14:019][662]LogHttp: Warning: 000001C7A1FDA400: request failed, libcurl error: 56 (Failure when receiving data from the peer)
[2026.01.07-14.59.14:019][662]LogHttp: Warning: 000001C7A1FDA400: libcurl info message cache 0 (Found bundle for host datarouter.ol.epicgames.com: 0x1c776873eb0 [can pipeline])
[2026.01.07-14.59.14:019][662]LogHttp: Warning: 000001C7A1FDA400: libcurl info message cache 1 (Re-using existing connection! (#0) with host datarouter.ol.epicgames.com)
[2026.01.07-14.59.14:019][662]LogHttp: Warning: 000001C7A1FDA400: libcurl info message cache 2 (Connected to datarouter.ol.epicgames.com (52.205.109.81) port 443 (#0))
[2026.01.07-14.59.14:019][662]LogHttp: Warning: 000001C7A1FDA400: libcurl info message cache 3 (TLSv1.3 (OUT), TLS Unknown, Unknown (23):)
[2026.01.07-14.59.14:019][662]LogHttp: Warning: 000001C7A1FDA400: libcurl info message cache 4 (TLSv1.3 (OUT), TLS Unknown, Unknown (23):)
[2026.01.07-14.59.14:019][662]LogHttp: Warning: 000001C7A1FDA400: libcurl info message cache 5 (We are completely uploaded and fine)
[2026.01.07-14.59.14:019][662]LogHttp: Warning: 000001C7A1FDA400: libcurl info message cache 6 (OpenSSL SSL_read: SSL_ERROR_SYSCALL, errno 10054)
[2026.01.07-14.59.14:019][662]LogHttp: Warning: 000001C7A1FDA400: libcurl info message cache 7 (Connection died, retrying a fresh connect)
[2026.01.07-14.59.14:019][662]LogHttp: Warning: 000001C7A1FDA400: libcurl info message cache 8 (necessary data rewind wasn't possible)
[2026.01.07-14.59.14:019][662]LogHttp: Warning: 000001C7A1FDA400: libcurl info message cache 9 (Closing connection 0)
[2026.01.07-14.59.14:019][662]LogHttp: Warning: 000001C7A1FDA400: libcurl info message cache 10 (TLSv1.3 (OUT), TLS Unknown, Unknown (21):)
[2026.01.07-14.59.14:019][662]LogHttp: Warning: Retry exhausted on https://datarouter.ol.epicgames.com/datarouter/api/v1/public/data?SessionID=%7B451D5FE6-4B3D-C18B-DEB2-0AABF80EFA92%7D&AppID=UEEditor.Rocket.Release&AppVersion=4.27.2-18319896%2B%2B%2BUE4%2BRelease-4.27&UserID=b3054aa44b0b5390746a0e86d9f0a1f0%7C0dac5ba5e0424d72abe55398be510165%7C172ba42e-47bd-4b87-a3d7-5ad34345227c&AppEnvironment=datacollector-binary&UploadType=eteventstream
[2026.01.07-14.59.14:020][662]LogPlayLevel: Display: Destroying online subsystem :Context_13
[2026.01.07-14.59.24:256][749]LogTemp: Repeating last play command: Selected Viewport
[2026.01.07-14.59.24:262][749]LogPlayLevel: PlayLevel: No blueprints needed recompiling
[2026.01.07-14.59.24:262][749]PIE: New page: PIE session: ThirdPersonExampleMap (7 sty 2026, 16:59:24)
[2026.01.07-14.59.24:263][749]LogPlayLevel: Creating play world package: /Game/ThirdPersonBP/Maps/UEDPIE_0_ThirdPersonExampleMap
[2026.01.07-14.59.24:341][749]LogPlayLevel: PIE: StaticDuplicateObject took: (0.078459s)
[2026.01.07-14.59.24:342][749]LogAIModule: Creating AISystem for world ThirdPersonExampleMap
[2026.01.07-14.59.24:342][749]LogPlayLevel: PIE: World Init took: (0.000745s)
[2026.01.07-14.59.24:342][749]LogPlayLevel: PIE: Created PIE world by copying editor world from /Game/ThirdPersonBP/Maps/ThirdPersonExampleMap.ThirdPersonExampleMap to /Game/ThirdPersonBP/Maps/UEDPIE_0_ThirdPersonExampleMap.ThirdPersonExampleMap (0.079307s)
[2026.01.07-14.59.24:356][749]LogUObjectHash: Compacting FUObjectHashTables data took   1.18ms
[2026.01.07-14.59.24:357][749]LogAudio: Display: Creating Audio Device:                 Id: 7, Scope: Unique, Realtime: True
[2026.01.07-14.59.24:357][749]LogAudioMixer: Display: Audio Mixer Platform Settings:
[2026.01.07-14.59.24:357][749]LogAudioMixer: Display: 	Sample Rate:						  48000
[2026.01.07-14.59.24:357][749]LogAudioMixer: Display: 	Callback Buffer Frame Size Requested: 1024
[2026.01.07-14.59.24:357][749]LogAudioMixer: Display: 	Callback Buffer Frame Size To Use:	  1024
[2026.01.07-14.59.24:357][749]LogAudioMixer: Display: 	Number of buffers to queue:			  2
[2026.01.07-14.59.24:357][749]LogAudioMixer: Display: 	Max Channels (voices):				  32
[2026.01.07-14.59.24:357][749]LogAudioMixer: Display: 	Number of Async Source Workers:		  0
[2026.01.07-14.59.24:357][749]LogAudio: Display: AudioDevice MaxSources: 32
[2026.01.07-14.59.24:357][749]LogAudio: Display: Audio Spatialization Plugin: None (built-in).
[2026.01.07-14.59.24:357][749]LogAudio: Display: Audio Reverb Plugin: None (built-in).
[2026.01.07-14.59.24:357][749]LogAudio: Display: Audio Occlusion Plugin: None (built-in).
[2026.01.07-14.59.24:357][749]LogAudioMixer: Display: Initializing audio mixer.
[2026.01.07-14.59.24:360][749]LogAudioMixer: Display: 0: FrontLeft
[2026.01.07-14.59.24:360][749]LogAudioMixer: Display: 1: FrontRight
[2026.01.07-14.59.24:365][749]LogAudioMixer: Display: Using Audio Device VG248 (3 — NVIDIA High Definition Audio)
[2026.01.07-14.59.24:365][749]LogAudioMixer: Display: Initializing Sound Submixes...
[2026.01.07-14.59.24:365][749]LogAudioMixer: Display: Creating Master Submix 'MasterSubmixDefault'
[2026.01.07-14.59.24:365][749]LogAudioMixer: Display: Creating Master Submix 'MasterReverbSubmixDefault'
[2026.01.07-14.59.24:366][749]LogAudioMixer: Display: Creating Master Submix 'MasterEQSubmixDefault'
[2026.01.07-14.59.24:366][749]LogAudioMixer: FMixerPlatformXAudio2::StartAudioStream() called
[2026.01.07-14.59.24:366][749]LogAudioMixer: Display: Output buffers initialized: Frames=1024, Channels=2, Samples=2048
[2026.01.07-14.59.24:366][749]LogAudioMixer: Display: Starting AudioMixerPlatformInterface::RunInternal()
[2026.01.07-14.59.24:366][749]LogAudioMixer: Display: FMixerPlatformXAudio2::SubmitBuffer() called for the first time
[2026.01.07-14.59.24:366][749]LogInit: FAudioDevice initialized.
[2026.01.07-14.59.24:366][749]LogAudio: Display: Audio Device (ID: 7) registered with world 'ThirdPersonExampleMap'.
[2026.01.07-14.59.24:391][749]LogSlate: Updating window title bar state: overlay mode, drag disabled, window buttons hidden, title bar hidden
[2026.01.07-14.59.24:391][749]LogLoad: Game class is 'ThirdPersonGameMode_C'
[2026.01.07-14.59.24:401][749]LogWorld: Bringing World /Game/ThirdPersonBP/Maps/UEDPIE_0_ThirdPersonExampleMap.ThirdPersonExampleMap up for play (max tick rate 0) at 2026.01.07-15.59.24
[2026.01.07-14.59.24:402][749]LogWorld: Bringing up level for play took: 0.009488
[2026.01.07-14.59.24:402][749]LogOnline: OSS: Creating online subsystem instance for: :Context_14
[2026.01.07-14.59.24:404][749]PIE: Server logged in
[2026.01.07-14.59.24:404][749]PIE: Play in editor total start time 0,143 seconds.
[2026.01.07-14.59.24:405][749]LogBlueprintDebug: Warning: Hit breakpoint on node 'K2Node_AIMoveTo', from offset 43
[2026.01.07-14.59.24:405][749]LogBlueprintDebug: 
Script call stack:
	Function /Game/bluprinty/enemy01.enemy01_C:ReceiveTick
	Function /Game/bluprinty/enemy01.enemy01_C:ExecuteUbergraph_enemy01

[2026.01.07-14.59.26:159][749]LogSlate: Updating window title bar state: overlay mode, drag disabled, window buttons hidden, title bar hidden
[2026.01.07-14.59.26:159][749]LogWorld: BeginTearingDown for /Game/ThirdPersonBP/Maps/UEDPIE_0_ThirdPersonExampleMap
[2026.01.07-14.59.26:159][749]LogSlate: Window 'ligma_3rd_person Preview [NetMode: Standalone]  (64-bit/Windows) ' being destroyed
[2026.01.07-14.59.26:162][749]LogWorld: UWorld::CleanupWorld for ThirdPersonExampleMap, bSessionEnded=true, bCleanupResources=true
[2026.01.07-14.59.26:164][749]LogSlate: InvalidateAllWidgets triggered.  All widgets were invalidated
[2026.01.07-14.59.26:175][749]LogPlayLevel: Display: Shutting down PIE online subsystems
[2026.01.07-14.59.26:199][749]LogSlate: InvalidateAllWidgets triggered.  All widgets were invalidated
[2026.01.07-14.59.26:213][749]LogAudio: Display: Audio Device unregistered from world 'None'.
[2026.01.07-14.59.26:213][749]LogAudioMixer: FMixerPlatformXAudio2::StopAudioStream() called
[2026.01.07-14.59.26:214][749]LogAudioMixer: FMixerPlatformXAudio2::StopAudioStream() called
[2026.01.07-14.59.26:218][749]LogUObjectHash: Compacting FUObjectHashTables data took   1.37ms
[2026.01.07-14.59.26:250][750]LogPlayLevel: Display: Destroying online subsystem :Context_14
[2026.01.07-14.59.28:465][983]LogTemp: Repeating last play command: Selected Viewport
[2026.01.07-14.59.28:471][983]LogPlayLevel: PlayLevel: No blueprints needed recompiling
[2026.01.07-14.59.28:471][983]PIE: New page: PIE session: ThirdPersonExampleMap (7 sty 2026, 16:59:28)
[2026.01.07-14.59.28:471][983]LogPlayLevel: Creating play world package: /Game/ThirdPersonBP/Maps/UEDPIE_0_ThirdPersonExampleMap
[2026.01.07-14.59.28:549][983]LogPlayLevel: PIE: StaticDuplicateObject took: (0.077304s)
[2026.01.07-14.59.28:549][983]LogAIModule: Creating AISystem for world ThirdPersonExampleMap
[2026.01.07-14.59.28:550][983]LogPlayLevel: PIE: World Init took: (0.000796s)
[2026.01.07-14.59.28:550][983]LogPlayLevel: PIE: Created PIE world by copying editor world from /Game/ThirdPersonBP/Maps/ThirdPersonExampleMap.ThirdPersonExampleMap to /Game/ThirdPersonBP/Maps/UEDPIE_0_ThirdPersonExampleMap.ThirdPersonExampleMap (0.078224s)
[2026.01.07-14.59.28:563][983]LogUObjectHash: Compacting FUObjectHashTables data took   1.17ms
[2026.01.07-14.59.28:564][983]LogAudio: Display: Creating Audio Device:                 Id: 8, Scope: Unique, Realtime: True
[2026.01.07-14.59.28:564][983]LogAudioMixer: Display: Audio Mixer Platform Settings:
[2026.01.07-14.59.28:564][983]LogAudioMixer: Display: 	Sample Rate:						  48000
[2026.01.07-14.59.28:564][983]LogAudioMixer: Display: 	Callback Buffer Frame Size Requested: 1024
[2026.01.07-14.59.28:564][983]LogAudioMixer: Display: 	Callback Buffer Frame Size To Use:	  1024
[2026.01.07-14.59.28:564][983]LogAudioMixer: Display: 	Number of buffers to queue:			  2
[2026.01.07-14.59.28:564][983]LogAudioMixer: Display: 	Max Channels (voices):				  32
[2026.01.07-14.59.28:564][983]LogAudioMixer: Display: 	Number of Async Source Workers:		  0
[2026.01.07-14.59.28:564][983]LogAudio: Display: AudioDevice MaxSources: 32
[2026.01.07-14.59.28:564][983]LogAudio: Display: Audio Spatialization Plugin: None (built-in).
[2026.01.07-14.59.28:564][983]LogAudio: Display: Audio Reverb Plugin: None (built-in).
[2026.01.07-14.59.28:564][983]LogAudio: Display: Audio Occlusion Plugin: None (built-in).
[2026.01.07-14.59.28:564][983]LogAudioMixer: Display: Initializing audio mixer.
[2026.01.07-14.59.28:567][983]LogAudioMixer: Display: 0: FrontLeft
[2026.01.07-14.59.28:567][983]LogAudioMixer: Display: 1: FrontRight
[2026.01.07-14.59.28:572][983]LogAudioMixer: Display: Using Audio Device VG248 (3 — NVIDIA High Definition Audio)
[2026.01.07-14.59.28:572][983]LogAudioMixer: Display: Initializing Sound Submixes...
[2026.01.07-14.59.28:572][983]LogAudioMixer: Display: Creating Master Submix 'MasterSubmixDefault'
[2026.01.07-14.59.28:572][983]LogAudioMixer: Display: Creating Master Submix 'MasterReverbSubmixDefault'
[2026.01.07-14.59.28:573][983]LogAudioMixer: Display: Creating Master Submix 'MasterEQSubmixDefault'
[2026.01.07-14.59.28:573][983]LogAudioMixer: FMixerPlatformXAudio2::StartAudioStream() called
[2026.01.07-14.59.28:573][983]LogAudioMixer: Display: Output buffers initialized: Frames=1024, Channels=2, Samples=2048
[2026.01.07-14.59.28:573][983]LogAudioMixer: Display: Starting AudioMixerPlatformInterface::RunInternal()
[2026.01.07-14.59.28:573][983]LogAudioMixer: Display: FMixerPlatformXAudio2::SubmitBuffer() called for the first time
[2026.01.07-14.59.28:574][983]LogInit: FAudioDevice initialized.
[2026.01.07-14.59.28:574][983]LogAudio: Display: Audio Device (ID: 8) registered with world 'ThirdPersonExampleMap'.
[2026.01.07-14.59.28:609][983]LogSlate: Updating window title bar state: overlay mode, drag disabled, window buttons hidden, title bar hidden
[2026.01.07-14.59.28:609][983]LogLoad: Game class is 'ThirdPersonGameMode_C'
[2026.01.07-14.59.28:629][983]LogWorld: Bringing World /Game/ThirdPersonBP/Maps/UEDPIE_0_ThirdPersonExampleMap.ThirdPersonExampleMap up for play (max tick rate 0) at 2026.01.07-15.59.28
[2026.01.07-14.59.28:629][983]LogWorld: Bringing up level for play took: 0.017811
[2026.01.07-14.59.28:629][983]LogOnline: OSS: Creating online subsystem instance for: :Context_15
[2026.01.07-14.59.28:631][983]PIE: Server logged in
[2026.01.07-14.59.28:632][983]PIE: Play in editor total start time 0,161 seconds.
[2026.01.07-14.59.34:672][697]LogBlueprintDebug: Warning: Hit breakpoint on node 'CallFunc_SetMaterial', from offset 330
[2026.01.07-14.59.34:672][697]LogBlueprintDebug: 
Script call stack:
	Function /Game/bluprinty/enemy01.enemy01_C:BndEvt__enemy01_Box_K2Node_ComponentBoundEvent_0_ComponentBeginOverlapSignature__DelegateSignature
	Function /Game/bluprinty/enemy01.enemy01_C:ExecuteUbergraph_enemy01

[2026.01.07-14.59.36:957][697]LogSlate: Updating window title bar state: overlay mode, drag disabled, window buttons hidden, title bar hidden
[2026.01.07-14.59.36:957][697]LogWorld: BeginTearingDown for /Game/ThirdPersonBP/Maps/UEDPIE_0_ThirdPersonExampleMap
[2026.01.07-14.59.36:957][697]LogSlate: Window 'ligma_3rd_person Preview [NetMode: Standalone]  (64-bit/Windows) ' being destroyed
[2026.01.07-14.59.36:959][697]LogWorld: UWorld::CleanupWorld for ThirdPersonExampleMap, bSessionEnded=true, bCleanupResources=true
[2026.01.07-14.59.36:960][697]LogSlate: InvalidateAllWidgets triggered.  All widgets were invalidated
[2026.01.07-14.59.36:969][697]LogPlayLevel: Display: Shutting down PIE online subsystems
[2026.01.07-14.59.36:991][697]LogSlate: InvalidateAllWidgets triggered.  All widgets were invalidated
[2026.01.07-14.59.37:005][697]LogAudio: Display: Audio Device unregistered from world 'None'.
[2026.01.07-14.59.37:005][697]LogAudioMixer: FMixerPlatformXAudio2::StopAudioStream() called
[2026.01.07-14.59.37:006][697]LogAudioMixer: FMixerPlatformXAudio2::StopAudioStream() called
[2026.01.07-14.59.37:011][697]LogUObjectHash: Compacting FUObjectHashTables data took   1.26ms
[2026.01.07-14.59.37:029][698]LogPlayLevel: Display: Destroying online subsystem :Context_15
[2026.01.07-14.59.37:841][784]LogTemp: Repeating last play command: Selected Viewport
[2026.01.07-14.59.37:849][784]LogPlayLevel: PlayLevel: No blueprints needed recompiling
[2026.01.07-14.59.37:849][784]PIE: New page: PIE session: ThirdPersonExampleMap (7 sty 2026, 16:59:37)
[2026.01.07-14.59.37:849][784]LogPlayLevel: Creating play world package: /Game/ThirdPersonBP/Maps/UEDPIE_0_ThirdPersonExampleMap
[2026.01.07-14.59.37:926][784]LogPlayLevel: PIE: StaticDuplicateObject took: (0.077303s)
[2026.01.07-14.59.37:927][784]LogAIModule: Creating AISystem for world ThirdPersonExampleMap
[2026.01.07-14.59.37:927][784]LogPlayLevel: PIE: World Init took: (0.000739s)
[2026.01.07-14.59.37:927][784]LogPlayLevel: PIE: Created PIE world by copying editor world from /Game/ThirdPersonBP/Maps/ThirdPersonExampleMap.ThirdPersonExampleMap to /Game/ThirdPersonBP/Maps/UEDPIE_0_ThirdPersonExampleMap.ThirdPersonExampleMap (0.078141s)
[2026.01.07-14.59.37:941][784]LogUObjectHash: Compacting FUObjectHashTables data took   1.13ms
[2026.01.07-14.59.37:941][784]LogAudio: Display: Creating Audio Device:                 Id: 9, Scope: Unique, Realtime: True
[2026.01.07-14.59.37:941][784]LogAudioMixer: Display: Audio Mixer Platform Settings:
[2026.01.07-14.59.37:941][784]LogAudioMixer: Display: 	Sample Rate:						  48000
[2026.01.07-14.59.37:941][784]LogAudioMixer: Display: 	Callback Buffer Frame Size Requested: 1024
[2026.01.07-14.59.37:941][784]LogAudioMixer: Display: 	Callback Buffer Frame Size To Use:	  1024
[2026.01.07-14.59.37:941][784]LogAudioMixer: Display: 	Number of buffers to queue:			  2
[2026.01.07-14.59.37:941][784]LogAudioMixer: Display: 	Max Channels (voices):				  32
[2026.01.07-14.59.37:941][784]LogAudioMixer: Display: 	Number of Async Source Workers:		  0
[2026.01.07-14.59.37:941][784]LogAudio: Display: AudioDevice MaxSources: 32
[2026.01.07-14.59.37:942][784]LogAudio: Display: Audio Spatialization Plugin: None (built-in).
[2026.01.07-14.59.37:942][784]LogAudio: Display: Audio Reverb Plugin: None (built-in).
[2026.01.07-14.59.37:942][784]LogAudio: Display: Audio Occlusion Plugin: None (built-in).
[2026.01.07-14.59.37:942][784]LogAudioMixer: Display: Initializing audio mixer.
[2026.01.07-14.59.37:944][784]LogAudioMixer: Display: 0: FrontLeft
[2026.01.07-14.59.37:944][784]LogAudioMixer: Display: 1: FrontRight
[2026.01.07-14.59.37:950][784]LogAudioMixer: Display: Using Audio Device VG248 (3 — NVIDIA High Definition Audio)
[2026.01.07-14.59.37:950][784]LogAudioMixer: Display: Initializing Sound Submixes...
[2026.01.07-14.59.37:950][784]LogAudioMixer: Display: Creating Master Submix 'MasterSubmixDefault'
[2026.01.07-14.59.37:950][784]LogAudioMixer: Display: Creating Master Submix 'MasterReverbSubmixDefault'
[2026.01.07-14.59.37:950][784]LogAudioMixer: Display: Creating Master Submix 'MasterEQSubmixDefault'
[2026.01.07-14.59.37:950][784]LogAudioMixer: FMixerPlatformXAudio2::StartAudioStream() called
[2026.01.07-14.59.37:950][784]LogAudioMixer: Display: Output buffers initialized: Frames=1024, Channels=2, Samples=2048
[2026.01.07-14.59.37:951][784]LogAudioMixer: Display: Starting AudioMixerPlatformInterface::RunInternal()
[2026.01.07-14.59.37:951][784]LogAudioMixer: Display: FMixerPlatformXAudio2::SubmitBuffer() called for the first time
[2026.01.07-14.59.37:951][784]LogInit: FAudioDevice initialized.
[2026.01.07-14.59.37:951][784]LogAudio: Display: Audio Device (ID: 9) registered with world 'ThirdPersonExampleMap'.
[2026.01.07-14.59.37:992][784]LogSlate: Updating window title bar state: overlay mode, drag disabled, window buttons hidden, title bar hidden
[2026.01.07-14.59.37:992][784]LogLoad: Game class is 'ThirdPersonGameMode_C'
[2026.01.07-14.59.38:002][784]LogWorld: Bringing World /Game/ThirdPersonBP/Maps/UEDPIE_0_ThirdPersonExampleMap.ThirdPersonExampleMap up for play (max tick rate 0) at 2026.01.07-15.59.38
[2026.01.07-14.59.38:003][784]LogWorld: Bringing up level for play took: 0.008763
[2026.01.07-14.59.38:003][784]LogOnline: OSS: Creating online subsystem instance for: :Context_16
[2026.01.07-14.59.38:005][784]PIE: Server logged in
[2026.01.07-14.59.38:006][784]PIE: Play in editor total start time 0,157 seconds.
[2026.01.07-14.59.39:547][955]LogSlate: Updating window title bar state: overlay mode, drag disabled, window buttons hidden, title bar hidden
[2026.01.07-14.59.39:547][955]LogWorld: BeginTearingDown for /Game/ThirdPersonBP/Maps/UEDPIE_0_ThirdPersonExampleMap
[2026.01.07-14.59.39:548][955]LogSlate: Window 'ligma_3rd_person Preview [NetMode: Standalone]  (64-bit/Windows) ' being destroyed
[2026.01.07-14.59.39:551][955]LogWorld: UWorld::CleanupWorld for ThirdPersonExampleMap, bSessionEnded=true, bCleanupResources=true
[2026.01.07-14.59.39:552][955]LogSlate: InvalidateAllWidgets triggered.  All widgets were invalidated
[2026.01.07-14.59.39:560][955]LogPlayLevel: Display: Shutting down PIE online subsystems
[2026.01.07-14.59.39:583][955]LogSlate: InvalidateAllWidgets triggered.  All widgets were invalidated
[2026.01.07-14.59.39:596][955]LogAudioMixer: FMixerPlatformXAudio2::StopAudioStream() called
[2026.01.07-14.59.39:597][955]LogAudioMixer: FMixerPlatformXAudio2::StopAudioStream() called
[2026.01.07-14.59.39:602][955]LogUObjectHash: Compacting FUObjectHashTables data took   1.18ms
[2026.01.07-14.59.39:626][957]LogPlayLevel: Display: Destroying online subsystem :Context_16
[2026.01.07-15.00.04:765][470]LogTemp: Repeating last play command: Selected Viewport
[2026.01.07-15.00.04:771][470]BlueprintLog: New page: Pre-Play auto-recompile
[2026.01.07-15.00.04:771][470]LogPlayLevel: [PlayLevel] Compiling enemy01 before play...
[2026.01.07-15.00.04:808][470]LogUObjectHash: Compacting FUObjectHashTables data took   1.35ms
[2026.01.07-15.00.04:809][470]LogPlayLevel: PlayLevel: Blueprint regeneration took 37 ms (1 blueprints)
[2026.01.07-15.00.04:809][470]PIE: New page: PIE session: ThirdPersonExampleMap (7 sty 2026, 17:00:04)
[2026.01.07-15.00.04:809][470]LogPlayLevel: Creating play world package: /Game/ThirdPersonBP/Maps/UEDPIE_0_ThirdPersonExampleMap
[2026.01.07-15.00.04:885][470]LogPlayLevel: PIE: StaticDuplicateObject took: (0.075055s)
[2026.01.07-15.00.04:885][470]LogAIModule: Creating AISystem for world ThirdPersonExampleMap
[2026.01.07-15.00.04:885][470]LogPlayLevel: PIE: World Init took: (0.000777s)
[2026.01.07-15.00.04:885][470]LogPlayLevel: PIE: Created PIE world by copying editor world from /Game/ThirdPersonBP/Maps/ThirdPersonExampleMap.ThirdPersonExampleMap to /Game/ThirdPersonBP/Maps/UEDPIE_0_ThirdPersonExampleMap.ThirdPersonExampleMap (0.075932s)
[2026.01.07-15.00.04:899][470]LogUObjectHash: Compacting FUObjectHashTables data took   1.12ms
[2026.01.07-15.00.04:899][470]LogAudio: Display: Creating Audio Device:                 Id: 10, Scope: Unique, Realtime: True
[2026.01.07-15.00.04:899][470]LogAudioMixer: Display: Audio Mixer Platform Settings:
[2026.01.07-15.00.04:899][470]LogAudioMixer: Display: 	Sample Rate:						  48000
[2026.01.07-15.00.04:899][470]LogAudioMixer: Display: 	Callback Buffer Frame Size Requested: 1024
[2026.01.07-15.00.04:899][470]LogAudioMixer: Display: 	Callback Buffer Frame Size To Use:	  1024
[2026.01.07-15.00.04:899][470]LogAudioMixer: Display: 	Number of buffers to queue:			  2
[2026.01.07-15.00.04:899][470]LogAudioMixer: Display: 	Max Channels (voices):				  32
[2026.01.07-15.00.04:899][470]LogAudioMixer: Display: 	Number of Async Source Workers:		  0
[2026.01.07-15.00.04:899][470]LogAudio: Display: AudioDevice MaxSources: 32
[2026.01.07-15.00.04:900][470]LogAudio: Display: Audio Spatialization Plugin: None (built-in).
[2026.01.07-15.00.04:900][470]LogAudio: Display: Audio Reverb Plugin: None (built-in).
[2026.01.07-15.00.04:900][470]LogAudio: Display: Audio Occlusion Plugin: None (built-in).
[2026.01.07-15.00.04:900][470]LogAudioMixer: Display: Initializing audio mixer.
[2026.01.07-15.00.04:902][470]LogAudioMixer: Display: 0: FrontLeft
[2026.01.07-15.00.04:902][470]LogAudioMixer: Display: 1: FrontRight
[2026.01.07-15.00.04:908][470]LogAudioMixer: Display: Using Audio Device VG248 (3 — NVIDIA High Definition Audio)
[2026.01.07-15.00.04:908][470]LogAudioMixer: Display: Initializing Sound Submixes...
[2026.01.07-15.00.04:908][470]LogAudioMixer: Display: Creating Master Submix 'MasterSubmixDefault'
[2026.01.07-15.00.04:908][470]LogAudioMixer: Display: Creating Master Submix 'MasterReverbSubmixDefault'
[2026.01.07-15.00.04:909][470]LogAudioMixer: Display: Creating Master Submix 'MasterEQSubmixDefault'
[2026.01.07-15.00.04:909][470]LogAudioMixer: FMixerPlatformXAudio2::StartAudioStream() called
[2026.01.07-15.00.04:909][470]LogAudioMixer: Display: Output buffers initialized: Frames=1024, Channels=2, Samples=2048
[2026.01.07-15.00.04:909][470]LogAudioMixer: Display: Starting AudioMixerPlatformInterface::RunInternal()
[2026.01.07-15.00.04:909][470]LogAudioMixer: Display: FMixerPlatformXAudio2::SubmitBuffer() called for the first time
[2026.01.07-15.00.04:909][470]LogInit: FAudioDevice initialized.
[2026.01.07-15.00.04:909][470]LogAudio: Display: Audio Device (ID: 10) registered with world 'ThirdPersonExampleMap'.
[2026.01.07-15.00.04:941][470]LogSlate: Updating window title bar state: overlay mode, drag disabled, window buttons hidden, title bar hidden
[2026.01.07-15.00.04:941][470]LogLoad: Game class is 'ThirdPersonGameMode_C'
[2026.01.07-15.00.04:949][470]LogWorld: Bringing World /Game/ThirdPersonBP/Maps/UEDPIE_0_ThirdPersonExampleMap.ThirdPersonExampleMap up for play (max tick rate 0) at 2026.01.07-16.00.04
[2026.01.07-15.00.04:949][470]LogWorld: Bringing up level for play took: 0.007421
[2026.01.07-15.00.04:949][470]LogOnline: OSS: Creating online subsystem instance for: :Context_17
[2026.01.07-15.00.04:951][470]PIE: Server logged in
[2026.01.07-15.00.04:952][470]PIE: Play in editor total start time 0,181 seconds.
[2026.01.07-15.00.18:398][ 57]LogSlate: Updating window title bar state: overlay mode, drag disabled, window buttons hidden, title bar hidden
[2026.01.07-15.00.18:398][ 57]LogWorld: BeginTearingDown for /Game/ThirdPersonBP/Maps/UEDPIE_0_ThirdPersonExampleMap
[2026.01.07-15.00.18:398][ 57]LogSlate: Window 'ligma_3rd_person Preview [NetMode: Standalone]  (64-bit/Windows) ' being destroyed
[2026.01.07-15.00.18:400][ 57]LogWorld: UWorld::CleanupWorld for ThirdPersonExampleMap, bSessionEnded=true, bCleanupResources=true
[2026.01.07-15.00.18:401][ 57]LogSlate: InvalidateAllWidgets triggered.  All widgets were invalidated
[2026.01.07-15.00.18:414][ 57]LogPlayLevel: Display: Shutting down PIE online subsystems
[2026.01.07-15.00.18:436][ 57]LogSlate: InvalidateAllWidgets triggered.  All widgets were invalidated
[2026.01.07-15.00.18:449][ 57]LogAudio: Display: Audio Device unregistered from world 'None'.
[2026.01.07-15.00.18:449][ 57]LogAudioMixer: FMixerPlatformXAudio2::StopAudioStream() called
[2026.01.07-15.00.18:450][ 57]LogAudioMixer: FMixerPlatformXAudio2::StopAudioStream() called
[2026.01.07-15.00.18:456][ 57]LogUObjectHash: Compacting FUObjectHashTables data took   1.24ms
[2026.01.07-15.00.18:481][ 58]LogPlayLevel: Display: Destroying online subsystem :Context_17
[2026.01.07-15.01.50:296][341]BlueprintLog: New page: Compile enemy01
[2026.01.07-15.01.50:321][341]LogUObjectHash: Compacting FUObjectHashTables data took   1.34ms
[2026.01.07-15.01.51:274][414]LogUObjectHash: Compacting FUObjectHashTables data took   1.40ms
[2026.01.07-15.01.51:305][414]LogUObjectHash: Compacting FUObjectHashTables data took   0.36ms
[2026.01.07-15.01.51:828][414]LogSavePackage: Moving 'D:/rejp/ripositor/ligma_3rd_person/Saved/ThirdPersonExampleMapD90C43FE48E211C23D15218464B82C6D.tmp' to 'D:/rejp/ripositor/ligma_3rd_person/Content/ThirdPersonBP/Maps/ThirdPersonExampleMap.umap'
[2026.01.07-15.01.51:854][414]LogFileHelpers: Saving map 'ThirdPersonExampleMap' took 0.565
[2026.01.07-15.01.51:874][414]Cmd: OBJ SAVEPACKAGE PACKAGE="/Game/ThirdPersonBP/Blueprints/ThirdPersonCharacter" FILE="D:/rejp/ripositor/ligma_3rd_person/Content/ThirdPersonBP/Blueprints/ThirdPersonCharacter.uasset" SILENT=true
[2026.01.07-15.01.51:971][414]LogSavePackage: Moving 'D:/rejp/ripositor/ligma_3rd_person/Saved/ThirdPersonCharacterEBD226DD4DBC39A23B4EAE9F6D43F3AA.tmp' to 'D:/rejp/ripositor/ligma_3rd_person/Content/ThirdPersonBP/Blueprints/ThirdPersonCharacter.uasset'
[2026.01.07-15.01.51:981][414]Cmd: OBJ SAVEPACKAGE PACKAGE="/Game/bluprinty/enemy01" FILE="D:/rejp/ripositor/ligma_3rd_person/Content/bluprinty/enemy01.uasset" SILENT=true
[2026.01.07-15.01.52:021][414]LogSavePackage: Moving 'D:/rejp/ripositor/ligma_3rd_person/Saved/enemy01FC06FA62404858D3DF45EBAFD3227F46.tmp' to 'D:/rejp/ripositor/ligma_3rd_person/Content/bluprinty/enemy01.uasset'
[2026.01.07-15.01.52:065][414]AssetCheck: New page: Asset Save: multiple assets
[2026.01.07-15.01.52:065][414]LogContentValidation: Display: Validating Blueprint /Game/ThirdPersonBP/Blueprints/ThirdPersonCharacter.ThirdPersonCharacter
[2026.01.07-15.01.52:065][414]LogContentValidation: Display: Validating Blueprint /Game/bluprinty/enemy01.enemy01
[2026.01.07-15.01.52:065][414]LogContentValidation: Display: Validating World /Game/ThirdPersonBP/Maps/ThirdPersonExampleMap.ThirdPersonExampleMap
[2026.01.07-15.02.00:772][395]Cmd: CAMERA ALIGN ACTIVEVIEWPORTONLY
[2026.01.07-15.02.03:548][672]LogTemp: Repeating last play command: Selected Viewport
[2026.01.07-15.02.03:554][672]LogPlayLevel: PlayLevel: No blueprints needed recompiling
[2026.01.07-15.02.03:554][672]PIE: New page: PIE session: ThirdPersonExampleMap (7 sty 2026, 17:02:03)
[2026.01.07-15.02.03:575][672]LogPlayLevel: Creating play world package: /Game/ThirdPersonBP/Maps/UEDPIE_0_ThirdPersonExampleMap
[2026.01.07-15.02.03:652][672]LogPlayLevel: PIE: StaticDuplicateObject took: (0.076804s)
[2026.01.07-15.02.03:652][672]LogAIModule: Creating AISystem for world ThirdPersonExampleMap
[2026.01.07-15.02.03:653][672]LogPlayLevel: PIE: World Init took: (0.000833s)
[2026.01.07-15.02.03:653][672]LogPlayLevel: PIE: Created PIE world by copying editor world from /Game/ThirdPersonBP/Maps/ThirdPersonExampleMap.ThirdPersonExampleMap to /Game/ThirdPersonBP/Maps/UEDPIE_0_ThirdPersonExampleMap.ThirdPersonExampleMap (0.077761s)
[2026.01.07-15.02.03:667][672]LogUObjectHash: Compacting FUObjectHashTables data took   1.17ms
[2026.01.07-15.02.03:668][672]LogAudio: Display: Creating Audio Device:                 Id: 11, Scope: Unique, Realtime: True
[2026.01.07-15.02.03:668][672]LogAudioMixer: Display: Audio Mixer Platform Settings:
[2026.01.07-15.02.03:668][672]LogAudioMixer: Display: 	Sample Rate:						  48000
[2026.01.07-15.02.03:668][672]LogAudioMixer: Display: 	Callback Buffer Frame Size Requested: 1024
[2026.01.07-15.02.03:668][672]LogAudioMixer: Display: 	Callback Buffer Frame Size To Use:	  1024
[2026.01.07-15.02.03:668][672]LogAudioMixer: Display: 	Number of buffers to queue:			  2
[2026.01.07-15.02.03:668][672]LogAudioMixer: Display: 	Max Channels (voices):				  32
[2026.01.07-15.02.03:669][672]LogAudioMixer: Display: 	Number of Async Source Workers:		  0
[2026.01.07-15.02.03:669][672]LogAudio: Display: AudioDevice MaxSources: 32
[2026.01.07-15.02.03:669][672]LogAudio: Display: Audio Spatialization Plugin: None (built-in).
[2026.01.07-15.02.03:669][672]LogAudio: Display: Audio Reverb Plugin: None (built-in).
[2026.01.07-15.02.03:669][672]LogAudio: Display: Audio Occlusion Plugin: None (built-in).
[2026.01.07-15.02.03:669][672]LogAudioMixer: Display: Initializing audio mixer.
[2026.01.07-15.02.03:672][672]LogAudioMixer: Display: 0: FrontLeft
[2026.01.07-15.02.03:672][672]LogAudioMixer: Display: 1: FrontRight
[2026.01.07-15.02.03:677][672]LogAudioMixer: Display: Using Audio Device VG248 (3 — NVIDIA High Definition Audio)
[2026.01.07-15.02.03:677][672]LogAudioMixer: Display: Initializing Sound Submixes...
[2026.01.07-15.02.03:677][672]LogAudioMixer: Display: Creating Master Submix 'MasterSubmixDefault'
[2026.01.07-15.02.03:677][672]LogAudioMixer: Display: Creating Master Submix 'MasterReverbSubmixDefault'
[2026.01.07-15.02.03:678][672]LogAudioMixer: Display: Creating Master Submix 'MasterEQSubmixDefault'
[2026.01.07-15.02.03:678][672]LogAudioMixer: FMixerPlatformXAudio2::StartAudioStream() called
[2026.01.07-15.02.03:678][672]LogAudioMixer: Display: Output buffers initialized: Frames=1024, Channels=2, Samples=2048
[2026.01.07-15.02.03:679][672]LogAudioMixer: Display: Starting AudioMixerPlatformInterface::RunInternal()
[2026.01.07-15.02.03:679][672]LogAudioMixer: Display: FMixerPlatformXAudio2::SubmitBuffer() called for the first time
[2026.01.07-15.02.03:679][672]LogInit: FAudioDevice initialized.
[2026.01.07-15.02.03:679][672]LogAudio: Display: Audio Device (ID: 11) registered with world 'ThirdPersonExampleMap'.
[2026.01.07-15.02.03:683][672]LogLoad: Game class is 'ThirdPersonGameMode_C'
[2026.01.07-15.02.03:688][672]LogWorld: Bringing World /Game/ThirdPersonBP/Maps/UEDPIE_0_ThirdPersonExampleMap.ThirdPersonExampleMap up for play (max tick rate 0) at 2026.01.07-16.02.03
[2026.01.07-15.02.03:688][672]LogWorld: Bringing up level for play took: 0.005157
[2026.01.07-15.02.03:688][672]LogOnline: OSS: Creating online subsystem instance for: :Context_20
[2026.01.07-15.02.03:690][672]PIE: Server logged in
[2026.01.07-15.02.03:691][672]PIE: Play in editor total start time 0,138 seconds.
[2026.01.07-15.02.16:245][169]LogSlate: Updating window title bar state: overlay mode, drag disabled, window buttons hidden, title bar hidden
[2026.01.07-15.02.16:245][169]LogWorld: BeginTearingDown for /Game/ThirdPersonBP/Maps/UEDPIE_0_ThirdPersonExampleMap
[2026.01.07-15.02.16:246][169]LogWorld: UWorld::CleanupWorld for ThirdPersonExampleMap, bSessionEnded=true, bCleanupResources=true
[2026.01.07-15.02.16:246][169]LogSlate: InvalidateAllWidgets triggered.  All widgets were invalidated
[2026.01.07-15.02.16:258][169]LogPlayLevel: Display: Shutting down PIE online subsystems
[2026.01.07-15.02.16:280][169]LogSlate: InvalidateAllWidgets triggered.  All widgets were invalidated
[2026.01.07-15.02.16:294][169]LogAudio: Display: Audio Device unregistered from world 'None'.
[2026.01.07-15.02.16:295][169]LogAudioMixer: FMixerPlatformXAudio2::StopAudioStream() called
[2026.01.07-15.02.16:296][169]LogAudioMixer: FMixerPlatformXAudio2::StopAudioStream() called
[2026.01.07-15.02.16:297][169]LogSlate: Updating window title bar state: overlay mode, drag disabled, window buttons hidden, title bar hidden
[2026.01.07-15.02.16:301][169]LogUObjectHash: Compacting FUObjectHashTables data took   1.24ms
[2026.01.07-15.02.16:329][170]LogPlayLevel: Display: Destroying online subsystem :Context_20
[2026.01.07-15.02.21:743][742]LogEditorViewport: Clicking on Actor (LMB): enemy01_C (enemy01)
[2026.01.07-15.02.25:013][116]LogTemp: Repeating last play command: Selected Viewport
[2026.01.07-15.02.25:020][116]LogPlayLevel: PlayLevel: No blueprints needed recompiling
[2026.01.07-15.02.25:020][116]PIE: New page: PIE session: ThirdPersonExampleMap (7 sty 2026, 17:02:25)
[2026.01.07-15.02.25:065][116]LogPlayLevel: Creating play world package: /Game/ThirdPersonBP/Maps/UEDPIE_0_ThirdPersonExampleMap
[2026.01.07-15.02.25:141][116]LogPlayLevel: PIE: StaticDuplicateObject took: (0.076232s)
[2026.01.07-15.02.25:142][116]LogAIModule: Creating AISystem for world ThirdPersonExampleMap
[2026.01.07-15.02.25:142][116]LogPlayLevel: PIE: World Init took: (0.000794s)
[2026.01.07-15.02.25:142][116]LogPlayLevel: PIE: Created PIE world by copying editor world from /Game/ThirdPersonBP/Maps/ThirdPersonExampleMap.ThirdPersonExampleMap to /Game/ThirdPersonBP/Maps/UEDPIE_0_ThirdPersonExampleMap.ThirdPersonExampleMap (0.077147s)
[2026.01.07-15.02.25:156][116]LogUObjectHash: Compacting FUObjectHashTables data took   1.14ms
[2026.01.07-15.02.25:158][116]LogAudio: Display: Creating Audio Device:                 Id: 12, Scope: Unique, Realtime: True
[2026.01.07-15.02.25:158][116]LogAudioMixer: Display: Audio Mixer Platform Settings:
[2026.01.07-15.02.25:158][116]LogAudioMixer: Display: 	Sample Rate:						  48000
[2026.01.07-15.02.25:158][116]LogAudioMixer: Display: 	Callback Buffer Frame Size Requested: 1024
[2026.01.07-15.02.25:158][116]LogAudioMixer: Display: 	Callback Buffer Frame Size To Use:	  1024
[2026.01.07-15.02.25:158][116]LogAudioMixer: Display: 	Number of buffers to queue:			  2
[2026.01.07-15.02.25:158][116]LogAudioMixer: Display: 	Max Channels (voices):				  32
[2026.01.07-15.02.25:158][116]LogAudioMixer: Display: 	Number of Async Source Workers:		  0
[2026.01.07-15.02.25:158][116]LogAudio: Display: AudioDevice MaxSources: 32
[2026.01.07-15.02.25:158][116]LogAudio: Display: Audio Spatialization Plugin: None (built-in).
[2026.01.07-15.02.25:158][116]LogAudio: Display: Audio Reverb Plugin: None (built-in).
[2026.01.07-15.02.25:158][116]LogAudio: Display: Audio Occlusion Plugin: None (built-in).
[2026.01.07-15.02.25:158][116]LogAudioMixer: Display: Initializing audio mixer.
[2026.01.07-15.02.25:161][116]LogAudioMixer: Display: 0: FrontLeft
[2026.01.07-15.02.25:161][116]LogAudioMixer: Display: 1: FrontRight
[2026.01.07-15.02.25:166][116]LogAudioMixer: Display: Using Audio Device VG248 (3 — NVIDIA High Definition Audio)
[2026.01.07-15.02.25:166][116]LogAudioMixer: Display: Initializing Sound Submixes...
[2026.01.07-15.02.25:166][116]LogAudioMixer: Display: Creating Master Submix 'MasterSubmixDefault'
[2026.01.07-15.02.25:166][116]LogAudioMixer: Display: Creating Master Submix 'MasterReverbSubmixDefault'
[2026.01.07-15.02.25:167][116]LogAudioMixer: Display: Creating Master Submix 'MasterEQSubmixDefault'
[2026.01.07-15.02.25:167][116]LogAudioMixer: FMixerPlatformXAudio2::StartAudioStream() called
[2026.01.07-15.02.25:167][116]LogAudioMixer: Display: Output buffers initialized: Frames=1024, Channels=2, Samples=2048
[2026.01.07-15.02.25:167][116]LogAudioMixer: Display: Starting AudioMixerPlatformInterface::RunInternal()
[2026.01.07-15.02.25:167][116]LogAudioMixer: Display: FMixerPlatformXAudio2::SubmitBuffer() called for the first time
[2026.01.07-15.02.25:167][116]LogInit: FAudioDevice initialized.
[2026.01.07-15.02.25:167][116]LogAudio: Display: Audio Device (ID: 12) registered with world 'ThirdPersonExampleMap'.
[2026.01.07-15.02.25:171][116]LogLoad: Game class is 'ThirdPersonGameMode_C'
[2026.01.07-15.02.25:177][116]LogWorld: Bringing World /Game/ThirdPersonBP/Maps/UEDPIE_0_ThirdPersonExampleMap.ThirdPersonExampleMap up for play (max tick rate 0) at 2026.01.07-16.02.25
[2026.01.07-15.02.25:177][116]LogWorld: Bringing up level for play took: 0.005233
[2026.01.07-15.02.25:177][116]LogOnline: OSS: Creating online subsystem instance for: :Context_21
[2026.01.07-15.02.25:179][116]PIE: Server logged in
[2026.01.07-15.02.25:179][116]PIE: Play in editor total start time 0,16 seconds.
[2026.01.07-15.02.32:186][939]LogSlate: Updating window title bar state: overlay mode, drag disabled, window buttons hidden, title bar hidden
[2026.01.07-15.02.32:186][939]LogWorld: BeginTearingDown for /Game/ThirdPersonBP/Maps/UEDPIE_0_ThirdPersonExampleMap
[2026.01.07-15.02.32:186][939]LogWorld: UWorld::CleanupWorld for ThirdPersonExampleMap, bSessionEnded=true, bCleanupResources=true
[2026.01.07-15.02.32:187][939]LogSlate: InvalidateAllWidgets triggered.  All widgets were invalidated
[2026.01.07-15.02.32:196][939]LogPlayLevel: Display: Shutting down PIE online subsystems
[2026.01.07-15.02.32:201][939]LogSlate: InvalidateAllWidgets triggered.  All widgets were invalidated
[2026.01.07-15.02.32:218][939]LogAudio: Display: Audio Device unregistered from world 'None'.
[2026.01.07-15.02.32:219][939]LogAudioMixer: FMixerPlatformXAudio2::StopAudioStream() called
[2026.01.07-15.02.32:220][939]LogAudioMixer: FMixerPlatformXAudio2::StopAudioStream() called
[2026.01.07-15.02.32:221][939]LogSlate: Updating window title bar state: overlay mode, drag disabled, window buttons hidden, title bar hidden
[2026.01.07-15.02.32:225][939]LogUObjectHash: Compacting FUObjectHashTables data took   1.24ms
[2026.01.07-15.02.32:270][941]LogPlayLevel: Display: Destroying online subsystem :Context_21
[2026.01.07-15.03.10:387][ 63]BlueprintLog: New page: Compile enemy01
[2026.01.07-15.03.10:416][ 63]LogUObjectHash: Compacting FUObjectHashTables data took   1.52ms
[2026.01.07-15.03.10:940][ 98]LogUObjectHash: Compacting FUObjectHashTables data took   1.37ms
[2026.01.07-15.03.10:972][ 98]LogUObjectHash: Compacting FUObjectHashTables data took   0.37ms
[2026.01.07-15.03.11:372][ 98]LogSavePackage: Moving 'D:/rejp/ripositor/ligma_3rd_person/Saved/ThirdPersonExampleMap4DBA624448AE2EFD69E47E81B0D85F78.tmp' to 'D:/rejp/ripositor/ligma_3rd_person/Content/ThirdPersonBP/Maps/ThirdPersonExampleMap.umap'
[2026.01.07-15.03.11:396][ 98]LogFileHelpers: Saving map 'ThirdPersonExampleMap' took 0.441
[2026.01.07-15.03.11:402][ 98]Cmd: OBJ SAVEPACKAGE PACKAGE="/Game/bluprinty/enemy01" FILE="D:/rejp/ripositor/ligma_3rd_person/Content/bluprinty/enemy01.uasset" SILENT=true
[2026.01.07-15.03.11:420][ 98]LogSavePackage: Moving 'D:/rejp/ripositor/ligma_3rd_person/Saved/enemy0191A731964CE04F84F7F37BAE651E2078.tmp' to 'D:/rejp/ripositor/ligma_3rd_person/Content/bluprinty/enemy01.uasset'
[2026.01.07-15.03.11:429][ 98]AssetCheck: New page: Asset Save: multiple assets
[2026.01.07-15.03.11:429][ 98]LogContentValidation: Display: Validating Blueprint /Game/bluprinty/enemy01.enemy01
[2026.01.07-15.03.11:429][ 98]LogContentValidation: Display: Validating World /Game/ThirdPersonBP/Maps/ThirdPersonExampleMap.ThirdPersonExampleMap
[2026.01.07-15.03.12:921][265]LogTemp: Repeating last play command: Selected Viewport
[2026.01.07-15.03.12:927][265]LogPlayLevel: PlayLevel: No blueprints needed recompiling
[2026.01.07-15.03.12:927][265]PIE: New page: PIE session: ThirdPersonExampleMap (7 sty 2026, 17:03:12)
[2026.01.07-15.03.12:955][265]LogPlayLevel: Creating play world package: /Game/ThirdPersonBP/Maps/UEDPIE_0_ThirdPersonExampleMap
[2026.01.07-15.03.13:032][265]LogPlayLevel: PIE: StaticDuplicateObject took: (0.078114s)
[2026.01.07-15.03.13:033][265]LogAIModule: Creating AISystem for world ThirdPersonExampleMap
[2026.01.07-15.03.13:033][265]LogPlayLevel: PIE: World Init took: (0.000761s)
[2026.01.07-15.03.13:033][265]LogPlayLevel: PIE: Created PIE world by copying editor world from /Game/ThirdPersonBP/Maps/ThirdPersonExampleMap.ThirdPersonExampleMap to /Game/ThirdPersonBP/Maps/UEDPIE_0_ThirdPersonExampleMap.ThirdPersonExampleMap (0.079021s)
[2026.01.07-15.03.13:047][265]LogUObjectHash: Compacting FUObjectHashTables data took   1.14ms
[2026.01.07-15.03.13:048][265]LogAudio: Display: Creating Audio Device:                 Id: 13, Scope: Unique, Realtime: True
[2026.01.07-15.03.13:048][265]LogAudioMixer: Display: Audio Mixer Platform Settings:
[2026.01.07-15.03.13:048][265]LogAudioMixer: Display: 	Sample Rate:						  48000
[2026.01.07-15.03.13:048][265]LogAudioMixer: Display: 	Callback Buffer Frame Size Requested: 1024
[2026.01.07-15.03.13:048][265]LogAudioMixer: Display: 	Callback Buffer Frame Size To Use:	  1024
[2026.01.07-15.03.13:048][265]LogAudioMixer: Display: 	Number of buffers to queue:			  2
[2026.01.07-15.03.13:048][265]LogAudioMixer: Display: 	Max Channels (voices):				  32
[2026.01.07-15.03.13:048][265]LogAudioMixer: Display: 	Number of Async Source Workers:		  0
[2026.01.07-15.03.13:048][265]LogAudio: Display: AudioDevice MaxSources: 32
[2026.01.07-15.03.13:048][265]LogAudio: Display: Audio Spatialization Plugin: None (built-in).
[2026.01.07-15.03.13:048][265]LogAudio: Display: Audio Reverb Plugin: None (built-in).
[2026.01.07-15.03.13:048][265]LogAudio: Display: Audio Occlusion Plugin: None (built-in).
[2026.01.07-15.03.13:048][265]LogAudioMixer: Display: Initializing audio mixer.
[2026.01.07-15.03.13:051][265]LogAudioMixer: Display: 0: FrontLeft
[2026.01.07-15.03.13:051][265]LogAudioMixer: Display: 1: FrontRight
[2026.01.07-15.03.13:056][265]LogAudioMixer: Display: Using Audio Device VG248 (3 — NVIDIA High Definition Audio)
[2026.01.07-15.03.13:056][265]LogAudioMixer: Display: Initializing Sound Submixes...
[2026.01.07-15.03.13:056][265]LogAudioMixer: Display: Creating Master Submix 'MasterSubmixDefault'
[2026.01.07-15.03.13:056][265]LogAudioMixer: Display: Creating Master Submix 'MasterReverbSubmixDefault'
[2026.01.07-15.03.13:057][265]LogAudioMixer: Display: Creating Master Submix 'MasterEQSubmixDefault'
[2026.01.07-15.03.13:057][265]LogAudioMixer: FMixerPlatformXAudio2::StartAudioStream() called
[2026.01.07-15.03.13:057][265]LogAudioMixer: Display: Output buffers initialized: Frames=1024, Channels=2, Samples=2048
[2026.01.07-15.03.13:057][265]LogAudioMixer: Display: Starting AudioMixerPlatformInterface::RunInternal()
[2026.01.07-15.03.13:057][265]LogAudioMixer: Display: FMixerPlatformXAudio2::SubmitBuffer() called for the first time
[2026.01.07-15.03.13:057][265]LogInit: FAudioDevice initialized.
[2026.01.07-15.03.13:057][265]LogAudio: Display: Audio Device (ID: 13) registered with world 'ThirdPersonExampleMap'.
[2026.01.07-15.03.13:066][265]LogLoad: Game class is 'ThirdPersonGameMode_C'
[2026.01.07-15.03.13:072][265]LogWorld: Bringing World /Game/ThirdPersonBP/Maps/UEDPIE_0_ThirdPersonExampleMap.ThirdPersonExampleMap up for play (max tick rate 0) at 2026.01.07-16.03.13
[2026.01.07-15.03.13:072][265]LogWorld: Bringing up level for play took: 0.006108
[2026.01.07-15.03.13:072][265]LogOnline: OSS: Creating online subsystem instance for: :Context_22
[2026.01.07-15.03.13:074][265]PIE: Server logged in
[2026.01.07-15.03.13:074][265]PIE: Play in editor total start time 0,148 seconds.
[2026.01.07-15.03.18:325][877]LogSlate: Updating window title bar state: overlay mode, drag disabled, window buttons hidden, title bar hidden
[2026.01.07-15.03.18:325][877]LogWorld: BeginTearingDown for /Game/ThirdPersonBP/Maps/UEDPIE_0_ThirdPersonExampleMap
[2026.01.07-15.03.18:325][877]LogWorld: UWorld::CleanupWorld for ThirdPersonExampleMap, bSessionEnded=true, bCleanupResources=true
[2026.01.07-15.03.18:326][877]LogSlate: InvalidateAllWidgets triggered.  All widgets were invalidated
[2026.01.07-15.03.18:336][877]LogPlayLevel: Display: Shutting down PIE online subsystems
[2026.01.07-15.03.18:341][877]LogSlate: InvalidateAllWidgets triggered.  All widgets were invalidated
[2026.01.07-15.03.18:358][877]LogSlate: Updating window title bar state: overlay mode, drag disabled, window buttons hidden, title bar hidden
[2026.01.07-15.03.18:358][877]LogAudioMixer: FMixerPlatformXAudio2::StopAudioStream() called
[2026.01.07-15.03.18:359][877]LogAudioMixer: FMixerPlatformXAudio2::StopAudioStream() called
[2026.01.07-15.03.18:364][877]LogUObjectHash: Compacting FUObjectHashTables data took   1.22ms
[2026.01.07-15.03.18:408][879]LogPlayLevel: Display: Destroying online subsystem :Context_22
[2026.01.07-15.03.19:736][ 38]LogEditorViewport: Clicking on Actor (LMB): enemy01_C (enemy01)
[2026.01.07-15.03.24:822][566]LogUObjectHash: Compacting FUObjectHashTables data took   0.97ms
[2026.01.07-15.03.25:355][566]LogSavePackage: Moving 'D:/rejp/ripositor/ligma_3rd_person/Saved/ThirdPersonExampleMapDC2B7FA6477CC8F3AB6A2C9FFB100155.tmp' to 'D:/rejp/ripositor/ligma_3rd_person/Content/ThirdPersonBP/Maps/ThirdPersonExampleMap.umap'
[2026.01.07-15.03.25:695][566]LogSavePackage: Moving 'D:/rejp/ripositor/ligma_3rd_person/Saved/ThirdPersonExampleMap_BuiltData3CFD52734225E98716C851970EAF310A.tmp' to 'D:/rejp/ripositor/ligma_3rd_person/Content/ThirdPersonBP/Maps/ThirdPersonExampleMap_BuiltData.uasset'
[2026.01.07-15.03.25:708][566]AssetCheck: New page: Asset Save: multiple assets
[2026.01.07-15.03.25:708][566]LogContentValidation: Display: Validating MapBuildDataRegistry /Game/ThirdPersonBP/Maps/ThirdPersonExampleMap_BuiltData.ThirdPersonExampleMap_BuiltData
[2026.01.07-15.03.25:708][566]LogContentValidation: Display: Validating World /Game/ThirdPersonBP/Maps/ThirdPersonExampleMap.ThirdPersonExampleMap
[2026.01.07-15.03.26:146][610]LogTemp: Repeating last play command: Selected Viewport
[2026.01.07-15.03.26:158][610]LogPlayLevel: PlayLevel: No blueprints needed recompiling
[2026.01.07-15.03.26:158][610]PIE: New page: PIE session: ThirdPersonExampleMap (7 sty 2026, 17:03:26)
[2026.01.07-15.03.26:158][610]LogPlayLevel: Creating play world package: /Game/ThirdPersonBP/Maps/UEDPIE_0_ThirdPersonExampleMap
[2026.01.07-15.03.26:236][610]LogPlayLevel: PIE: StaticDuplicateObject took: (0.078179s)
[2026.01.07-15.03.26:237][610]LogAIModule: Creating AISystem for world ThirdPersonExampleMap
[2026.01.07-15.03.26:237][610]LogPlayLevel: PIE: World Init took: (0.000822s)
[2026.01.07-15.03.26:237][610]LogPlayLevel: PIE: Created PIE world by copying editor world from /Game/ThirdPersonBP/Maps/ThirdPersonExampleMap.ThirdPersonExampleMap to /Game/ThirdPersonBP/Maps/UEDPIE_0_ThirdPersonExampleMap.ThirdPersonExampleMap (0.079109s)
[2026.01.07-15.03.26:251][610]LogUObjectHash: Compacting FUObjectHashTables data took   1.13ms
[2026.01.07-15.03.26:252][610]LogAudio: Display: Creating Audio Device:                 Id: 14, Scope: Unique, Realtime: True
[2026.01.07-15.03.26:252][610]LogAudioMixer: Display: Audio Mixer Platform Settings:
[2026.01.07-15.03.26:252][610]LogAudioMixer: Display: 	Sample Rate:						  48000
[2026.01.07-15.03.26:252][610]LogAudioMixer: Display: 	Callback Buffer Frame Size Requested: 1024
[2026.01.07-15.03.26:252][610]LogAudioMixer: Display: 	Callback Buffer Frame Size To Use:	  1024
[2026.01.07-15.03.26:252][610]LogAudioMixer: Display: 	Number of buffers to queue:			  2
[2026.01.07-15.03.26:252][610]LogAudioMixer: Display: 	Max Channels (voices):				  32
[2026.01.07-15.03.26:252][610]LogAudioMixer: Display: 	Number of Async Source Workers:		  0
[2026.01.07-15.03.26:252][610]LogAudio: Display: AudioDevice MaxSources: 32
[2026.01.07-15.03.26:252][610]LogAudio: Display: Audio Spatialization Plugin: None (built-in).
[2026.01.07-15.03.26:252][610]LogAudio: Display: Audio Reverb Plugin: None (built-in).
[2026.01.07-15.03.26:252][610]LogAudio: Display: Audio Occlusion Plugin: None (built-in).
[2026.01.07-15.03.26:252][610]LogAudioMixer: Display: Initializing audio mixer.
[2026.01.07-15.03.26:255][610]LogAudioMixer: Display: 0: FrontLeft
[2026.01.07-15.03.26:255][610]LogAudioMixer: Display: 1: FrontRight
[2026.01.07-15.03.26:260][610]LogAudioMixer: Display: Using Audio Device VG248 (3 — NVIDIA High Definition Audio)
[2026.01.07-15.03.26:260][610]LogAudioMixer: Display: Initializing Sound Submixes...
[2026.01.07-15.03.26:260][610]LogAudioMixer: Display: Creating Master Submix 'MasterSubmixDefault'
[2026.01.07-15.03.26:260][610]LogAudioMixer: Display: Creating Master Submix 'MasterReverbSubmixDefault'
[2026.01.07-15.03.26:260][610]LogAudioMixer: Display: Creating Master Submix 'MasterEQSubmixDefault'
[2026.01.07-15.03.26:260][610]LogAudioMixer: FMixerPlatformXAudio2::StartAudioStream() called
[2026.01.07-15.03.26:260][610]LogAudioMixer: Display: Output buffers initialized: Frames=1024, Channels=2, Samples=2048
[2026.01.07-15.03.26:261][610]LogAudioMixer: Display: Starting AudioMixerPlatformInterface::RunInternal()
[2026.01.07-15.03.26:261][610]LogAudioMixer: Display: FMixerPlatformXAudio2::SubmitBuffer() called for the first time
[2026.01.07-15.03.26:261][610]LogInit: FAudioDevice initialized.
[2026.01.07-15.03.26:261][610]LogAudio: Display: Audio Device (ID: 14) registered with world 'ThirdPersonExampleMap'.
[2026.01.07-15.03.26:271][610]LogLoad: Game class is 'ThirdPersonGameMode_C'
[2026.01.07-15.03.26:276][610]LogWorld: Bringing World /Game/ThirdPersonBP/Maps/UEDPIE_0_ThirdPersonExampleMap.ThirdPersonExampleMap up for play (max tick rate 0) at 2026.01.07-16.03.26
[2026.01.07-15.03.26:277][610]LogWorld: Bringing up level for play took: 0.005257
[2026.01.07-15.03.26:277][610]LogOnline: OSS: Creating online subsystem instance for: :Context_23
[2026.01.07-15.03.26:278][610]PIE: Server logged in
[2026.01.07-15.03.26:279][610]PIE: Play in editor total start time 0,122 seconds.
[2026.01.07-15.03.39:406][177]LogSlate: Updating window title bar state: overlay mode, drag disabled, window buttons hidden, title bar hidden
[2026.01.07-15.03.39:406][177]LogWorld: BeginTearingDown for /Game/ThirdPersonBP/Maps/UEDPIE_0_ThirdPersonExampleMap
[2026.01.07-15.03.39:406][177]LogWorld: UWorld::CleanupWorld for ThirdPersonExampleMap, bSessionEnded=true, bCleanupResources=true
[2026.01.07-15.03.39:408][177]LogSlate: InvalidateAllWidgets triggered.  All widgets were invalidated
[2026.01.07-15.03.39:417][177]LogPlayLevel: Display: Shutting down PIE online subsystems
[2026.01.07-15.03.39:423][177]LogSlate: InvalidateAllWidgets triggered.  All widgets were invalidated
[2026.01.07-15.03.39:442][177]LogSlate: Updating window title bar state: overlay mode, drag disabled, window buttons hidden, title bar hidden
[2026.01.07-15.03.39:443][177]LogAudioMixer: FMixerPlatformXAudio2::StopAudioStream() called
[2026.01.07-15.03.39:444][177]LogAudioMixer: FMixerPlatformXAudio2::StopAudioStream() called
[2026.01.07-15.03.39:449][177]LogUObjectHash: Compacting FUObjectHashTables data took   1.22ms
[2026.01.07-15.03.39:474][178]LogPlayLevel: Display: Destroying online subsystem :Context_23
[2026.01.07-15.04.05:554][970]Cmd: OBJ SAVEPACKAGE PACKAGE="/Game/bluprinty/enemy01" FILE="D:/rejp/ripositor/ligma_3rd_person/Content/bluprinty/enemy01.uasset" SILENT=true
[2026.01.07-15.04.05:564][970]LogSavePackage: Moving 'D:/rejp/ripositor/ligma_3rd_person/Saved/enemy013D8FAD07444C9F3CD930D9A4736E34B8.tmp' to 'D:/rejp/ripositor/ligma_3rd_person/Content/bluprinty/enemy01.uasset'
[2026.01.07-15.04.05:574][970]AssetCheck: New page: Asset Save: enemy01
[2026.01.07-15.04.05:574][970]LogContentValidation: Display: Validating Blueprint /Game/bluprinty/enemy01.enemy01
[2026.01.07-15.04.07:246][163]LogTemp: Repeating last play command: Selected Viewport
[2026.01.07-15.04.07:252][163]LogPlayLevel: PlayLevel: No blueprints needed recompiling
[2026.01.07-15.04.07:252][163]PIE: New page: PIE session: ThirdPersonExampleMap (7 sty 2026, 17:04:07)
[2026.01.07-15.04.07:283][163]LogPlayLevel: Creating play world package: /Game/ThirdPersonBP/Maps/UEDPIE_0_ThirdPersonExampleMap
[2026.01.07-15.04.07:364][163]LogPlayLevel: PIE: StaticDuplicateObject took: (0.080952s)
[2026.01.07-15.04.07:365][163]LogAIModule: Creating AISystem for world ThirdPersonExampleMap
[2026.01.07-15.04.07:365][163]LogPlayLevel: PIE: World Init took: (0.000783s)
[2026.01.07-15.04.07:365][163]LogPlayLevel: PIE: Created PIE world by copying editor world from /Game/ThirdPersonBP/Maps/ThirdPersonExampleMap.ThirdPersonExampleMap to /Game/ThirdPersonBP/Maps/UEDPIE_0_ThirdPersonExampleMap.ThirdPersonExampleMap (0.081878s)
[2026.01.07-15.04.07:380][163]LogUObjectHash: Compacting FUObjectHashTables data took   1.19ms
[2026.01.07-15.04.07:381][163]LogAudio: Display: Creating Audio Device:                 Id: 15, Scope: Unique, Realtime: True
[2026.01.07-15.04.07:381][163]LogAudioMixer: Display: Audio Mixer Platform Settings:
[2026.01.07-15.04.07:381][163]LogAudioMixer: Display: 	Sample Rate:						  48000
[2026.01.07-15.04.07:381][163]LogAudioMixer: Display: 	Callback Buffer Frame Size Requested: 1024
[2026.01.07-15.04.07:381][163]LogAudioMixer: Display: 	Callback Buffer Frame Size To Use:	  1024
[2026.01.07-15.04.07:381][163]LogAudioMixer: Display: 	Number of buffers to queue:			  2
[2026.01.07-15.04.07:382][163]LogAudioMixer: Display: 	Max Channels (voices):				  32
[2026.01.07-15.04.07:382][163]LogAudioMixer: Display: 	Number of Async Source Workers:		  0
[2026.01.07-15.04.07:382][163]LogAudio: Display: AudioDevice MaxSources: 32
[2026.01.07-15.04.07:382][163]LogAudio: Display: Audio Spatialization Plugin: None (built-in).
[2026.01.07-15.04.07:382][163]LogAudio: Display: Audio Reverb Plugin: None (built-in).
[2026.01.07-15.04.07:382][163]LogAudio: Display: Audio Occlusion Plugin: None (built-in).
[2026.01.07-15.04.07:382][163]LogAudioMixer: Display: Initializing audio mixer.
[2026.01.07-15.04.07:384][163]LogAudioMixer: Display: 0: FrontLeft
[2026.01.07-15.04.07:385][163]LogAudioMixer: Display: 1: FrontRight
[2026.01.07-15.04.07:390][163]LogAudioMixer: Display: Using Audio Device VG248 (3 — NVIDIA High Definition Audio)
[2026.01.07-15.04.07:390][163]LogAudioMixer: Display: Initializing Sound Submixes...
[2026.01.07-15.04.07:390][163]LogAudioMixer: Display: Creating Master Submix 'MasterSubmixDefault'
[2026.01.07-15.04.07:390][163]LogAudioMixer: Display: Creating Master Submix 'MasterReverbSubmixDefault'
[2026.01.07-15.04.07:390][163]LogAudioMixer: Display: Creating Master Submix 'MasterEQSubmixDefault'
[2026.01.07-15.04.07:390][163]LogAudioMixer: FMixerPlatformXAudio2::StartAudioStream() called
[2026.01.07-15.04.07:390][163]LogAudioMixer: Display: Output buffers initialized: Frames=1024, Channels=2, Samples=2048
[2026.01.07-15.04.07:391][163]LogAudioMixer: Display: Starting AudioMixerPlatformInterface::RunInternal()
[2026.01.07-15.04.07:391][163]LogAudioMixer: Display: FMixerPlatformXAudio2::SubmitBuffer() called for the first time
[2026.01.07-15.04.07:391][163]LogInit: FAudioDevice initialized.
[2026.01.07-15.04.07:391][163]LogAudio: Display: Audio Device (ID: 15) registered with world 'ThirdPersonExampleMap'.
[2026.01.07-15.04.07:395][163]LogLoad: Game class is 'ThirdPersonGameMode_C'
[2026.01.07-15.04.07:401][163]LogWorld: Bringing World /Game/ThirdPersonBP/Maps/UEDPIE_0_ThirdPersonExampleMap.ThirdPersonExampleMap up for play (max tick rate 0) at 2026.01.07-16.04.07
[2026.01.07-15.04.07:401][163]LogWorld: Bringing up level for play took: 0.006336
[2026.01.07-15.04.07:402][163]LogOnline: OSS: Creating online subsystem instance for: :Context_24
[2026.01.07-15.04.07:403][163]PIE: Server logged in
[2026.01.07-15.04.07:404][163]PIE: Play in editor total start time 0,152 seconds.
[2026.01.07-15.04.17:656][384]LogSlate: Updating window title bar state: overlay mode, drag disabled, window buttons hidden, title bar hidden
[2026.01.07-15.04.17:656][384]LogWorld: BeginTearingDown for /Game/ThirdPersonBP/Maps/UEDPIE_0_ThirdPersonExampleMap
[2026.01.07-15.04.17:657][384]LogWorld: UWorld::CleanupWorld for ThirdPersonExampleMap, bSessionEnded=true, bCleanupResources=true
[2026.01.07-15.04.17:658][384]LogSlate: InvalidateAllWidgets triggered.  All widgets were invalidated
[2026.01.07-15.04.17:667][384]LogPlayLevel: Display: Shutting down PIE online subsystems
[2026.01.07-15.04.17:674][384]LogSlate: InvalidateAllWidgets triggered.  All widgets were invalidated
[2026.01.07-15.04.17:694][384]LogAudio: Display: Audio Device unregistered from world 'None'.
[2026.01.07-15.04.17:694][384]LogAudioMixer: FMixerPlatformXAudio2::StopAudioStream() called
[2026.01.07-15.04.17:695][384]LogAudioMixer: FMixerPlatformXAudio2::StopAudioStream() called
[2026.01.07-15.04.17:697][384]LogSlate: Updating window title bar state: overlay mode, drag disabled, window buttons hidden, title bar hidden
[2026.01.07-15.04.17:700][384]LogUObjectHash: Compacting FUObjectHashTables data took   1.22ms
[2026.01.07-15.04.17:719][385]LogPlayLevel: Display: Destroying online subsystem :Context_24
[2026.01.07-15.04.37:826][182]LogSlate: Window 'Pick Parent Class' being destroyed
[2026.01.07-15.04.37:830][182]LogContentBrowser: Deferred new asset file creation: NewBlueprint
[2026.01.07-15.04.37:845][182]LogContentBrowser: Creating deferred item: NewBlueprint
[2026.01.07-15.04.39:235][339]LogContentBrowser: Attempting asset rename: NewBlueprint -> asfas
[2026.01.07-15.04.39:238][339]LogContentBrowser: End creating deferred item NewBlueprint
[2026.01.07-15.04.41:938][649]LogAssetEditorSubsystem: Opening Asset editor for Blueprint /Game/bluprinty/asfas.asfas
[2026.01.07-15.04.58:593][374]BlueprintLog: New page: Compile asfas
[2026.01.07-15.04.58:595][374]LogBlueprint: Error: [AssetLog] /Game/bluprinty/asfas.asfas (no disk path found): [Compiler] The type of  Object  is undetermined.  Connect something to  Cast To ThirdPersonCharacter  to imply a specific type.
[2026.01.07-15.04.58:595][374]LogBlueprint: Error: [AssetLog] /Game/bluprinty/asfas.asfas (no disk path found): [Compiler] The current value of the ' Object ' pin is invalid: Unsupported type Wildcard on pin Object
[2026.01.07-15.04.58:631][374]LogUObjectHash: Compacting FUObjectHashTables data took   1.63ms
[2026.01.07-15.04.58:657][374]LogSlate: Took 0.000709 seconds to synchronously load lazily loaded font '../../../Engine/Content/Slate/Fonts/DroidSansMono.ttf' (77K)
[2026.01.07-15.05.07:121][219]BlueprintLog: New page: Compile asfas
[2026.01.07-15.05.07:146][219]LogUObjectHash: Compacting FUObjectHashTables data took   1.42ms
[2026.01.07-15.05.07:758][276]Cmd: OBJ SAVEPACKAGE PACKAGE="/Game/bluprinty/asfas" FILE="D:/rejp/ripositor/ligma_3rd_person/Content/bluprinty/asfas.uasset" SILENT=true
[2026.01.07-15.05.07:770][276]LogSavePackage: Moving 'D:/rejp/ripositor/ligma_3rd_person/Saved/asfas9054541F4C466C3A1FF989906F9C0FB7.tmp' to 'D:/rejp/ripositor/ligma_3rd_person/Content/bluprinty/asfas.uasset'
[2026.01.07-15.05.07:780][276]AssetCheck: New page: Asset Save: asfas
[2026.01.07-15.05.07:780][276]LogContentValidation: Display: Validating Blueprint /Game/bluprinty/asfas.asfas
[2026.01.07-15.05.08:467][357]LogUObjectHash: Compacting FUObjectHashTables data took   1.35ms
[2026.01.07-15.05.08:505][357]LogUObjectHash: Compacting FUObjectHashTables data took   0.35ms
[2026.01.07-15.05.08:910][357]LogSavePackage: Moving 'D:/rejp/ripositor/ligma_3rd_person/Saved/ThirdPersonExampleMapE627E8594F8C2D29D959DF973A6684BA.tmp' to 'D:/rejp/ripositor/ligma_3rd_person/Content/ThirdPersonBP/Maps/ThirdPersonExampleMap.umap'
[2026.01.07-15.05.08:929][357]LogFileHelpers: Saving map 'ThirdPersonExampleMap' took 0.442
[2026.01.07-15.05.08:934][357]AssetCheck: New page: Asset Save: ThirdPersonExampleMap
[2026.01.07-15.05.08:934][357]LogContentValidation: Display: Validating World /Game/ThirdPersonBP/Maps/ThirdPersonExampleMap.ThirdPersonExampleMap
[2026.01.07-15.05.20:785][503]LogUObjectHash: Compacting FUObjectHashTables data took   1.31ms
[2026.01.07-15.05.21:170][503]LogSavePackage: Moving 'D:/rejp/ripositor/ligma_3rd_person/Saved/ThirdPersonExampleMap421E15624E65641C5614059B1F3701A3.tmp' to 'D:/rejp/ripositor/ligma_3rd_person/Content/ThirdPersonBP/Maps/ThirdPersonExampleMap.umap'
[2026.01.07-15.05.21:446][503]LogSavePackage: Moving 'D:/rejp/ripositor/ligma_3rd_person/Saved/ThirdPersonExampleMap_BuiltData2C690F084F933074515547B1BD5ED64F.tmp' to 'D:/rejp/ripositor/ligma_3rd_person/Content/ThirdPersonBP/Maps/ThirdPersonExampleMap_BuiltData.uasset'
[2026.01.07-15.05.21:456][503]AssetCheck: New page: Asset Save: multiple assets
[2026.01.07-15.05.21:456][503]LogContentValidation: Display: Validating MapBuildDataRegistry /Game/ThirdPersonBP/Maps/ThirdPersonExampleMap_BuiltData.ThirdPersonExampleMap_BuiltData
[2026.01.07-15.05.21:456][503]LogContentValidation: Display: Validating World /Game/ThirdPersonBP/Maps/ThirdPersonExampleMap.ThirdPersonExampleMap
[2026.01.07-15.05.22:443][581]LogTemp: Repeating last play command: Selected Viewport
[2026.01.07-15.05.22:455][581]LogPlayLevel: PlayLevel: No blueprints needed recompiling
[2026.01.07-15.05.22:455][581]PIE: New page: PIE session: ThirdPersonExampleMap (7 sty 2026, 17:05:22)
[2026.01.07-15.05.22:483][581]LogPlayLevel: Creating play world package: /Game/ThirdPersonBP/Maps/UEDPIE_0_ThirdPersonExampleMap
[2026.01.07-15.05.22:559][581]LogPlayLevel: PIE: StaticDuplicateObject took: (0.076183s)
[2026.01.07-15.05.22:560][581]LogAIModule: Creating AISystem for world ThirdPersonExampleMap
[2026.01.07-15.05.22:560][581]LogPlayLevel: PIE: World Init took: (0.000769s)
[2026.01.07-15.05.22:560][581]LogPlayLevel: PIE: Created PIE world by copying editor world from /Game/ThirdPersonBP/Maps/ThirdPersonExampleMap.ThirdPersonExampleMap to /Game/ThirdPersonBP/Maps/UEDPIE_0_ThirdPersonExampleMap.ThirdPersonExampleMap (0.077080s)
[2026.01.07-15.05.22:574][581]LogUObjectHash: Compacting FUObjectHashTables data took   1.17ms
[2026.01.07-15.05.22:575][581]LogAudio: Display: Creating Audio Device:                 Id: 16, Scope: Unique, Realtime: True
[2026.01.07-15.05.22:575][581]LogAudioMixer: Display: Audio Mixer Platform Settings:
[2026.01.07-15.05.22:575][581]LogAudioMixer: Display: 	Sample Rate:						  48000
[2026.01.07-15.05.22:575][581]LogAudioMixer: Display: 	Callback Buffer Frame Size Requested: 1024
[2026.01.07-15.05.22:575][581]LogAudioMixer: Display: 	Callback Buffer Frame Size To Use:	  1024
[2026.01.07-15.05.22:575][581]LogAudioMixer: Display: 	Number of buffers to queue:			  2
[2026.01.07-15.05.22:575][581]LogAudioMixer: Display: 	Max Channels (voices):				  32
[2026.01.07-15.05.22:575][581]LogAudioMixer: Display: 	Number of Async Source Workers:		  0
[2026.01.07-15.05.22:575][581]LogAudio: Display: AudioDevice MaxSources: 32
[2026.01.07-15.05.22:576][581]LogAudio: Display: Audio Spatialization Plugin: None (built-in).
[2026.01.07-15.05.22:576][581]LogAudio: Display: Audio Reverb Plugin: None (built-in).
[2026.01.07-15.05.22:576][581]LogAudio: Display: Audio Occlusion Plugin: None (built-in).
[2026.01.07-15.05.22:576][581]LogAudioMixer: Display: Initializing audio mixer.
[2026.01.07-15.05.22:578][581]LogAudioMixer: Display: 0: FrontLeft
[2026.01.07-15.05.22:578][581]LogAudioMixer: Display: 1: FrontRight
[2026.01.07-15.05.22:584][581]LogAudioMixer: Display: Using Audio Device VG248 (3 — NVIDIA High Definition Audio)
[2026.01.07-15.05.22:584][581]LogAudioMixer: Display: Initializing Sound Submixes...
[2026.01.07-15.05.22:584][581]LogAudioMixer: Display: Creating Master Submix 'MasterSubmixDefault'
[2026.01.07-15.05.22:584][581]LogAudioMixer: Display: Creating Master Submix 'MasterReverbSubmixDefault'
[2026.01.07-15.05.22:584][581]LogAudioMixer: Display: Creating Master Submix 'MasterEQSubmixDefault'
[2026.01.07-15.05.22:584][581]LogAudioMixer: FMixerPlatformXAudio2::StartAudioStream() called
[2026.01.07-15.05.22:584][581]LogAudioMixer: Display: Output buffers initialized: Frames=1024, Channels=2, Samples=2048
[2026.01.07-15.05.22:585][581]LogAudioMixer: Display: Starting AudioMixerPlatformInterface::RunInternal()
[2026.01.07-15.05.22:585][581]LogAudioMixer: Display: FMixerPlatformXAudio2::SubmitBuffer() called for the first time
[2026.01.07-15.05.22:585][581]LogInit: FAudioDevice initialized.
[2026.01.07-15.05.22:585][581]LogAudio: Display: Audio Device (ID: 16) registered with world 'ThirdPersonExampleMap'.
[2026.01.07-15.05.22:591][581]LogLoad: Game class is 'ThirdPersonGameMode_C'
[2026.01.07-15.05.22:598][581]LogWorld: Bringing World /Game/ThirdPersonBP/Maps/UEDPIE_0_ThirdPersonExampleMap.ThirdPersonExampleMap up for play (max tick rate 0) at 2026.01.07-16.05.22
[2026.01.07-15.05.22:598][581]LogWorld: Bringing up level for play took: 0.006158
[2026.01.07-15.05.22:598][581]LogOnline: OSS: Creating online subsystem instance for: :Context_27
[2026.01.07-15.05.22:600][581]PIE: Server logged in
[2026.01.07-15.05.22:600][581]PIE: Play in editor total start time 0,147 seconds.
[2026.01.07-15.05.28:434][267]LogSlate: Updating window title bar state: overlay mode, drag disabled, window buttons hidden, title bar hidden
[2026.01.07-15.05.28:434][267]LogWorld: BeginTearingDown for /Game/ThirdPersonBP/Maps/UEDPIE_0_ThirdPersonExampleMap
[2026.01.07-15.05.28:434][267]LogWorld: UWorld::CleanupWorld for ThirdPersonExampleMap, bSessionEnded=true, bCleanupResources=true
[2026.01.07-15.05.28:435][267]LogSlate: InvalidateAllWidgets triggered.  All widgets were invalidated
[2026.01.07-15.05.28:445][267]LogPlayLevel: Display: Shutting down PIE online subsystems
[2026.01.07-15.05.28:451][267]LogSlate: InvalidateAllWidgets triggered.  All widgets were invalidated
[2026.01.07-15.05.28:466][267]LogSlate: Updating window title bar state: overlay mode, drag disabled, window buttons hidden, title bar hidden
[2026.01.07-15.05.28:467][267]LogAudioMixer: FMixerPlatformXAudio2::StopAudioStream() called
[2026.01.07-15.05.28:468][267]LogAudioMixer: FMixerPlatformXAudio2::StopAudioStream() called
[2026.01.07-15.05.28:473][267]LogUObjectHash: Compacting FUObjectHashTables data took   1.37ms
[2026.01.07-15.05.28:519][269]LogPlayLevel: Display: Destroying online subsystem :Context_27
[2026.01.07-15.05.50:795][590]BlueprintLog: New page: Compile asfas
[2026.01.07-15.05.50:827][590]LogUObjectHash: Compacting FUObjectHashTables data took   1.18ms
[2026.01.07-15.05.51:301][621]LogUObjectHash: Compacting FUObjectHashTables data took   1.46ms
[2026.01.07-15.05.51:343][621]LogUObjectHash: Compacting FUObjectHashTables data took   0.35ms
[2026.01.07-15.05.51:750][621]LogSavePackage: Moving 'D:/rejp/ripositor/ligma_3rd_person/Saved/ThirdPersonExampleMap8E94CC8A4294A32809AFC79277FAF053.tmp' to 'D:/rejp/ripositor/ligma_3rd_person/Content/ThirdPersonBP/Maps/ThirdPersonExampleMap.umap'
[2026.01.07-15.05.51:782][621]LogFileHelpers: Saving map 'ThirdPersonExampleMap' took 0.462
[2026.01.07-15.05.51:787][621]Cmd: OBJ SAVEPACKAGE PACKAGE="/Game/bluprinty/asfas" FILE="D:/rejp/ripositor/ligma_3rd_person/Content/bluprinty/asfas.uasset" SILENT=true
[2026.01.07-15.05.51:806][621]LogSavePackage: Moving 'D:/rejp/ripositor/ligma_3rd_person/Saved/asfas901279A24D1DA04712AA13956C891141.tmp' to 'D:/rejp/ripositor/ligma_3rd_person/Content/bluprinty/asfas.uasset'
[2026.01.07-15.05.51:815][621]AssetCheck: New page: Asset Save: multiple assets
[2026.01.07-15.05.51:815][621]LogContentValidation: Display: Validating World /Game/ThirdPersonBP/Maps/ThirdPersonExampleMap.ThirdPersonExampleMap
[2026.01.07-15.05.51:815][621]LogContentValidation: Display: Validating Blueprint /Game/bluprinty/asfas.asfas
[2026.01.07-15.06.21:684][612]BlueprintLog: New page: Compile asfas
[2026.01.07-15.06.21:715][612]LogUObjectHash: Compacting FUObjectHashTables data took   1.55ms
[2026.01.07-15.06.22:118][656]LogUObjectHash: Compacting FUObjectHashTables data took   1.37ms
[2026.01.07-15.06.22:153][656]LogUObjectHash: Compacting FUObjectHashTables data took   0.35ms
[2026.01.07-15.06.22:598][656]LogSavePackage: Moving 'D:/rejp/ripositor/ligma_3rd_person/Saved/ThirdPersonExampleMap014454554CAF03C0568E35AF7E679259.tmp' to 'D:/rejp/ripositor/ligma_3rd_person/Content/ThirdPersonBP/Maps/ThirdPersonExampleMap.umap'
[2026.01.07-15.06.22:627][656]LogFileHelpers: Saving map 'ThirdPersonExampleMap' took 0.492
[2026.01.07-15.06.22:633][656]Cmd: OBJ SAVEPACKAGE PACKAGE="/Game/bluprinty/asfas" FILE="D:/rejp/ripositor/ligma_3rd_person/Content/bluprinty/asfas.uasset" SILENT=true
[2026.01.07-15.06.22:709][656]LogSavePackage: Moving 'D:/rejp/ripositor/ligma_3rd_person/Saved/asfasA13711EB4C66CE8A1C8FE9828BC51305.tmp' to 'D:/rejp/ripositor/ligma_3rd_person/Content/bluprinty/asfas.uasset'
[2026.01.07-15.06.22:721][656]AssetCheck: New page: Asset Save: multiple assets
[2026.01.07-15.06.22:721][656]LogContentValidation: Display: Validating World /Game/ThirdPersonBP/Maps/ThirdPersonExampleMap.ThirdPersonExampleMap
[2026.01.07-15.06.22:721][656]LogContentValidation: Display: Validating Blueprint /Game/bluprinty/asfas.asfas
[2026.01.07-15.06.25:333][907]LogTemp: Repeating last play command: Selected Viewport
[2026.01.07-15.06.25:341][907]LogPlayLevel: PlayLevel: No blueprints needed recompiling
[2026.01.07-15.06.25:342][907]PIE: New page: PIE session: ThirdPersonExampleMap (7 sty 2026, 17:06:25)
[2026.01.07-15.06.25:342][907]LogPlayLevel: Creating play world package: /Game/ThirdPersonBP/Maps/UEDPIE_0_ThirdPersonExampleMap
[2026.01.07-15.06.25:419][907]LogPlayLevel: PIE: StaticDuplicateObject took: (0.077588s)
[2026.01.07-15.06.25:420][907]LogAIModule: Creating AISystem for world ThirdPersonExampleMap
[2026.01.07-15.06.25:420][907]LogPlayLevel: PIE: World Init took: (0.000792s)
[2026.01.07-15.06.25:420][907]LogPlayLevel: PIE: Created PIE world by copying editor world from /Game/ThirdPersonBP/Maps/ThirdPersonExampleMap.ThirdPersonExampleMap to /Game/ThirdPersonBP/Maps/UEDPIE_0_ThirdPersonExampleMap.ThirdPersonExampleMap (0.078483s)
[2026.01.07-15.06.25:435][907]LogUObjectHash: Compacting FUObjectHashTables data took   1.17ms
[2026.01.07-15.06.25:436][907]LogAudio: Display: Creating Audio Device:                 Id: 17, Scope: Unique, Realtime: True
[2026.01.07-15.06.25:436][907]LogAudioMixer: Display: Audio Mixer Platform Settings:
[2026.01.07-15.06.25:436][907]LogAudioMixer: Display: 	Sample Rate:						  48000
[2026.01.07-15.06.25:436][907]LogAudioMixer: Display: 	Callback Buffer Frame Size Requested: 1024
[2026.01.07-15.06.25:436][907]LogAudioMixer: Display: 	Callback Buffer Frame Size To Use:	  1024
[2026.01.07-15.06.25:436][907]LogAudioMixer: Display: 	Number of buffers to queue:			  2
[2026.01.07-15.06.25:436][907]LogAudioMixer: Display: 	Max Channels (voices):				  32
[2026.01.07-15.06.25:436][907]LogAudioMixer: Display: 	Number of Async Source Workers:		  0
[2026.01.07-15.06.25:436][907]LogAudio: Display: AudioDevice MaxSources: 32
[2026.01.07-15.06.25:436][907]LogAudio: Display: Audio Spatialization Plugin: None (built-in).
[2026.01.07-15.06.25:436][907]LogAudio: Display: Audio Reverb Plugin: None (built-in).
[2026.01.07-15.06.25:436][907]LogAudio: Display: Audio Occlusion Plugin: None (built-in).
[2026.01.07-15.06.25:436][907]LogAudioMixer: Display: Initializing audio mixer.
[2026.01.07-15.06.25:439][907]LogAudioMixer: Display: 0: FrontLeft
[2026.01.07-15.06.25:439][907]LogAudioMixer: Display: 1: FrontRight
[2026.01.07-15.06.25:444][907]LogAudioMixer: Display: Using Audio Device VG248 (3 — NVIDIA High Definition Audio)
[2026.01.07-15.06.25:444][907]LogAudioMixer: Display: Initializing Sound Submixes...
[2026.01.07-15.06.25:444][907]LogAudioMixer: Display: Creating Master Submix 'MasterSubmixDefault'
[2026.01.07-15.06.25:444][907]LogAudioMixer: Display: Creating Master Submix 'MasterReverbSubmixDefault'
[2026.01.07-15.06.25:445][907]LogAudioMixer: Display: Creating Master Submix 'MasterEQSubmixDefault'
[2026.01.07-15.06.25:445][907]LogAudioMixer: FMixerPlatformXAudio2::StartAudioStream() called
[2026.01.07-15.06.25:445][907]LogAudioMixer: Display: Output buffers initialized: Frames=1024, Channels=2, Samples=2048
[2026.01.07-15.06.25:445][907]LogAudioMixer: Display: Starting AudioMixerPlatformInterface::RunInternal()
[2026.01.07-15.06.25:445][907]LogAudioMixer: Display: FMixerPlatformXAudio2::SubmitBuffer() called for the first time
[2026.01.07-15.06.25:445][907]LogInit: FAudioDevice initialized.
[2026.01.07-15.06.25:445][907]LogAudio: Display: Audio Device (ID: 17) registered with world 'ThirdPersonExampleMap'.
[2026.01.07-15.06.25:453][907]LogLoad: Game class is 'ThirdPersonGameMode_C'
[2026.01.07-15.06.25:459][907]LogWorld: Bringing World /Game/ThirdPersonBP/Maps/UEDPIE_0_ThirdPersonExampleMap.ThirdPersonExampleMap up for play (max tick rate 0) at 2026.01.07-16.06.25
[2026.01.07-15.06.25:459][907]LogWorld: Bringing up level for play took: 0.005853
[2026.01.07-15.06.25:459][907]LogOnline: OSS: Creating online subsystem instance for: :Context_28
[2026.01.07-15.06.25:461][907]PIE: Server logged in
[2026.01.07-15.06.25:461][907]PIE: Play in editor total start time 0,12 seconds.
[2026.01.07-15.06.31:703][636]LogSlate: Updating window title bar state: overlay mode, drag disabled, window buttons hidden, title bar hidden
[2026.01.07-15.06.31:703][636]LogWorld: BeginTearingDown for /Game/ThirdPersonBP/Maps/UEDPIE_0_ThirdPersonExampleMap
[2026.01.07-15.06.31:704][636]LogWorld: UWorld::CleanupWorld for ThirdPersonExampleMap, bSessionEnded=true, bCleanupResources=true
[2026.01.07-15.06.31:705][636]LogSlate: InvalidateAllWidgets triggered.  All widgets were invalidated
[2026.01.07-15.06.31:717][636]LogPlayLevel: Display: Shutting down PIE online subsystems
[2026.01.07-15.06.31:722][636]LogSlate: InvalidateAllWidgets triggered.  All widgets were invalidated
[2026.01.07-15.06.31:738][636]LogSlate: Updating window title bar state: overlay mode, drag disabled, window buttons hidden, title bar hidden
[2026.01.07-15.06.31:738][636]LogAudioMixer: FMixerPlatformXAudio2::StopAudioStream() called
[2026.01.07-15.06.31:739][636]LogAudioMixer: FMixerPlatformXAudio2::StopAudioStream() called
[2026.01.07-15.06.31:745][636]LogUObjectHash: Compacting FUObjectHashTables data took   1.20ms
[2026.01.07-15.06.31:775][637]LogPlayLevel: Display: Destroying online subsystem :Context_28
[2026.01.07-15.06.37:009][131]LogEditorViewport: Clicking on Actor (LMB): StaticMeshActor (Box_Brush114_StaticMesh)
[2026.01.07-15.06.45:025][ 74]LogEditorViewport: Clicking on Actor (LMB): StaticMeshActor (Box_Brush114_StaticMesh)
[2026.01.07-15.06.54:322][179]LogEditorViewport: Clicking on Actor (LMB): bp_level-marker_C (bp_level-marker10)
[2026.01.07-15.06.54:964][254]Cmd: CAMERA ALIGN ACTIVEVIEWPORTONLY
[2026.01.07-15.07.09:676][946]BlueprintLog: New page: Compile enemy01
[2026.01.07-15.07.09:703][946]LogUObjectHash: Compacting FUObjectHashTables data took   1.31ms
[2026.01.07-15.07.10:423][  9]Cmd: OBJ SAVEPACKAGE PACKAGE="/Game/bluprinty/enemy01" FILE="D:/rejp/ripositor/ligma_3rd_person/Content/bluprinty/enemy01.uasset" SILENT=true
[2026.01.07-15.07.10:437][  9]LogSavePackage: Moving 'D:/rejp/ripositor/ligma_3rd_person/Saved/enemy019B89602F40D5B891B6679B852D112E3B.tmp' to 'D:/rejp/ripositor/ligma_3rd_person/Content/bluprinty/enemy01.uasset'
[2026.01.07-15.07.10:445][  9]AssetCheck: New page: Asset Save: enemy01
[2026.01.07-15.07.10:445][  9]LogContentValidation: Display: Validating Blueprint /Game/bluprinty/enemy01.enemy01
[2026.01.07-15.07.37:729][ 38]LogEditorViewport: Clicking on Actor (LMB): asfas_C (asfas)
[2026.01.07-15.07.49:016][169]BlueprintLog: New page: Compile asfas
[2026.01.07-15.07.49:046][169]LogUObjectHash: Compacting FUObjectHashTables data took   1.55ms
[2026.01.07-15.07.49:639][212]Cmd: OBJ SAVEPACKAGE PACKAGE="/Game/bluprinty/asfas" FILE="D:/rejp/ripositor/ligma_3rd_person/Content/bluprinty/asfas.uasset" SILENT=true
[2026.01.07-15.07.49:650][212]LogSavePackage: Moving 'D:/rejp/ripositor/ligma_3rd_person/Saved/asfasC57332FB4338A11BBF9923A85D4CE2BC.tmp' to 'D:/rejp/ripositor/ligma_3rd_person/Content/bluprinty/asfas.uasset'
[2026.01.07-15.07.49:660][212]AssetCheck: New page: Asset Save: asfas
[2026.01.07-15.07.49:660][212]LogContentValidation: Display: Validating Blueprint /Game/bluprinty/asfas.asfas
[2026.01.07-15.07.50:792][345]LogUObjectHash: Compacting FUObjectHashTables data took   1.40ms
[2026.01.07-15.07.50:817][345]LogUObjectHash: Compacting FUObjectHashTables data took   0.36ms
[2026.01.07-15.07.51:198][345]LogSavePackage: Moving 'D:/rejp/ripositor/ligma_3rd_person/Saved/ThirdPersonExampleMap2684DA2E467264D3E6278681B33609DB.tmp' to 'D:/rejp/ripositor/ligma_3rd_person/Content/ThirdPersonBP/Maps/ThirdPersonExampleMap.umap'
[2026.01.07-15.07.51:221][345]LogFileHelpers: Saving map 'ThirdPersonExampleMap' took 0.420
[2026.01.07-15.07.51:225][345]AssetCheck: New page: Asset Save: ThirdPersonExampleMap
[2026.01.07-15.07.51:225][345]LogContentValidation: Display: Validating World /Game/ThirdPersonBP/Maps/ThirdPersonExampleMap.ThirdPersonExampleMap
[2026.01.07-15.07.54:032][613]LogTemp: Repeating last play command: Selected Viewport
[2026.01.07-15.07.54:047][613]LogPlayLevel: PlayLevel: No blueprints needed recompiling
[2026.01.07-15.07.54:047][613]PIE: New page: PIE session: ThirdPersonExampleMap (7 sty 2026, 17:07:54)
[2026.01.07-15.07.54:047][613]LogPlayLevel: Creating play world package: /Game/ThirdPersonBP/Maps/UEDPIE_0_ThirdPersonExampleMap
[2026.01.07-15.07.54:126][613]LogPlayLevel: PIE: StaticDuplicateObject took: (0.079265s)
[2026.01.07-15.07.54:127][613]LogAIModule: Creating AISystem for world ThirdPersonExampleMap
[2026.01.07-15.07.54:127][613]LogPlayLevel: PIE: World Init took: (0.000859s)
[2026.01.07-15.07.54:127][613]LogPlayLevel: PIE: Created PIE world by copying editor world from /Game/ThirdPersonBP/Maps/ThirdPersonExampleMap.ThirdPersonExampleMap to /Game/ThirdPersonBP/Maps/UEDPIE_0_ThirdPersonExampleMap.ThirdPersonExampleMap (0.080228s)
[2026.01.07-15.07.54:142][613]LogUObjectHash: Compacting FUObjectHashTables data took   1.28ms
[2026.01.07-15.07.54:143][613]LogAudio: Display: Creating Audio Device:                 Id: 18, Scope: Unique, Realtime: True
[2026.01.07-15.07.54:144][613]LogAudioMixer: Display: Audio Mixer Platform Settings:
[2026.01.07-15.07.54:144][613]LogAudioMixer: Display: 	Sample Rate:						  48000
[2026.01.07-15.07.54:144][613]LogAudioMixer: Display: 	Callback Buffer Frame Size Requested: 1024
[2026.01.07-15.07.54:144][613]LogAudioMixer: Display: 	Callback Buffer Frame Size To Use:	  1024
[2026.01.07-15.07.54:144][613]LogAudioMixer: Display: 	Number of buffers to queue:			  2
[2026.01.07-15.07.54:144][613]LogAudioMixer: Display: 	Max Channels (voices):				  32
[2026.01.07-15.07.54:144][613]LogAudioMixer: Display: 	Number of Async Source Workers:		  0
[2026.01.07-15.07.54:144][613]LogAudio: Display: AudioDevice MaxSources: 32
[2026.01.07-15.07.54:144][613]LogAudio: Display: Audio Spatialization Plugin: None (built-in).
[2026.01.07-15.07.54:144][613]LogAudio: Display: Audio Reverb Plugin: None (built-in).
[2026.01.07-15.07.54:144][613]LogAudio: Display: Audio Occlusion Plugin: None (built-in).
[2026.01.07-15.07.54:144][613]LogAudioMixer: Display: Initializing audio mixer.
[2026.01.07-15.07.54:147][613]LogAudioMixer: Display: 0: FrontLeft
[2026.01.07-15.07.54:147][613]LogAudioMixer: Display: 1: FrontRight
[2026.01.07-15.07.54:152][613]LogAudioMixer: Display: Using Audio Device VG248 (3 — NVIDIA High Definition Audio)
[2026.01.07-15.07.54:152][613]LogAudioMixer: Display: Initializing Sound Submixes...
[2026.01.07-15.07.54:153][613]LogAudioMixer: Display: Creating Master Submix 'MasterSubmixDefault'
[2026.01.07-15.07.54:153][613]LogAudioMixer: Display: Creating Master Submix 'MasterReverbSubmixDefault'
[2026.01.07-15.07.54:153][613]LogAudioMixer: Display: Creating Master Submix 'MasterEQSubmixDefault'
[2026.01.07-15.07.54:153][613]LogAudioMixer: FMixerPlatformXAudio2::StartAudioStream() called
[2026.01.07-15.07.54:153][613]LogAudioMixer: Display: Output buffers initialized: Frames=1024, Channels=2, Samples=2048
[2026.01.07-15.07.54:154][613]LogAudioMixer: Display: Starting AudioMixerPlatformInterface::RunInternal()
[2026.01.07-15.07.54:154][613]LogAudioMixer: Display: FMixerPlatformXAudio2::SubmitBuffer() called for the first time
[2026.01.07-15.07.54:154][613]LogInit: FAudioDevice initialized.
[2026.01.07-15.07.54:154][613]LogAudio: Display: Audio Device (ID: 18) registered with world 'ThirdPersonExampleMap'.
[2026.01.07-15.07.54:162][613]LogLoad: Game class is 'ThirdPersonGameMode_C'
[2026.01.07-15.07.54:168][613]LogWorld: Bringing World /Game/ThirdPersonBP/Maps/UEDPIE_0_ThirdPersonExampleMap.ThirdPersonExampleMap up for play (max tick rate 0) at 2026.01.07-16.07.54
[2026.01.07-15.07.54:168][613]LogWorld: Bringing up level for play took: 0.006338
[2026.01.07-15.07.54:169][613]LogOnline: OSS: Creating online subsystem instance for: :Context_29
[2026.01.07-15.07.54:170][613]PIE: Server logged in
[2026.01.07-15.07.54:171][613]PIE: Play in editor total start time 0,125 seconds.
[2026.01.07-15.08.02:503][593]LogSlate: Updating window title bar state: overlay mode, drag disabled, window buttons hidden, title bar hidden
[2026.01.07-15.08.02:503][593]LogWorld: BeginTearingDown for /Game/ThirdPersonBP/Maps/UEDPIE_0_ThirdPersonExampleMap
[2026.01.07-15.08.02:503][593]LogWorld: UWorld::CleanupWorld for ThirdPersonExampleMap, bSessionEnded=true, bCleanupResources=true
[2026.01.07-15.08.02:505][593]LogSlate: InvalidateAllWidgets triggered.  All widgets were invalidated
[2026.01.07-15.08.02:519][593]LogPlayLevel: Display: Shutting down PIE online subsystems
[2026.01.07-15.08.02:525][593]LogSlate: InvalidateAllWidgets triggered.  All widgets were invalidated
[2026.01.07-15.08.02:541][593]LogSlate: Updating window title bar state: overlay mode, drag disabled, window buttons hidden, title bar hidden
[2026.01.07-15.08.02:542][593]LogAudioMixer: FMixerPlatformXAudio2::StopAudioStream() called
[2026.01.07-15.08.02:543][593]LogAudioMixer: FMixerPlatformXAudio2::StopAudioStream() called
[2026.01.07-15.08.02:548][593]LogUObjectHash: Compacting FUObjectHashTables data took   1.22ms
[2026.01.07-15.08.02:571][594]LogPlayLevel: Display: Destroying online subsystem :Context_29
[2026.01.07-15.08.03:755][734]LogEditorViewport: Clicking on Actor (LMB): asfas_C (asfas)
[2026.01.07-15.08.24:758][885]LogEditorViewport: Clicking on Actor (LMB): enemy01_C (enemy01)
[2026.01.07-15.08.42:198][769]LogUObjectHash: Compacting FUObjectHashTables data took   1.17ms
[2026.01.07-15.08.42:223][769]Cmd: OBJ SAVEPACKAGE PACKAGE="/Game/bluprinty/enemy01" FILE="D:/rejp/ripositor/ligma_3rd_person/Content/bluprinty/enemy01.uasset" SILENT=true
[2026.01.07-15.08.42:239][769]LogSavePackage: Moving 'D:/rejp/ripositor/ligma_3rd_person/Saved/enemy014C05812C4D84035C492C3EBE50D92447.tmp' to 'D:/rejp/ripositor/ligma_3rd_person/Content/bluprinty/enemy01.uasset'
[2026.01.07-15.08.42:247][769]AssetCheck: New page: Asset Save: enemy01
[2026.01.07-15.08.42:247][769]LogContentValidation: Display: Validating Blueprint /Game/bluprinty/enemy01.enemy01
[2026.01.07-15.08.42:733][826]BlueprintLog: New page: Compile enemy01
[2026.01.07-15.08.42:767][826]LogUObjectHash: Compacting FUObjectHashTables data took   1.44ms
[2026.01.07-15.08.43:213][868]LogUObjectHash: Compacting FUObjectHashTables data took   1.37ms
[2026.01.07-15.08.43:250][868]LogUObjectHash: Compacting FUObjectHashTables data took   0.37ms
[2026.01.07-15.08.43:717][868]LogSavePackage: Moving 'D:/rejp/ripositor/ligma_3rd_person/Saved/ThirdPersonExampleMapEC77A67B4F381D6660F401BC315267B1.tmp' to 'D:/rejp/ripositor/ligma_3rd_person/Content/ThirdPersonBP/Maps/ThirdPersonExampleMap.umap'
[2026.01.07-15.08.43:738][868]LogFileHelpers: Saving map 'ThirdPersonExampleMap' took 0.503
[2026.01.07-15.08.43:743][868]AssetCheck: New page: Asset Save: ThirdPersonExampleMap
[2026.01.07-15.08.43:743][868]LogContentValidation: Display: Validating World /Game/ThirdPersonBP/Maps/ThirdPersonExampleMap.ThirdPersonExampleMap
[2026.01.07-15.08.45:650][ 51]LogTemp: Repeating last play command: Selected Viewport
[2026.01.07-15.08.45:676][ 51]LogPlayLevel: PlayLevel: No blueprints needed recompiling
[2026.01.07-15.08.45:676][ 51]PIE: New page: PIE session: ThirdPersonExampleMap (7 sty 2026, 17:08:45)
[2026.01.07-15.08.45:676][ 51]LogPlayLevel: Creating play world package: /Game/ThirdPersonBP/Maps/UEDPIE_0_ThirdPersonExampleMap
[2026.01.07-15.08.45:755][ 51]LogPlayLevel: PIE: StaticDuplicateObject took: (0.079218s)
[2026.01.07-15.08.45:756][ 51]LogAIModule: Creating AISystem for world ThirdPersonExampleMap
[2026.01.07-15.08.45:756][ 51]LogPlayLevel: PIE: World Init took: (0.000878s)
[2026.01.07-15.08.45:756][ 51]LogPlayLevel: PIE: Created PIE world by copying editor world from /Game/ThirdPersonBP/Maps/ThirdPersonExampleMap.ThirdPersonExampleMap to /Game/ThirdPersonBP/Maps/UEDPIE_0_ThirdPersonExampleMap.ThirdPersonExampleMap (0.080197s)
[2026.01.07-15.08.45:771][ 51]LogUObjectHash: Compacting FUObjectHashTables data took   1.15ms
[2026.01.07-15.08.45:772][ 51]LogAudio: Display: Creating Audio Device:                 Id: 19, Scope: Unique, Realtime: True
[2026.01.07-15.08.45:772][ 51]LogAudioMixer: Display: Audio Mixer Platform Settings:
[2026.01.07-15.08.45:772][ 51]LogAudioMixer: Display: 	Sample Rate:						  48000
[2026.01.07-15.08.45:772][ 51]LogAudioMixer: Display: 	Callback Buffer Frame Size Requested: 1024
[2026.01.07-15.08.45:772][ 51]LogAudioMixer: Display: 	Callback Buffer Frame Size To Use:	  1024
[2026.01.07-15.08.45:772][ 51]LogAudioMixer: Display: 	Number of buffers to queue:			  2
[2026.01.07-15.08.45:772][ 51]LogAudioMixer: Display: 	Max Channels (voices):				  32
[2026.01.07-15.08.45:772][ 51]LogAudioMixer: Display: 	Number of Async Source Workers:		  0
[2026.01.07-15.08.45:772][ 51]LogAudio: Display: AudioDevice MaxSources: 32
[2026.01.07-15.08.45:772][ 51]LogAudio: Display: Audio Spatialization Plugin: None (built-in).
[2026.01.07-15.08.45:772][ 51]LogAudio: Display: Audio Reverb Plugin: None (built-in).
[2026.01.07-15.08.45:772][ 51]LogAudio: Display: Audio Occlusion Plugin: None (built-in).
[2026.01.07-15.08.45:772][ 51]LogAudioMixer: Display: Initializing audio mixer.
[2026.01.07-15.08.45:775][ 51]LogAudioMixer: Display: 0: FrontLeft
[2026.01.07-15.08.45:775][ 51]LogAudioMixer: Display: 1: FrontRight
[2026.01.07-15.08.45:780][ 51]LogAudioMixer: Display: Using Audio Device VG248 (3 — NVIDIA High Definition Audio)
[2026.01.07-15.08.45:780][ 51]LogAudioMixer: Display: Initializing Sound Submixes...
[2026.01.07-15.08.45:780][ 51]LogAudioMixer: Display: Creating Master Submix 'MasterSubmixDefault'
[2026.01.07-15.08.45:780][ 51]LogAudioMixer: Display: Creating Master Submix 'MasterReverbSubmixDefault'
[2026.01.07-15.08.45:780][ 51]LogAudioMixer: Display: Creating Master Submix 'MasterEQSubmixDefault'
[2026.01.07-15.08.45:780][ 51]LogAudioMixer: FMixerPlatformXAudio2::StartAudioStream() called
[2026.01.07-15.08.45:780][ 51]LogAudioMixer: Display: Output buffers initialized: Frames=1024, Channels=2, Samples=2048
[2026.01.07-15.08.45:781][ 51]LogAudioMixer: Display: Starting AudioMixerPlatformInterface::RunInternal()
[2026.01.07-15.08.45:781][ 51]LogAudioMixer: Display: FMixerPlatformXAudio2::SubmitBuffer() called for the first time
[2026.01.07-15.08.45:781][ 51]LogInit: FAudioDevice initialized.
[2026.01.07-15.08.45:781][ 51]LogAudio: Display: Audio Device (ID: 19) registered with world 'ThirdPersonExampleMap'.
[2026.01.07-15.08.45:785][ 51]LogLoad: Game class is 'ThirdPersonGameMode_C'
[2026.01.07-15.08.45:790][ 51]LogWorld: Bringing World /Game/ThirdPersonBP/Maps/UEDPIE_0_ThirdPersonExampleMap.ThirdPersonExampleMap up for play (max tick rate 0) at 2026.01.07-16.08.45
[2026.01.07-15.08.45:790][ 51]LogWorld: Bringing up level for play took: 0.005371
[2026.01.07-15.08.45:791][ 51]LogOnline: OSS: Creating online subsystem instance for: :Context_30
[2026.01.07-15.08.45:792][ 51]PIE: Server logged in
[2026.01.07-15.08.45:793][ 51]PIE: Play in editor total start time 0,117 seconds.
[2026.01.07-15.08.47:902][289]LogSlate: Updating window title bar state: overlay mode, drag disabled, window buttons hidden, title bar hidden
[2026.01.07-15.08.47:902][289]LogWorld: BeginTearingDown for /Game/ThirdPersonBP/Maps/UEDPIE_0_ThirdPersonExampleMap
[2026.01.07-15.08.47:902][289]LogWorld: UWorld::CleanupWorld for ThirdPersonExampleMap, bSessionEnded=true, bCleanupResources=true
[2026.01.07-15.08.47:904][289]LogSlate: InvalidateAllWidgets triggered.  All widgets were invalidated
[2026.01.07-15.08.47:916][289]LogPlayLevel: Display: Shutting down PIE online subsystems
[2026.01.07-15.08.47:923][289]LogSlate: InvalidateAllWidgets triggered.  All widgets were invalidated
[2026.01.07-15.08.47:938][289]LogSlate: Updating window title bar state: overlay mode, drag disabled, window buttons hidden, title bar hidden
[2026.01.07-15.08.47:939][289]LogAudioMixer: FMixerPlatformXAudio2::StopAudioStream() called
[2026.01.07-15.08.47:939][289]LogAudioMixer: FMixerPlatformXAudio2::StopAudioStream() called
[2026.01.07-15.08.47:944][289]LogUObjectHash: Compacting FUObjectHashTables data took   1.23ms
[2026.01.07-15.08.47:969][290]LogPlayLevel: Display: Destroying online subsystem :Context_30
[2026.01.07-15.08.50:824][576]LogTemp: Repeating last play command: Selected Viewport
[2026.01.07-15.08.50:830][576]BlueprintLog: New page: Pre-Play auto-recompile
[2026.01.07-15.08.50:830][576]LogPlayLevel: [PlayLevel] Compiling asfas before play...
[2026.01.07-15.08.50:863][576]LogUObjectHash: Compacting FUObjectHashTables data took   1.50ms
[2026.01.07-15.08.50:863][576]LogPlayLevel: PlayLevel: Blueprint regeneration took 33 ms (1 blueprints)
[2026.01.07-15.08.50:864][576]PIE: New page: PIE session: ThirdPersonExampleMap (7 sty 2026, 17:08:50)
[2026.01.07-15.08.50:864][576]LogPlayLevel: Creating play world package: /Game/ThirdPersonBP/Maps/UEDPIE_0_ThirdPersonExampleMap
[2026.01.07-15.08.50:941][576]LogPlayLevel: PIE: StaticDuplicateObject took: (0.077445s)
[2026.01.07-15.08.50:942][576]LogAIModule: Creating AISystem for world ThirdPersonExampleMap
[2026.01.07-15.08.50:942][576]LogPlayLevel: PIE: World Init took: (0.000770s)
[2026.01.07-15.08.50:942][576]LogPlayLevel: PIE: Created PIE world by copying editor world from /Game/ThirdPersonBP/Maps/ThirdPersonExampleMap.ThirdPersonExampleMap to /Game/ThirdPersonBP/Maps/UEDPIE_0_ThirdPersonExampleMap.ThirdPersonExampleMap (0.078313s)
[2026.01.07-15.08.50:957][576]LogUObjectHash: Compacting FUObjectHashTables data took   1.14ms
[2026.01.07-15.08.50:957][576]LogAudio: Display: Creating Audio Device:                 Id: 20, Scope: Unique, Realtime: True
[2026.01.07-15.08.50:957][576]LogAudioMixer: Display: Audio Mixer Platform Settings:
[2026.01.07-15.08.50:957][576]LogAudioMixer: Display: 	Sample Rate:						  48000
[2026.01.07-15.08.50:957][576]LogAudioMixer: Display: 	Callback Buffer Frame Size Requested: 1024
[2026.01.07-15.08.50:957][576]LogAudioMixer: Display: 	Callback Buffer Frame Size To Use:	  1024
[2026.01.07-15.08.50:957][576]LogAudioMixer: Display: 	Number of buffers to queue:			  2
[2026.01.07-15.08.50:957][576]LogAudioMixer: Display: 	Max Channels (voices):				  32
[2026.01.07-15.08.50:957][576]LogAudioMixer: Display: 	Number of Async Source Workers:		  0
[2026.01.07-15.08.50:957][576]LogAudio: Display: AudioDevice MaxSources: 32
[2026.01.07-15.08.50:957][576]LogAudio: Display: Audio Spatialization Plugin: None (built-in).
[2026.01.07-15.08.50:957][576]LogAudio: Display: Audio Reverb Plugin: None (built-in).
[2026.01.07-15.08.50:957][576]LogAudio: Display: Audio Occlusion Plugin: None (built-in).
[2026.01.07-15.08.50:957][576]LogAudioMixer: Display: Initializing audio mixer.
[2026.01.07-15.08.50:960][576]LogAudioMixer: Display: 0: FrontLeft
[2026.01.07-15.08.50:960][576]LogAudioMixer: Display: 1: FrontRight
[2026.01.07-15.08.50:965][576]LogAudioMixer: Display: Using Audio Device VG248 (3 — NVIDIA High Definition Audio)
[2026.01.07-15.08.50:966][576]LogAudioMixer: Display: Initializing Sound Submixes...
[2026.01.07-15.08.50:966][576]LogAudioMixer: Display: Creating Master Submix 'MasterSubmixDefault'
[2026.01.07-15.08.50:966][576]LogAudioMixer: Display: Creating Master Submix 'MasterReverbSubmixDefault'
[2026.01.07-15.08.50:966][576]LogAudioMixer: Display: Creating Master Submix 'MasterEQSubmixDefault'
[2026.01.07-15.08.50:966][576]LogAudioMixer: FMixerPlatformXAudio2::StartAudioStream() called
[2026.01.07-15.08.50:966][576]LogAudioMixer: Display: Output buffers initialized: Frames=1024, Channels=2, Samples=2048
[2026.01.07-15.08.50:967][576]LogAudioMixer: Display: Starting AudioMixerPlatformInterface::RunInternal()
[2026.01.07-15.08.50:967][576]LogAudioMixer: Display: FMixerPlatformXAudio2::SubmitBuffer() called for the first time
[2026.01.07-15.08.50:967][576]LogInit: FAudioDevice initialized.
[2026.01.07-15.08.50:967][576]LogAudio: Display: Audio Device (ID: 20) registered with world 'ThirdPersonExampleMap'.
[2026.01.07-15.08.51:021][576]LogSlate: Updating window title bar state: overlay mode, drag disabled, window buttons hidden, title bar hidden
[2026.01.07-15.08.51:021][576]LogLoad: Game class is 'ThirdPersonGameMode_C'
[2026.01.07-15.08.51:041][576]LogWorld: Bringing World /Game/ThirdPersonBP/Maps/UEDPIE_0_ThirdPersonExampleMap.ThirdPersonExampleMap up for play (max tick rate 0) at 2026.01.07-16.08.51
[2026.01.07-15.08.51:042][576]LogWorld: Bringing up level for play took: 0.018581
[2026.01.07-15.08.51:042][576]LogOnline: OSS: Creating online subsystem instance for: :Context_31
[2026.01.07-15.08.51:044][576]PIE: Server logged in
[2026.01.07-15.08.51:045][576]PIE: Play in editor total start time 0,216 seconds.
[2026.01.07-15.08.54:231][910]LogSlate: Updating window title bar state: overlay mode, drag disabled, window buttons hidden, title bar hidden
[2026.01.07-15.08.54:231][910]LogWorld: BeginTearingDown for /Game/ThirdPersonBP/Maps/UEDPIE_0_ThirdPersonExampleMap
[2026.01.07-15.08.54:232][910]LogSlate: Window 'ligma_3rd_person Preview [NetMode: Standalone]  (64-bit/Windows) ' being destroyed
[2026.01.07-15.08.54:237][910]LogWorld: UWorld::CleanupWorld for ThirdPersonExampleMap, bSessionEnded=true, bCleanupResources=true
[2026.01.07-15.08.54:238][910]LogSlate: InvalidateAllWidgets triggered.  All widgets were invalidated
[2026.01.07-15.08.54:249][910]LogPlayLevel: Display: Shutting down PIE online subsystems
[2026.01.07-15.08.54:256][910]LogSlate: InvalidateAllWidgets triggered.  All widgets were invalidated
[2026.01.07-15.08.54:272][910]LogAudioMixer: FMixerPlatformXAudio2::StopAudioStream() called
[2026.01.07-15.08.54:273][910]LogAudioMixer: FMixerPlatformXAudio2::StopAudioStream() called
[2026.01.07-15.08.54:278][910]LogUObjectHash: Compacting FUObjectHashTables data took   1.23ms
[2026.01.07-15.08.54:303][911]LogPlayLevel: Display: Destroying online subsystem :Context_31
[2026.01.07-15.08.55:122][  4]Cmd: OBJ SAVEPACKAGE PACKAGE="/Game/bluprinty/asfas" FILE="D:/rejp/ripositor/ligma_3rd_person/Content/bluprinty/asfas.uasset" SILENT=true
[2026.01.07-15.08.55:134][  4]LogSavePackage: Moving 'D:/rejp/ripositor/ligma_3rd_person/Saved/asfasF6F75BAE472429E46B4AF98419756688.tmp' to 'D:/rejp/ripositor/ligma_3rd_person/Content/bluprinty/asfas.uasset'
[2026.01.07-15.08.55:141][  4]AssetCheck: New page: Asset Save: asfas
[2026.01.07-15.08.55:142][  4]LogContentValidation: Display: Validating Blueprint /Game/bluprinty/asfas.asfas
[2026.01.07-15.08.56:200][121]Cmd: OBJ SAVEPACKAGE PACKAGE="/Game/bluprinty/asfas" FILE="D:/rejp/ripositor/ligma_3rd_person/Content/bluprinty/asfas.uasset" SILENT=true
[2026.01.07-15.08.56:209][121]LogSavePackage: Moving 'D:/rejp/ripositor/ligma_3rd_person/Saved/asfas67D26D72404DD3F22CF372A9693D72B9.tmp' to 'D:/rejp/ripositor/ligma_3rd_person/Content/bluprinty/asfas.uasset'
[2026.01.07-15.08.56:217][121]AssetCheck: New page: Asset Save: asfas
[2026.01.07-15.08.56:217][121]LogContentValidation: Display: Validating Blueprint /Game/bluprinty/asfas.asfas
[2026.01.07-15.08.58:989][362]Cmd: OBJ SAVEPACKAGE PACKAGE="/Game/bluprinty/enemy01" FILE="D:/rejp/ripositor/ligma_3rd_person/Content/bluprinty/enemy01.uasset" SILENT=true
[2026.01.07-15.08.59:002][362]LogSavePackage: Moving 'D:/rejp/ripositor/ligma_3rd_person/Saved/enemy01D78495134C80474181A456B0317742BF.tmp' to 'D:/rejp/ripositor/ligma_3rd_person/Content/bluprinty/enemy01.uasset'
[2026.01.07-15.08.59:010][362]AssetCheck: New page: Asset Save: enemy01
[2026.01.07-15.08.59:010][362]LogContentValidation: Display: Validating Blueprint /Game/bluprinty/enemy01.enemy01
[2026.01.07-15.08.59:608][427]LogTemp: Repeating last play command: Selected Viewport
[2026.01.07-15.08.59:614][427]BlueprintLog: New page: Pre-Play auto-recompile
[2026.01.07-15.08.59:614][427]LogPlayLevel: [PlayLevel] Compiling enemy01 before play...
[2026.01.07-15.08.59:657][427]LogUObjectHash: Compacting FUObjectHashTables data took   1.54ms
[2026.01.07-15.08.59:658][427]LogPlayLevel: PlayLevel: Blueprint regeneration took 44 ms (1 blueprints)
[2026.01.07-15.08.59:658][427]PIE: New page: PIE session: ThirdPersonExampleMap (7 sty 2026, 17:08:59)
[2026.01.07-15.08.59:658][427]LogPlayLevel: Creating play world package: /Game/ThirdPersonBP/Maps/UEDPIE_0_ThirdPersonExampleMap
[2026.01.07-15.08.59:738][427]LogPlayLevel: PIE: StaticDuplicateObject took: (0.079275s)
[2026.01.07-15.08.59:738][427]LogAIModule: Creating AISystem for world ThirdPersonExampleMap
[2026.01.07-15.08.59:739][427]LogPlayLevel: PIE: World Init took: (0.000760s)
[2026.01.07-15.08.59:739][427]LogPlayLevel: PIE: Created PIE world by copying editor world from /Game/ThirdPersonBP/Maps/ThirdPersonExampleMap.ThirdPersonExampleMap to /Game/ThirdPersonBP/Maps/UEDPIE_0_ThirdPersonExampleMap.ThirdPersonExampleMap (0.080139s)
[2026.01.07-15.08.59:753][427]LogUObjectHash: Compacting FUObjectHashTables data took   1.25ms
[2026.01.07-15.08.59:754][427]LogAudio: Display: Creating Audio Device:                 Id: 21, Scope: Unique, Realtime: True
[2026.01.07-15.08.59:754][427]LogAudioMixer: Display: Audio Mixer Platform Settings:
[2026.01.07-15.08.59:754][427]LogAudioMixer: Display: 	Sample Rate:						  48000
[2026.01.07-15.08.59:754][427]LogAudioMixer: Display: 	Callback Buffer Frame Size Requested: 1024
[2026.01.07-15.08.59:754][427]LogAudioMixer: Display: 	Callback Buffer Frame Size To Use:	  1024
[2026.01.07-15.08.59:754][427]LogAudioMixer: Display: 	Number of buffers to queue:			  2
[2026.01.07-15.08.59:754][427]LogAudioMixer: Display: 	Max Channels (voices):				  32
[2026.01.07-15.08.59:754][427]LogAudioMixer: Display: 	Number of Async Source Workers:		  0
[2026.01.07-15.08.59:754][427]LogAudio: Display: AudioDevice MaxSources: 32
[2026.01.07-15.08.59:754][427]LogAudio: Display: Audio Spatialization Plugin: None (built-in).
[2026.01.07-15.08.59:754][427]LogAudio: Display: Audio Reverb Plugin: None (built-in).
[2026.01.07-15.08.59:754][427]LogAudio: Display: Audio Occlusion Plugin: None (built-in).
[2026.01.07-15.08.59:754][427]LogAudioMixer: Display: Initializing audio mixer.
[2026.01.07-15.08.59:757][427]LogAudioMixer: Display: 0: FrontLeft
[2026.01.07-15.08.59:757][427]LogAudioMixer: Display: 1: FrontRight
[2026.01.07-15.08.59:762][427]LogAudioMixer: Display: Using Audio Device VG248 (3 — NVIDIA High Definition Audio)
[2026.01.07-15.08.59:762][427]LogAudioMixer: Display: Initializing Sound Submixes...
[2026.01.07-15.08.59:762][427]LogAudioMixer: Display: Creating Master Submix 'MasterSubmixDefault'
[2026.01.07-15.08.59:762][427]LogAudioMixer: Display: Creating Master Submix 'MasterReverbSubmixDefault'
[2026.01.07-15.08.59:763][427]LogAudioMixer: Display: Creating Master Submix 'MasterEQSubmixDefault'
[2026.01.07-15.08.59:763][427]LogAudioMixer: FMixerPlatformXAudio2::StartAudioStream() called
[2026.01.07-15.08.59:763][427]LogAudioMixer: Display: Output buffers initialized: Frames=1024, Channels=2, Samples=2048
[2026.01.07-15.08.59:763][427]LogAudioMixer: Display: Starting AudioMixerPlatformInterface::RunInternal()
[2026.01.07-15.08.59:763][427]LogAudioMixer: Display: FMixerPlatformXAudio2::SubmitBuffer() called for the first time
[2026.01.07-15.08.59:763][427]LogInit: FAudioDevice initialized.
[2026.01.07-15.08.59:763][427]LogAudio: Display: Audio Device (ID: 21) registered with world 'ThirdPersonExampleMap'.
[2026.01.07-15.08.59:801][427]LogSlate: Updating window title bar state: overlay mode, drag disabled, window buttons hidden, title bar hidden
[2026.01.07-15.08.59:801][427]LogLoad: Game class is 'ThirdPersonGameMode_C'
[2026.01.07-15.08.59:812][427]LogWorld: Bringing World /Game/ThirdPersonBP/Maps/UEDPIE_0_ThirdPersonExampleMap.ThirdPersonExampleMap up for play (max tick rate 0) at 2026.01.07-16.08.59
[2026.01.07-15.08.59:812][427]LogWorld: Bringing up level for play took: 0.010415
[2026.01.07-15.08.59:812][427]LogOnline: OSS: Creating online subsystem instance for: :Context_32
[2026.01.07-15.08.59:815][427]PIE: Server logged in
[2026.01.07-15.08.59:816][427]PIE: Play in editor total start time 0,202 seconds.
[2026.01.07-15.09.02:371][713]LogSlate: Updating window title bar state: overlay mode, drag disabled, window buttons hidden, title bar hidden
[2026.01.07-15.09.02:371][713]LogWorld: BeginTearingDown for /Game/ThirdPersonBP/Maps/UEDPIE_0_ThirdPersonExampleMap
[2026.01.07-15.09.02:371][713]LogSlate: Window 'ligma_3rd_person Preview [NetMode: Standalone]  (64-bit/Windows) ' being destroyed
[2026.01.07-15.09.02:374][713]LogWorld: UWorld::CleanupWorld for ThirdPersonExampleMap, bSessionEnded=true, bCleanupResources=true
[2026.01.07-15.09.02:376][713]LogSlate: InvalidateAllWidgets triggered.  All widgets were invalidated
[2026.01.07-15.09.02:385][713]LogPlayLevel: Display: Shutting down PIE online subsystems
[2026.01.07-15.09.02:392][713]LogSlate: InvalidateAllWidgets triggered.  All widgets were invalidated
[2026.01.07-15.09.02:407][713]LogAudioMixer: FMixerPlatformXAudio2::StopAudioStream() called
[2026.01.07-15.09.02:408][713]LogAudioMixer: FMixerPlatformXAudio2::StopAudioStream() called
[2026.01.07-15.09.02:412][713]LogUObjectHash: Compacting FUObjectHashTables data took   1.24ms
[2026.01.07-15.09.02:449][715]LogPlayLevel: Display: Destroying online subsystem :Context_32
[2026.01.07-15.09.04:952][972]LogEditorViewport: Clicking on Actor (LMB): bp_level-marker_C (bp_level-marker10)
[2026.01.07-15.09.11:830][786]LogEditorViewport: Clicking on Actor (LMB): NavMeshBoundsVolume (NavMeshBoundsVolume)
[2026.01.07-15.09.16:232][309]LogEditorViewport: Clicking on Actor (LMB): enemy01_C (enemy01)
[2026.01.07-15.09.16:480][337]Cmd: CAMERA ALIGN ACTIVEVIEWPORTONLY
[2026.01.07-15.09.28:421][532]LogSlate: Prevented a slow task dialog from being summoned while a context menu was open
[2026.01.07-15.09.28:436][532]LogEditorClassViewer: Warning: Class /Engine/Tutorial/InWorldBlueprintEditing/TutorialAssets/IWBE_Blutility.IWBE_Blutility_C has parent /Script/Blutility.PlacedEditorUtilityBase, but this parent is not found. The Class will not be shown in ClassViewer.
[2026.01.07-15.09.40:125][796]LogTemp: Repeating last play command: Selected Viewport
[2026.01.07-15.09.40:134][796]LogPlayLevel: PlayLevel: No blueprints needed recompiling
[2026.01.07-15.09.40:134][796]PIE: New page: PIE session: ThirdPersonExampleMap (7 sty 2026, 17:09:40)
[2026.01.07-15.09.40:170][796]LogPlayLevel: Creating play world package: /Game/ThirdPersonBP/Maps/UEDPIE_0_ThirdPersonExampleMap
[2026.01.07-15.09.40:249][796]LogPlayLevel: PIE: StaticDuplicateObject took: (0.079579s)
[2026.01.07-15.09.40:250][796]LogAIModule: Creating AISystem for world ThirdPersonExampleMap
[2026.01.07-15.09.40:250][796]LogPlayLevel: PIE: World Init took: (0.000878s)
[2026.01.07-15.09.40:250][796]LogPlayLevel: PIE: Created PIE world by copying editor world from /Game/ThirdPersonBP/Maps/ThirdPersonExampleMap.ThirdPersonExampleMap to /Game/ThirdPersonBP/Maps/UEDPIE_0_ThirdPersonExampleMap.ThirdPersonExampleMap (0.080574s)
[2026.01.07-15.09.40:266][796]LogUObjectHash: Compacting FUObjectHashTables data took   1.20ms
[2026.01.07-15.09.40:268][796]LogAudio: Display: Creating Audio Device:                 Id: 22, Scope: Unique, Realtime: True
[2026.01.07-15.09.40:268][796]LogAudioMixer: Display: Audio Mixer Platform Settings:
[2026.01.07-15.09.40:268][796]LogAudioMixer: Display: 	Sample Rate:						  48000
[2026.01.07-15.09.40:268][796]LogAudioMixer: Display: 	Callback Buffer Frame Size Requested: 1024
[2026.01.07-15.09.40:268][796]LogAudioMixer: Display: 	Callback Buffer Frame Size To Use:	  1024
[2026.01.07-15.09.40:268][796]LogAudioMixer: Display: 	Number of buffers to queue:			  2
[2026.01.07-15.09.40:268][796]LogAudioMixer: Display: 	Max Channels (voices):				  32
[2026.01.07-15.09.40:268][796]LogAudioMixer: Display: 	Number of Async Source Workers:		  0
[2026.01.07-15.09.40:268][796]LogAudio: Display: AudioDevice MaxSources: 32
[2026.01.07-15.09.40:269][796]LogAudio: Display: Audio Spatialization Plugin: None (built-in).
[2026.01.07-15.09.40:269][796]LogAudio: Display: Audio Reverb Plugin: None (built-in).
[2026.01.07-15.09.40:269][796]LogAudio: Display: Audio Occlusion Plugin: None (built-in).
[2026.01.07-15.09.40:269][796]LogAudioMixer: Display: Initializing audio mixer.
[2026.01.07-15.09.40:271][796]LogAudioMixer: Display: 0: FrontLeft
[2026.01.07-15.09.40:271][796]LogAudioMixer: Display: 1: FrontRight
[2026.01.07-15.09.40:277][796]LogAudioMixer: Display: Using Audio Device VG248 (3 — NVIDIA High Definition Audio)
[2026.01.07-15.09.40:277][796]LogAudioMixer: Display: Initializing Sound Submixes...
[2026.01.07-15.09.40:277][796]LogAudioMixer: Display: Creating Master Submix 'MasterSubmixDefault'
[2026.01.07-15.09.40:277][796]LogAudioMixer: Display: Creating Master Submix 'MasterReverbSubmixDefault'
[2026.01.07-15.09.40:277][796]LogAudioMixer: Display: Creating Master Submix 'MasterEQSubmixDefault'
[2026.01.07-15.09.40:277][796]LogAudioMixer: FMixerPlatformXAudio2::StartAudioStream() called
[2026.01.07-15.09.40:277][796]LogAudioMixer: Display: Output buffers initialized: Frames=1024, Channels=2, Samples=2048
[2026.01.07-15.09.40:278][796]LogAudioMixer: Display: Starting AudioMixerPlatformInterface::RunInternal()
[2026.01.07-15.09.40:278][796]LogAudioMixer: Display: FMixerPlatformXAudio2::SubmitBuffer() called for the first time
[2026.01.07-15.09.40:278][796]LogInit: FAudioDevice initialized.
[2026.01.07-15.09.40:278][796]LogAudio: Display: Audio Device (ID: 22) registered with world 'ThirdPersonExampleMap'.
[2026.01.07-15.09.40:285][796]LogLoad: Game class is 'ThirdPersonGameMode_C'
[2026.01.07-15.09.40:290][796]LogWorld: Bringing World /Game/ThirdPersonBP/Maps/UEDPIE_0_ThirdPersonExampleMap.ThirdPersonExampleMap up for play (max tick rate 0) at 2026.01.07-16.09.40
[2026.01.07-15.09.40:290][796]LogWorld: Bringing up level for play took: 0.005262
[2026.01.07-15.09.40:290][796]LogOnline: OSS: Creating online subsystem instance for: :Context_33
[2026.01.07-15.09.40:292][796]PIE: Server logged in
[2026.01.07-15.09.40:293][796]PIE: Play in editor total start time 0,159 seconds.
[2026.01.07-15.09.42:980][110]LogSlate: Updating window title bar state: overlay mode, drag disabled, window buttons hidden, title bar hidden
[2026.01.07-15.09.42:980][110]LogWorld: BeginTearingDown for /Game/ThirdPersonBP/Maps/UEDPIE_0_ThirdPersonExampleMap
[2026.01.07-15.09.42:981][110]LogWorld: UWorld::CleanupWorld for ThirdPersonExampleMap, bSessionEnded=true, bCleanupResources=true
[2026.01.07-15.09.42:981][110]LogSlate: InvalidateAllWidgets triggered.  All widgets were invalidated
[2026.01.07-15.09.42:994][110]LogPlayLevel: Display: Shutting down PIE online subsystems
[2026.01.07-15.09.43:001][110]LogSlate: InvalidateAllWidgets triggered.  All widgets were invalidated
[2026.01.07-15.09.43:018][110]LogAudio: Display: Audio Device unregistered from world 'None'.
[2026.01.07-15.09.43:018][110]LogAudioMixer: FMixerPlatformXAudio2::StopAudioStream() called
[2026.01.07-15.09.43:019][110]LogAudioMixer: FMixerPlatformXAudio2::StopAudioStream() called
[2026.01.07-15.09.43:020][110]LogSlate: Updating window title bar state: overlay mode, drag disabled, window buttons hidden, title bar hidden
[2026.01.07-15.09.43:024][110]LogUObjectHash: Compacting FUObjectHashTables data took   1.34ms
[2026.01.07-15.09.43:071][112]LogPlayLevel: Display: Destroying online subsystem :Context_33
[2026.01.07-15.09.43:830][203]Cmd: CAMERA ALIGN ACTIVEVIEWPORTONLY
[2026.01.07-15.10.35:720][591]Cmd: OBJ SAVEPACKAGE PACKAGE="/Game/bluprinty/asfas" FILE="D:/rejp/ripositor/ligma_3rd_person/Content/bluprinty/asfas.uasset" SILENT=true
[2026.01.07-15.10.35:732][591]LogSavePackage: Moving 'D:/rejp/ripositor/ligma_3rd_person/Saved/asfas58B52059441B563F06BF77A1DEAC53CC.tmp' to 'D:/rejp/ripositor/ligma_3rd_person/Content/bluprinty/asfas.uasset'
[2026.01.07-15.10.35:740][591]AssetCheck: New page: Asset Save: asfas
[2026.01.07-15.10.35:740][591]LogContentValidation: Display: Validating Blueprint /Game/bluprinty/asfas.asfas
[2026.01.07-15.10.40:778][105]LogUObjectHash: Compacting FUObjectHashTables data took   1.27ms
[2026.01.07-15.10.40:822][105]LogUObjectHash: Compacting FUObjectHashTables data took   0.35ms
[2026.01.07-15.10.41:274][105]LogSavePackage: Moving 'D:/rejp/ripositor/ligma_3rd_person/Saved/ThirdPersonExampleMapE6232385463333A6F81A23A02C961DD5.tmp' to 'D:/rejp/ripositor/ligma_3rd_person/Content/ThirdPersonBP/Maps/ThirdPersonExampleMap.umap'
[2026.01.07-15.10.41:304][105]LogFileHelpers: Saving map 'ThirdPersonExampleMap' took 0.504
[2026.01.07-15.10.41:309][105]Cmd: OBJ SAVEPACKAGE PACKAGE="/Game/bluprinty/enemy01" FILE="D:/rejp/ripositor/ligma_3rd_person/Content/bluprinty/enemy01.uasset" SILENT=true
[2026.01.07-15.10.41:406][105]LogSavePackage: Moving 'D:/rejp/ripositor/ligma_3rd_person/Saved/enemy01CD2445374BD6208DB2E11BB9CE013E69.tmp' to 'D:/rejp/ripositor/ligma_3rd_person/Content/bluprinty/enemy01.uasset'
[2026.01.07-15.10.41:418][105]AssetCheck: New page: Asset Save: multiple assets
[2026.01.07-15.10.41:418][105]LogContentValidation: Display: Validating Blueprint /Game/bluprinty/enemy01.enemy01
[2026.01.07-15.10.41:419][105]LogContentValidation: Display: Validating World /Game/ThirdPersonBP/Maps/ThirdPersonExampleMap.ThirdPersonExampleMap
[2026.01.07-15.10.43:081][265]LogTemp: Repeating last play command: Selected Viewport
[2026.01.07-15.10.43:099][265]BlueprintLog: New page: Pre-Play auto-recompile
[2026.01.07-15.10.43:100][265]LogPlayLevel: [PlayLevel] Compiling enemy01 before play...
[2026.01.07-15.10.43:122][265]LogPlayLevel: [PlayLevel] Compiling asfas before play...
[2026.01.07-15.10.43:152][265]LogUObjectHash: Compacting FUObjectHashTables data took   1.46ms
[2026.01.07-15.10.43:153][265]LogPlayLevel: PlayLevel: Blueprint regeneration took 53 ms (2 blueprints)
[2026.01.07-15.10.43:153][265]PIE: New page: PIE session: ThirdPersonExampleMap (7 sty 2026, 17:10:43)
[2026.01.07-15.10.43:189][265]LogPlayLevel: Creating play world package: /Game/ThirdPersonBP/Maps/UEDPIE_0_ThirdPersonExampleMap
[2026.01.07-15.10.43:270][265]LogPlayLevel: PIE: StaticDuplicateObject took: (0.081193s)
[2026.01.07-15.10.43:271][265]LogAIModule: Creating AISystem for world ThirdPersonExampleMap
[2026.01.07-15.10.43:271][265]LogPlayLevel: PIE: World Init took: (0.000775s)
[2026.01.07-15.10.43:271][265]LogPlayLevel: PIE: Created PIE world by copying editor world from /Game/ThirdPersonBP/Maps/ThirdPersonExampleMap.ThirdPersonExampleMap to /Game/ThirdPersonBP/Maps/UEDPIE_0_ThirdPersonExampleMap.ThirdPersonExampleMap (0.082170s)
[2026.01.07-15.10.43:286][265]LogUObjectHash: Compacting FUObjectHashTables data took   1.15ms
[2026.01.07-15.10.43:286][265]LogAudio: Display: Creating Audio Device:                 Id: 23, Scope: Unique, Realtime: True
[2026.01.07-15.10.43:286][265]LogAudioMixer: Display: Audio Mixer Platform Settings:
[2026.01.07-15.10.43:286][265]LogAudioMixer: Display: 	Sample Rate:						  48000
[2026.01.07-15.10.43:286][265]LogAudioMixer: Display: 	Callback Buffer Frame Size Requested: 1024
[2026.01.07-15.10.43:286][265]LogAudioMixer: Display: 	Callback Buffer Frame Size To Use:	  1024
[2026.01.07-15.10.43:286][265]LogAudioMixer: Display: 	Number of buffers to queue:			  2
[2026.01.07-15.10.43:286][265]LogAudioMixer: Display: 	Max Channels (voices):				  32
[2026.01.07-15.10.43:286][265]LogAudioMixer: Display: 	Number of Async Source Workers:		  0
[2026.01.07-15.10.43:286][265]LogAudio: Display: AudioDevice MaxSources: 32
[2026.01.07-15.10.43:286][265]LogAudio: Display: Audio Spatialization Plugin: None (built-in).
[2026.01.07-15.10.43:286][265]LogAudio: Display: Audio Reverb Plugin: None (built-in).
[2026.01.07-15.10.43:286][265]LogAudio: Display: Audio Occlusion Plugin: None (built-in).
[2026.01.07-15.10.43:286][265]LogAudioMixer: Display: Initializing audio mixer.
[2026.01.07-15.10.43:289][265]LogAudioMixer: Display: 0: FrontLeft
[2026.01.07-15.10.43:289][265]LogAudioMixer: Display: 1: FrontRight
[2026.01.07-15.10.43:294][265]LogAudioMixer: Display: Using Audio Device VG248 (3 — NVIDIA High Definition Audio)
[2026.01.07-15.10.43:294][265]LogAudioMixer: Display: Initializing Sound Submixes...
[2026.01.07-15.10.43:295][265]LogAudioMixer: Display: Creating Master Submix 'MasterSubmixDefault'
[2026.01.07-15.10.43:295][265]LogAudioMixer: Display: Creating Master Submix 'MasterReverbSubmixDefault'
[2026.01.07-15.10.43:295][265]LogAudioMixer: Display: Creating Master Submix 'MasterEQSubmixDefault'
[2026.01.07-15.10.43:295][265]LogAudioMixer: FMixerPlatformXAudio2::StartAudioStream() called
[2026.01.07-15.10.43:295][265]LogAudioMixer: Display: Output buffers initialized: Frames=1024, Channels=2, Samples=2048
[2026.01.07-15.10.43:296][265]LogAudioMixer: Display: Starting AudioMixerPlatformInterface::RunInternal()
[2026.01.07-15.10.43:296][265]LogAudioMixer: Display: FMixerPlatformXAudio2::SubmitBuffer() called for the first time
[2026.01.07-15.10.43:296][265]LogInit: FAudioDevice initialized.
[2026.01.07-15.10.43:296][265]LogAudio: Display: Audio Device (ID: 23) registered with world 'ThirdPersonExampleMap'.
[2026.01.07-15.10.43:303][265]LogLoad: Game class is 'ThirdPersonGameMode_C'
[2026.01.07-15.10.43:310][265]PIE: Warning: Invalid Simulate Options: Body (enemy01_2.Box) is set to simulate physics but Collision Enabled is incompatible
[2026.01.07-15.10.43:310][265]PIE: Warning: Invalid Simulate Options: Body (enemy01_2.Box) is set to simulate physics but Collision Enabled is incompatible
[2026.01.07-15.10.43:310][265]LogWorld: Bringing World /Game/ThirdPersonBP/Maps/UEDPIE_0_ThirdPersonExampleMap.ThirdPersonExampleMap up for play (max tick rate 0) at 2026.01.07-16.10.43
[2026.01.07-15.10.43:311][265]LogWorld: Bringing up level for play took: 0.007573
[2026.01.07-15.10.43:311][265]LogOnline: OSS: Creating online subsystem instance for: :Context_34
[2026.01.07-15.10.43:312][265]PIE: Server logged in
[2026.01.07-15.10.43:313][265]PIE: Play in editor total start time 0,214 seconds.
[2026.01.07-15.10.46:239][603]LogSlate: Updating window title bar state: overlay mode, drag disabled, window buttons hidden, title bar hidden
[2026.01.07-15.10.46:239][603]LogWorld: BeginTearingDown for /Game/ThirdPersonBP/Maps/UEDPIE_0_ThirdPersonExampleMap
[2026.01.07-15.10.46:239][603]LogWorld: UWorld::CleanupWorld for ThirdPersonExampleMap, bSessionEnded=true, bCleanupResources=true
[2026.01.07-15.10.46:240][603]LogSlate: InvalidateAllWidgets triggered.  All widgets were invalidated
[2026.01.07-15.10.46:254][603]LogPlayLevel: Display: Shutting down PIE online subsystems
[2026.01.07-15.10.46:261][603]LogSlate: InvalidateAllWidgets triggered.  All widgets were invalidated
[2026.01.07-15.10.46:281][603]LogSlate: Updating window title bar state: overlay mode, drag disabled, window buttons hidden, title bar hidden
[2026.01.07-15.10.46:282][603]LogAudioMixer: FMixerPlatformXAudio2::StopAudioStream() called
[2026.01.07-15.10.46:283][603]LogAudioMixer: FMixerPlatformXAudio2::StopAudioStream() called
[2026.01.07-15.10.46:288][603]LogUObjectHash: Compacting FUObjectHashTables data took   1.23ms
[2026.01.07-15.10.46:411][604]LogPlayLevel: Display: Destroying online subsystem :Context_34
[2026.01.07-15.10.59:415][125]LogSlate: Window 'Message Log' being destroyed
[2026.01.07-15.10.59:417][125]LogSlate: Window 'Message Log' being destroyed
[2026.01.07-15.11.17:131][995]LogTemp: Repeating last play command: Selected Viewport
[2026.01.07-15.11.17:139][995]BlueprintLog: New page: Pre-Play auto-recompile
[2026.01.07-15.11.17:140][995]LogPlayLevel: [PlayLevel] Compiling asfas before play...
[2026.01.07-15.11.17:171][995]LogUObjectHash: Compacting FUObjectHashTables data took   1.63ms
[2026.01.07-15.11.17:172][995]LogPlayLevel: PlayLevel: Blueprint regeneration took 32 ms (1 blueprints)
[2026.01.07-15.11.17:172][995]PIE: New page: PIE session: ThirdPersonExampleMap (7 sty 2026, 17:11:17)
[2026.01.07-15.11.17:172][995]LogPlayLevel: Creating play world package: /Game/ThirdPersonBP/Maps/UEDPIE_0_ThirdPersonExampleMap
[2026.01.07-15.11.17:250][995]LogPlayLevel: PIE: StaticDuplicateObject took: (0.077949s)
[2026.01.07-15.11.17:251][995]LogAIModule: Creating AISystem for world ThirdPersonExampleMap
[2026.01.07-15.11.17:251][995]LogPlayLevel: PIE: World Init took: (0.000778s)
[2026.01.07-15.11.17:251][995]LogPlayLevel: PIE: Created PIE world by copying editor world from /Game/ThirdPersonBP/Maps/ThirdPersonExampleMap.ThirdPersonExampleMap to /Game/ThirdPersonBP/Maps/UEDPIE_0_ThirdPersonExampleMap.ThirdPersonExampleMap (0.078826s)
[2026.01.07-15.11.17:266][995]LogUObjectHash: Compacting FUObjectHashTables data took   1.18ms
[2026.01.07-15.11.17:266][995]LogAudio: Display: Creating Audio Device:                 Id: 24, Scope: Unique, Realtime: True
[2026.01.07-15.11.17:266][995]LogAudioMixer: Display: Audio Mixer Platform Settings:
[2026.01.07-15.11.17:266][995]LogAudioMixer: Display: 	Sample Rate:						  48000
[2026.01.07-15.11.17:266][995]LogAudioMixer: Display: 	Callback Buffer Frame Size Requested: 1024
[2026.01.07-15.11.17:266][995]LogAudioMixer: Display: 	Callback Buffer Frame Size To Use:	  1024
[2026.01.07-15.11.17:266][995]LogAudioMixer: Display: 	Number of buffers to queue:			  2
[2026.01.07-15.11.17:267][995]LogAudioMixer: Display: 	Max Channels (voices):				  32
[2026.01.07-15.11.17:267][995]LogAudioMixer: Display: 	Number of Async Source Workers:		  0
[2026.01.07-15.11.17:267][995]LogAudio: Display: AudioDevice MaxSources: 32
[2026.01.07-15.11.17:267][995]LogAudio: Display: Audio Spatialization Plugin: None (built-in).
[2026.01.07-15.11.17:267][995]LogAudio: Display: Audio Reverb Plugin: None (built-in).
[2026.01.07-15.11.17:267][995]LogAudio: Display: Audio Occlusion Plugin: None (built-in).
[2026.01.07-15.11.17:267][995]LogAudioMixer: Display: Initializing audio mixer.
[2026.01.07-15.11.17:270][995]LogAudioMixer: Display: 0: FrontLeft
[2026.01.07-15.11.17:270][995]LogAudioMixer: Display: 1: FrontRight
[2026.01.07-15.11.17:275][995]LogAudioMixer: Display: Using Audio Device VG248 (3 — NVIDIA High Definition Audio)
[2026.01.07-15.11.17:275][995]LogAudioMixer: Display: Initializing Sound Submixes...
[2026.01.07-15.11.17:275][995]LogAudioMixer: Display: Creating Master Submix 'MasterSubmixDefault'
[2026.01.07-15.11.17:275][995]LogAudioMixer: Display: Creating Master Submix 'MasterReverbSubmixDefault'
[2026.01.07-15.11.17:275][995]LogAudioMixer: Display: Creating Master Submix 'MasterEQSubmixDefault'
[2026.01.07-15.11.17:275][995]LogAudioMixer: FMixerPlatformXAudio2::StartAudioStream() called
[2026.01.07-15.11.17:275][995]LogAudioMixer: Display: Output buffers initialized: Frames=1024, Channels=2, Samples=2048
[2026.01.07-15.11.17:276][995]LogAudioMixer: Display: Starting AudioMixerPlatformInterface::RunInternal()
[2026.01.07-15.11.17:276][995]LogAudioMixer: Display: FMixerPlatformXAudio2::SubmitBuffer() called for the first time
[2026.01.07-15.11.17:276][995]LogInit: FAudioDevice initialized.
[2026.01.07-15.11.17:276][995]LogAudio: Display: Audio Device (ID: 24) registered with world 'ThirdPersonExampleMap'.
[2026.01.07-15.11.17:298][995]LogSlate: Updating window title bar state: overlay mode, drag disabled, window buttons hidden, title bar hidden
[2026.01.07-15.11.17:299][995]LogLoad: Game class is 'ThirdPersonGameMode_C'
[2026.01.07-15.11.17:310][995]PIE: Warning: Invalid Simulate Options: Body (enemy01_2.Box) is set to simulate physics but Collision Enabled is incompatible
[2026.01.07-15.11.17:310][995]PIE: Warning: Invalid Simulate Options: Body (enemy01_2.Box) is set to simulate physics but Collision Enabled is incompatible
[2026.01.07-15.11.17:311][995]LogWorld: Bringing World /Game/ThirdPersonBP/Maps/UEDPIE_0_ThirdPersonExampleMap.ThirdPersonExampleMap up for play (max tick rate 0) at 2026.01.07-16.11.17
[2026.01.07-15.11.17:311][995]LogWorld: Bringing up level for play took: 0.010650
[2026.01.07-15.11.17:311][995]LogOnline: OSS: Creating online subsystem instance for: :Context_35
[2026.01.07-15.11.17:314][995]PIE: Server logged in
[2026.01.07-15.11.17:315][995]PIE: Play in editor total start time 0,176 seconds.
[2026.01.07-15.11.22:119][549]LogSlate: Updating window title bar state: overlay mode, drag disabled, window buttons hidden, title bar hidden
[2026.01.07-15.11.22:119][549]LogWorld: BeginTearingDown for /Game/ThirdPersonBP/Maps/UEDPIE_0_ThirdPersonExampleMap
[2026.01.07-15.11.22:119][549]LogSlate: Window 'ligma_3rd_person Preview [NetMode: Standalone]  (64-bit/Windows) ' being destroyed
[2026.01.07-15.11.22:122][549]LogWorld: UWorld::CleanupWorld for ThirdPersonExampleMap, bSessionEnded=true, bCleanupResources=true
[2026.01.07-15.11.22:123][549]LogSlate: InvalidateAllWidgets triggered.  All widgets were invalidated
[2026.01.07-15.11.22:130][549]LogPlayLevel: Display: Shutting down PIE online subsystems
[2026.01.07-15.11.22:137][549]LogSlate: InvalidateAllWidgets triggered.  All widgets were invalidated
[2026.01.07-15.11.22:154][549]LogAudioMixer: FMixerPlatformXAudio2::StopAudioStream() called
[2026.01.07-15.11.22:154][549]LogAudioMixer: FMixerPlatformXAudio2::StopAudioStream() called
[2026.01.07-15.11.22:159][549]LogUObjectHash: Compacting FUObjectHashTables data took   1.25ms
[2026.01.07-15.11.22:249][550]LogPlayLevel: Display: Destroying online subsystem :Context_35
[2026.01.07-15.14.17:005][458]LogSlate: Window 'Message Log' being destroyed
[2026.01.07-15.14.17:007][458]LogSlate: Window 'Message Log' being destroyed
[2026.01.07-15.14.24:545][280]BlueprintLog: New page: Compile enemy01
[2026.01.07-15.14.24:582][280]LogUObjectHash: Compacting FUObjectHashTables data took   1.55ms
[2026.01.07-15.14.25:421][360]LogUObjectHash: Compacting FUObjectHashTables data took   1.41ms
[2026.01.07-15.14.25:444][360]LogUObjectHash: Compacting FUObjectHashTables data took   0.39ms
[2026.01.07-15.14.25:843][360]LogSavePackage: Moving 'D:/rejp/ripositor/ligma_3rd_person/Saved/ThirdPersonExampleMapE44951B4450D43157FED86A549C96348.tmp' to 'D:/rejp/ripositor/ligma_3rd_person/Content/ThirdPersonBP/Maps/ThirdPersonExampleMap.umap'
[2026.01.07-15.14.25:865][360]LogFileHelpers: Saving map 'ThirdPersonExampleMap' took 0.437
[2026.01.07-15.14.25:871][360]Cmd: OBJ SAVEPACKAGE PACKAGE="/Game/bluprinty/enemy01" FILE="D:/rejp/ripositor/ligma_3rd_person/Content/bluprinty/enemy01.uasset" SILENT=true
[2026.01.07-15.14.25:884][360]LogSavePackage: Moving 'D:/rejp/ripositor/ligma_3rd_person/Saved/enemy0179DE8F0A4B040C375C4F0581898D4B13.tmp' to 'D:/rejp/ripositor/ligma_3rd_person/Content/bluprinty/enemy01.uasset'
[2026.01.07-15.14.25:892][360]Cmd: OBJ SAVEPACKAGE PACKAGE="/Game/bluprinty/asfas" FILE="D:/rejp/ripositor/ligma_3rd_person/Content/bluprinty/asfas.uasset" SILENT=true
[2026.01.07-15.14.25:910][360]LogSavePackage: Moving 'D:/rejp/ripositor/ligma_3rd_person/Saved/asfas7FE75B6A4DD7D89108CD268EC9E2A7EF.tmp' to 'D:/rejp/ripositor/ligma_3rd_person/Content/bluprinty/asfas.uasset'
[2026.01.07-15.14.25:919][360]AssetCheck: New page: Asset Save: multiple assets
[2026.01.07-15.14.25:919][360]LogContentValidation: Display: Validating Blueprint /Game/bluprinty/enemy01.enemy01
[2026.01.07-15.14.25:920][360]LogContentValidation: Display: Validating World /Game/ThirdPersonBP/Maps/ThirdPersonExampleMap.ThirdPersonExampleMap
[2026.01.07-15.14.25:920][360]LogContentValidation: Display: Validating Blueprint /Game/bluprinty/asfas.asfas
[2026.01.07-15.14.29:030][667]LogEditorViewport: Clicking on Actor (context menu): StaticMeshActor (Box_Brush114_StaticMesh)
[2026.01.07-15.14.33:014][115]LogEditorViewport: Clicking on Actor (LMB): ThirdPersonCharacter_C (ThirdPersonCharacter)
[2026.01.07-15.14.36:218][485]Cmd: CAMERA ALIGN ACTIVEVIEWPORTONLY
[2026.01.07-15.14.37:871][679]LogTemp: Repeating last play command: Selected Viewport
[2026.01.07-15.14.37:878][679]LogPlayLevel: PlayLevel: No blueprints needed recompiling
[2026.01.07-15.14.37:878][679]PIE: New page: PIE session: ThirdPersonExampleMap (7 sty 2026, 17:14:37)
[2026.01.07-15.14.37:916][679]LogPlayLevel: Creating play world package: /Game/ThirdPersonBP/Maps/UEDPIE_0_ThirdPersonExampleMap
[2026.01.07-15.14.37:994][679]LogPlayLevel: PIE: StaticDuplicateObject took: (0.078573s)
[2026.01.07-15.14.37:995][679]LogAIModule: Creating AISystem for world ThirdPersonExampleMap
[2026.01.07-15.14.37:995][679]LogPlayLevel: PIE: World Init took: (0.000934s)
[2026.01.07-15.14.37:995][679]LogPlayLevel: PIE: Created PIE world by copying editor world from /Game/ThirdPersonBP/Maps/ThirdPersonExampleMap.ThirdPersonExampleMap to /Game/ThirdPersonBP/Maps/UEDPIE_0_ThirdPersonExampleMap.ThirdPersonExampleMap (0.079658s)
[2026.01.07-15.14.38:012][679]LogUObjectHash: Compacting FUObjectHashTables data took   1.23ms
[2026.01.07-15.14.38:013][679]LogAudio: Display: Creating Audio Device:                 Id: 25, Scope: Unique, Realtime: True
[2026.01.07-15.14.38:013][679]LogAudioMixer: Display: Audio Mixer Platform Settings:
[2026.01.07-15.14.38:013][679]LogAudioMixer: Display: 	Sample Rate:						  48000
[2026.01.07-15.14.38:013][679]LogAudioMixer: Display: 	Callback Buffer Frame Size Requested: 1024
[2026.01.07-15.14.38:013][679]LogAudioMixer: Display: 	Callback Buffer Frame Size To Use:	  1024
[2026.01.07-15.14.38:013][679]LogAudioMixer: Display: 	Number of buffers to queue:			  2
[2026.01.07-15.14.38:013][679]LogAudioMixer: Display: 	Max Channels (voices):				  32
[2026.01.07-15.14.38:013][679]LogAudioMixer: Display: 	Number of Async Source Workers:		  0
[2026.01.07-15.14.38:013][679]LogAudio: Display: AudioDevice MaxSources: 32
[2026.01.07-15.14.38:014][679]LogAudio: Display: Audio Spatialization Plugin: None (built-in).
[2026.01.07-15.14.38:014][679]LogAudio: Display: Audio Reverb Plugin: None (built-in).
[2026.01.07-15.14.38:014][679]LogAudio: Display: Audio Occlusion Plugin: None (built-in).
[2026.01.07-15.14.38:014][679]LogAudioMixer: Display: Initializing audio mixer.
[2026.01.07-15.14.38:017][679]LogAudioMixer: Display: 0: FrontLeft
[2026.01.07-15.14.38:017][679]LogAudioMixer: Display: 1: FrontRight
[2026.01.07-15.14.38:023][679]LogAudioMixer: Display: Using Audio Device VG248 (3 — NVIDIA High Definition Audio)
[2026.01.07-15.14.38:023][679]LogAudioMixer: Display: Initializing Sound Submixes...
[2026.01.07-15.14.38:023][679]LogAudioMixer: Display: Creating Master Submix 'MasterSubmixDefault'
[2026.01.07-15.14.38:023][679]LogAudioMixer: Display: Creating Master Submix 'MasterReverbSubmixDefault'
[2026.01.07-15.14.38:024][679]LogAudioMixer: Display: Creating Master Submix 'MasterEQSubmixDefault'
[2026.01.07-15.14.38:024][679]LogAudioMixer: FMixerPlatformXAudio2::StartAudioStream() called
[2026.01.07-15.14.38:024][679]LogAudioMixer: Display: Output buffers initialized: Frames=1024, Channels=2, Samples=2048
[2026.01.07-15.14.38:024][679]LogAudioMixer: Display: Starting AudioMixerPlatformInterface::RunInternal()
[2026.01.07-15.14.38:024][679]LogAudioMixer: Display: FMixerPlatformXAudio2::SubmitBuffer() called for the first time
[2026.01.07-15.14.38:024][679]LogInit: FAudioDevice initialized.
[2026.01.07-15.14.38:024][679]LogAudio: Display: Audio Device (ID: 25) registered with world 'ThirdPersonExampleMap'.
[2026.01.07-15.14.38:031][679]LogLoad: Game class is 'ThirdPersonGameMode_C'
[2026.01.07-15.14.38:037][679]PIE: Warning: Invalid Simulate Options: Body (enemy01_2.Box) is set to simulate physics but Collision Enabled is incompatible
[2026.01.07-15.14.38:037][679]PIE: Warning: Invalid Simulate Options: Body (enemy01_2.Box) is set to simulate physics but Collision Enabled is incompatible
[2026.01.07-15.14.38:037][679]LogWorld: Bringing World /Game/ThirdPersonBP/Maps/UEDPIE_0_ThirdPersonExampleMap.ThirdPersonExampleMap up for play (max tick rate 0) at 2026.01.07-16.14.38
[2026.01.07-15.14.38:037][679]LogWorld: Bringing up level for play took: 0.005859
[2026.01.07-15.14.38:037][679]LogOnline: OSS: Creating online subsystem instance for: :Context_36
[2026.01.07-15.14.38:039][679]PIE: Server logged in
[2026.01.07-15.14.38:040][679]PIE: Play in editor total start time 0,162 seconds.
[2026.01.07-15.14.50:716][184]LogSlate: Updating window title bar state: overlay mode, drag disabled, window buttons hidden, title bar hidden
[2026.01.07-15.14.50:716][184]LogWorld: BeginTearingDown for /Game/ThirdPersonBP/Maps/UEDPIE_0_ThirdPersonExampleMap
[2026.01.07-15.14.50:716][184]LogWorld: UWorld::CleanupWorld for ThirdPersonExampleMap, bSessionEnded=true, bCleanupResources=true
[2026.01.07-15.14.50:717][184]LogSlate: InvalidateAllWidgets triggered.  All widgets were invalidated
[2026.01.07-15.14.50:725][184]LogPlayLevel: Display: Shutting down PIE online subsystems
[2026.01.07-15.14.50:749][184]LogSlate: InvalidateAllWidgets triggered.  All widgets were invalidated
[2026.01.07-15.14.50:763][184]LogAudio: Display: Audio Device unregistered from world 'None'.
[2026.01.07-15.14.50:764][184]LogAudioMixer: FMixerPlatformXAudio2::StopAudioStream() called
[2026.01.07-15.14.50:765][184]LogAudioMixer: FMixerPlatformXAudio2::StopAudioStream() called
[2026.01.07-15.14.50:766][184]LogSlate: Updating window title bar state: overlay mode, drag disabled, window buttons hidden, title bar hidden
[2026.01.07-15.14.50:773][184]LogUObjectHash: Compacting FUObjectHashTables data took   1.22ms
[2026.01.07-15.14.50:877][185]LogPlayLevel: Display: Destroying online subsystem :Context_36
[2026.01.07-15.14.52:901][386]LogSlate: Window 'Message Log' being destroyed
[2026.01.07-15.14.52:903][386]LogSlate: Window 'Message Log' being destroyed
[2026.01.07-15.15.08:395][973]LogTemp: Repeating last play command: Selected Viewport
[2026.01.07-15.15.08:402][973]BlueprintLog: New page: Pre-Play auto-recompile
[2026.01.07-15.15.08:403][973]LogPlayLevel: [PlayLevel] Compiling enemy01 before play...
[2026.01.07-15.15.08:434][973]LogUObjectHash: Compacting FUObjectHashTables data took   1.42ms
[2026.01.07-15.15.08:436][973]LogPlayLevel: PlayLevel: Blueprint regeneration took 33 ms (1 blueprints)
[2026.01.07-15.15.08:436][973]PIE: New page: PIE session: ThirdPersonExampleMap (7 sty 2026, 17:15:08)
[2026.01.07-15.15.08:436][973]LogPlayLevel: Creating play world package: /Game/ThirdPersonBP/Maps/UEDPIE_0_ThirdPersonExampleMap
[2026.01.07-15.15.08:512][973]LogPlayLevel: PIE: StaticDuplicateObject took: (0.076535s)
[2026.01.07-15.15.08:513][973]LogAIModule: Creating AISystem for world ThirdPersonExampleMap
[2026.01.07-15.15.08:513][973]LogPlayLevel: PIE: World Init took: (0.000775s)
[2026.01.07-15.15.08:513][973]LogPlayLevel: PIE: Created PIE world by copying editor world from /Game/ThirdPersonBP/Maps/ThirdPersonExampleMap.ThirdPersonExampleMap to /Game/ThirdPersonBP/Maps/UEDPIE_0_ThirdPersonExampleMap.ThirdPersonExampleMap (0.077413s)
[2026.01.07-15.15.08:528][973]LogUObjectHash: Compacting FUObjectHashTables data took   1.18ms
[2026.01.07-15.15.08:528][973]LogAudio: Display: Creating Audio Device:                 Id: 26, Scope: Unique, Realtime: True
[2026.01.07-15.15.08:528][973]LogAudioMixer: Display: Audio Mixer Platform Settings:
[2026.01.07-15.15.08:528][973]LogAudioMixer: Display: 	Sample Rate:						  48000
[2026.01.07-15.15.08:528][973]LogAudioMixer: Display: 	Callback Buffer Frame Size Requested: 1024
[2026.01.07-15.15.08:528][973]LogAudioMixer: Display: 	Callback Buffer Frame Size To Use:	  1024
[2026.01.07-15.15.08:528][973]LogAudioMixer: Display: 	Number of buffers to queue:			  2
[2026.01.07-15.15.08:528][973]LogAudioMixer: Display: 	Max Channels (voices):				  32
[2026.01.07-15.15.08:528][973]LogAudioMixer: Display: 	Number of Async Source Workers:		  0
[2026.01.07-15.15.08:528][973]LogAudio: Display: AudioDevice MaxSources: 32
[2026.01.07-15.15.08:529][973]LogAudio: Display: Audio Spatialization Plugin: None (built-in).
[2026.01.07-15.15.08:529][973]LogAudio: Display: Audio Reverb Plugin: None (built-in).
[2026.01.07-15.15.08:529][973]LogAudio: Display: Audio Occlusion Plugin: None (built-in).
[2026.01.07-15.15.08:529][973]LogAudioMixer: Display: Initializing audio mixer.
[2026.01.07-15.15.08:531][973]LogAudioMixer: Display: 0: FrontLeft
[2026.01.07-15.15.08:531][973]LogAudioMixer: Display: 1: FrontRight
[2026.01.07-15.15.08:537][973]LogAudioMixer: Display: Using Audio Device VG248 (3 — NVIDIA High Definition Audio)
[2026.01.07-15.15.08:537][973]LogAudioMixer: Display: Initializing Sound Submixes...
[2026.01.07-15.15.08:537][973]LogAudioMixer: Display: Creating Master Submix 'MasterSubmixDefault'
[2026.01.07-15.15.08:537][973]LogAudioMixer: Display: Creating Master Submix 'MasterReverbSubmixDefault'
[2026.01.07-15.15.08:537][973]LogAudioMixer: Display: Creating Master Submix 'MasterEQSubmixDefault'
[2026.01.07-15.15.08:537][973]LogAudioMixer: FMixerPlatformXAudio2::StartAudioStream() called
[2026.01.07-15.15.08:537][973]LogAudioMixer: Display: Output buffers initialized: Frames=1024, Channels=2, Samples=2048
[2026.01.07-15.15.08:538][973]LogAudioMixer: Display: Starting AudioMixerPlatformInterface::RunInternal()
[2026.01.07-15.15.08:538][973]LogAudioMixer: Display: FMixerPlatformXAudio2::SubmitBuffer() called for the first time
[2026.01.07-15.15.08:538][973]LogInit: FAudioDevice initialized.
[2026.01.07-15.15.08:538][973]LogAudio: Display: Audio Device (ID: 26) registered with world 'ThirdPersonExampleMap'.
[2026.01.07-15.15.08:582][973]LogSlate: Updating window title bar state: overlay mode, drag disabled, window buttons hidden, title bar hidden
[2026.01.07-15.15.08:582][973]LogLoad: Game class is 'ThirdPersonGameMode_C'
[2026.01.07-15.15.08:594][973]LogWorld: Bringing World /Game/ThirdPersonBP/Maps/UEDPIE_0_ThirdPersonExampleMap.ThirdPersonExampleMap up for play (max tick rate 0) at 2026.01.07-16.15.08
[2026.01.07-15.15.08:595][973]LogWorld: Bringing up level for play took: 0.010842
[2026.01.07-15.15.08:595][973]LogOnline: OSS: Creating online subsystem instance for: :Context_37
[2026.01.07-15.15.08:598][973]PIE: Server logged in
[2026.01.07-15.15.08:599][973]PIE: Play in editor total start time 0,197 seconds.
[2026.01.07-15.15.10:167][150]LogSlate: Updating window title bar state: overlay mode, drag disabled, window buttons hidden, title bar hidden
[2026.01.07-15.15.10:167][150]LogWorld: BeginTearingDown for /Game/ThirdPersonBP/Maps/UEDPIE_0_ThirdPersonExampleMap
[2026.01.07-15.15.10:167][150]LogSlate: Window 'ligma_3rd_person Preview [NetMode: Standalone]  (64-bit/Windows) ' being destroyed
[2026.01.07-15.15.10:170][150]LogWorld: UWorld::CleanupWorld for ThirdPersonExampleMap, bSessionEnded=true, bCleanupResources=true
[2026.01.07-15.15.10:171][150]LogSlate: InvalidateAllWidgets triggered.  All widgets were invalidated
[2026.01.07-15.15.10:182][150]LogPlayLevel: Display: Shutting down PIE online subsystems
[2026.01.07-15.15.10:205][150]LogSlate: InvalidateAllWidgets triggered.  All widgets were invalidated
[2026.01.07-15.15.10:220][150]LogAudioMixer: FMixerPlatformXAudio2::StopAudioStream() called
[2026.01.07-15.15.10:221][150]LogAudioMixer: FMixerPlatformXAudio2::StopAudioStream() called
[2026.01.07-15.15.10:226][150]LogUObjectHash: Compacting FUObjectHashTables data took   1.20ms
[2026.01.07-15.15.10:253][151]LogPlayLevel: Display: Destroying online subsystem :Context_37
[2026.01.07-15.15.11:153][258]LogTemp: Repeating last play command: Selected Viewport
[2026.01.07-15.15.11:166][258]LogPlayLevel: PlayLevel: No blueprints needed recompiling
[2026.01.07-15.15.11:166][258]PIE: New page: PIE session: ThirdPersonExampleMap (7 sty 2026, 17:15:11)
[2026.01.07-15.15.11:166][258]LogPlayLevel: Creating play world package: /Game/ThirdPersonBP/Maps/UEDPIE_0_ThirdPersonExampleMap
[2026.01.07-15.15.11:242][258]LogPlayLevel: PIE: StaticDuplicateObject took: (0.076110s)
[2026.01.07-15.15.11:243][258]LogAIModule: Creating AISystem for world ThirdPersonExampleMap
[2026.01.07-15.15.11:243][258]LogPlayLevel: PIE: World Init took: (0.000770s)
[2026.01.07-15.15.11:243][258]LogPlayLevel: PIE: Created PIE world by copying editor world from /Game/ThirdPersonBP/Maps/ThirdPersonExampleMap.ThirdPersonExampleMap to /Game/ThirdPersonBP/Maps/UEDPIE_0_ThirdPersonExampleMap.ThirdPersonExampleMap (0.076985s)
[2026.01.07-15.15.11:258][258]LogUObjectHash: Compacting FUObjectHashTables data took   1.18ms
[2026.01.07-15.15.11:259][258]LogAudio: Display: Creating Audio Device:                 Id: 27, Scope: Unique, Realtime: True
[2026.01.07-15.15.11:259][258]LogAudioMixer: Display: Audio Mixer Platform Settings:
[2026.01.07-15.15.11:259][258]LogAudioMixer: Display: 	Sample Rate:						  48000
[2026.01.07-15.15.11:259][258]LogAudioMixer: Display: 	Callback Buffer Frame Size Requested: 1024
[2026.01.07-15.15.11:259][258]LogAudioMixer: Display: 	Callback Buffer Frame Size To Use:	  1024
[2026.01.07-15.15.11:259][258]LogAudioMixer: Display: 	Number of buffers to queue:			  2
[2026.01.07-15.15.11:259][258]LogAudioMixer: Display: 	Max Channels (voices):				  32
[2026.01.07-15.15.11:259][258]LogAudioMixer: Display: 	Number of Async Source Workers:		  0
[2026.01.07-15.15.11:259][258]LogAudio: Display: AudioDevice MaxSources: 32
[2026.01.07-15.15.11:259][258]LogAudio: Display: Audio Spatialization Plugin: None (built-in).
[2026.01.07-15.15.11:259][258]LogAudio: Display: Audio Reverb Plugin: None (built-in).
[2026.01.07-15.15.11:259][258]LogAudio: Display: Audio Occlusion Plugin: None (built-in).
[2026.01.07-15.15.11:259][258]LogAudioMixer: Display: Initializing audio mixer.
[2026.01.07-15.15.11:262][258]LogAudioMixer: Display: 0: FrontLeft
[2026.01.07-15.15.11:262][258]LogAudioMixer: Display: 1: FrontRight
[2026.01.07-15.15.11:267][258]LogAudioMixer: Display: Using Audio Device VG248 (3 — NVIDIA High Definition Audio)
[2026.01.07-15.15.11:267][258]LogAudioMixer: Display: Initializing Sound Submixes...
[2026.01.07-15.15.11:267][258]LogAudioMixer: Display: Creating Master Submix 'MasterSubmixDefault'
[2026.01.07-15.15.11:267][258]LogAudioMixer: Display: Creating Master Submix 'MasterReverbSubmixDefault'
[2026.01.07-15.15.11:268][258]LogAudioMixer: Display: Creating Master Submix 'MasterEQSubmixDefault'
[2026.01.07-15.15.11:268][258]LogAudioMixer: FMixerPlatformXAudio2::StartAudioStream() called
[2026.01.07-15.15.11:268][258]LogAudioMixer: Display: Output buffers initialized: Frames=1024, Channels=2, Samples=2048
[2026.01.07-15.15.11:268][258]LogAudioMixer: Display: Starting AudioMixerPlatformInterface::RunInternal()
[2026.01.07-15.15.11:268][258]LogAudioMixer: Display: FMixerPlatformXAudio2::SubmitBuffer() called for the first time
[2026.01.07-15.15.11:268][258]LogInit: FAudioDevice initialized.
[2026.01.07-15.15.11:268][258]LogAudio: Display: Audio Device (ID: 27) registered with world 'ThirdPersonExampleMap'.
[2026.01.07-15.15.11:317][258]LogSlate: Updating window title bar state: overlay mode, drag disabled, window buttons hidden, title bar hidden
[2026.01.07-15.15.11:318][258]LogLoad: Game class is 'ThirdPersonGameMode_C'
[2026.01.07-15.15.11:334][258]LogWorld: Bringing World /Game/ThirdPersonBP/Maps/UEDPIE_0_ThirdPersonExampleMap.ThirdPersonExampleMap up for play (max tick rate 0) at 2026.01.07-16.15.11
[2026.01.07-15.15.11:334][258]LogWorld: Bringing up level for play took: 0.014105
[2026.01.07-15.15.11:334][258]LogOnline: OSS: Creating online subsystem instance for: :Context_38
[2026.01.07-15.15.11:337][258]PIE: Server logged in
[2026.01.07-15.15.11:337][258]PIE: Play in editor total start time 0,172 seconds.
[2026.01.07-15.15.17:566][990]LogSlate: Updating window title bar state: overlay mode, drag disabled, window buttons hidden, title bar hidden
[2026.01.07-15.15.17:566][990]LogWorld: BeginTearingDown for /Game/ThirdPersonBP/Maps/UEDPIE_0_ThirdPersonExampleMap
[2026.01.07-15.15.17:566][990]LogSlate: Window 'ligma_3rd_person Preview [NetMode: Standalone]  (64-bit/Windows) ' being destroyed
[2026.01.07-15.15.17:569][990]LogWorld: UWorld::CleanupWorld for ThirdPersonExampleMap, bSessionEnded=true, bCleanupResources=true
[2026.01.07-15.15.17:570][990]LogSlate: InvalidateAllWidgets triggered.  All widgets were invalidated
[2026.01.07-15.15.17:577][990]LogPlayLevel: Display: Shutting down PIE online subsystems
[2026.01.07-15.15.17:600][990]LogSlate: InvalidateAllWidgets triggered.  All widgets were invalidated
[2026.01.07-15.15.17:615][990]LogAudioMixer: FMixerPlatformXAudio2::StopAudioStream() called
[2026.01.07-15.15.17:616][990]LogAudioMixer: FMixerPlatformXAudio2::StopAudioStream() called
[2026.01.07-15.15.17:621][990]LogUObjectHash: Compacting FUObjectHashTables data took   1.20ms
[2026.01.07-15.15.17:647][991]LogPlayLevel: Display: Destroying online subsystem :Context_38
[2026.01.07-15.15.54:736][851]LogTemp: Repeating last play command: Selected Viewport
[2026.01.07-15.15.54:746][851]BlueprintLog: New page: Pre-Play auto-recompile
[2026.01.07-15.15.54:746][851]LogPlayLevel: [PlayLevel] Compiling enemy01 before play...
[2026.01.07-15.15.54:779][851]LogUObjectHash: Compacting FUObjectHashTables data took   1.46ms
[2026.01.07-15.15.54:780][851]LogPlayLevel: PlayLevel: Blueprint regeneration took 34 ms (1 blueprints)
[2026.01.07-15.15.54:780][851]PIE: New page: PIE session: ThirdPersonExampleMap (7 sty 2026, 17:15:54)
[2026.01.07-15.15.54:780][851]LogPlayLevel: Creating play world package: /Game/ThirdPersonBP/Maps/UEDPIE_0_ThirdPersonExampleMap
[2026.01.07-15.15.54:858][851]LogPlayLevel: PIE: StaticDuplicateObject took: (0.077955s)
[2026.01.07-15.15.54:859][851]LogAIModule: Creating AISystem for world ThirdPersonExampleMap
[2026.01.07-15.15.54:859][851]LogPlayLevel: PIE: World Init took: (0.000771s)
[2026.01.07-15.15.54:859][851]LogPlayLevel: PIE: Created PIE world by copying editor world from /Game/ThirdPersonBP/Maps/ThirdPersonExampleMap.ThirdPersonExampleMap to /Game/ThirdPersonBP/Maps/UEDPIE_0_ThirdPersonExampleMap.ThirdPersonExampleMap (0.078827s)
[2026.01.07-15.15.54:874][851]LogUObjectHash: Compacting FUObjectHashTables data took   1.17ms
[2026.01.07-15.15.54:874][851]LogAudio: Display: Creating Audio Device:                 Id: 28, Scope: Unique, Realtime: True
[2026.01.07-15.15.54:874][851]LogAudioMixer: Display: Audio Mixer Platform Settings:
[2026.01.07-15.15.54:874][851]LogAudioMixer: Display: 	Sample Rate:						  48000
[2026.01.07-15.15.54:874][851]LogAudioMixer: Display: 	Callback Buffer Frame Size Requested: 1024
[2026.01.07-15.15.54:874][851]LogAudioMixer: Display: 	Callback Buffer Frame Size To Use:	  1024
[2026.01.07-15.15.54:874][851]LogAudioMixer: Display: 	Number of buffers to queue:			  2
[2026.01.07-15.15.54:874][851]LogAudioMixer: Display: 	Max Channels (voices):				  32
[2026.01.07-15.15.54:874][851]LogAudioMixer: Display: 	Number of Async Source Workers:		  0
[2026.01.07-15.15.54:874][851]LogAudio: Display: AudioDevice MaxSources: 32
[2026.01.07-15.15.54:875][851]LogAudio: Display: Audio Spatialization Plugin: None (built-in).
[2026.01.07-15.15.54:875][851]LogAudio: Display: Audio Reverb Plugin: None (built-in).
[2026.01.07-15.15.54:875][851]LogAudio: Display: Audio Occlusion Plugin: None (built-in).
[2026.01.07-15.15.54:875][851]LogAudioMixer: Display: Initializing audio mixer.
[2026.01.07-15.15.54:877][851]LogAudioMixer: Display: 0: FrontLeft
[2026.01.07-15.15.54:877][851]LogAudioMixer: Display: 1: FrontRight
[2026.01.07-15.15.54:883][851]LogAudioMixer: Display: Using Audio Device VG248 (3 — NVIDIA High Definition Audio)
[2026.01.07-15.15.54:883][851]LogAudioMixer: Display: Initializing Sound Submixes...
[2026.01.07-15.15.54:883][851]LogAudioMixer: Display: Creating Master Submix 'MasterSubmixDefault'
[2026.01.07-15.15.54:883][851]LogAudioMixer: Display: Creating Master Submix 'MasterReverbSubmixDefault'
[2026.01.07-15.15.54:883][851]LogAudioMixer: Display: Creating Master Submix 'MasterEQSubmixDefault'
[2026.01.07-15.15.54:883][851]LogAudioMixer: FMixerPlatformXAudio2::StartAudioStream() called
[2026.01.07-15.15.54:883][851]LogAudioMixer: Display: Output buffers initialized: Frames=1024, Channels=2, Samples=2048
[2026.01.07-15.15.54:884][851]LogAudioMixer: Display: Starting AudioMixerPlatformInterface::RunInternal()
[2026.01.07-15.15.54:884][851]LogAudioMixer: Display: FMixerPlatformXAudio2::SubmitBuffer() called for the first time
[2026.01.07-15.15.54:884][851]LogInit: FAudioDevice initialized.
[2026.01.07-15.15.54:884][851]LogAudio: Display: Audio Device (ID: 28) registered with world 'ThirdPersonExampleMap'.
[2026.01.07-15.15.54:911][851]LogSlate: Updating window title bar state: overlay mode, drag disabled, window buttons hidden, title bar hidden
[2026.01.07-15.15.54:911][851]LogLoad: Game class is 'ThirdPersonGameMode_C'
[2026.01.07-15.15.54:921][851]LogWorld: Bringing World /Game/ThirdPersonBP/Maps/UEDPIE_0_ThirdPersonExampleMap.ThirdPersonExampleMap up for play (max tick rate 0) at 2026.01.07-16.15.54
[2026.01.07-15.15.54:921][851]LogWorld: Bringing up level for play took: 0.009495
[2026.01.07-15.15.54:921][851]LogOnline: OSS: Creating online subsystem instance for: :Context_39
[2026.01.07-15.15.54:924][851]PIE: Server logged in
[2026.01.07-15.15.54:924][851]PIE: Play in editor total start time 0,18 seconds.
[2026.01.07-15.15.55:666][906]LogSlate: Updating window title bar state: overlay mode, drag disabled, window buttons hidden, title bar hidden
[2026.01.07-15.15.55:666][906]LogWorld: BeginTearingDown for /Game/ThirdPersonBP/Maps/UEDPIE_0_ThirdPersonExampleMap
[2026.01.07-15.15.55:666][906]LogSlate: Window 'ligma_3rd_person Preview [NetMode: Standalone]  (64-bit/Windows) ' being destroyed
[2026.01.07-15.15.55:670][906]LogWorld: UWorld::CleanupWorld for ThirdPersonExampleMap, bSessionEnded=true, bCleanupResources=true
[2026.01.07-15.15.55:673][906]LogSlate: InvalidateAllWidgets triggered.  All widgets were invalidated
[2026.01.07-15.15.55:690][906]LogPlayLevel: Display: Shutting down PIE online subsystems
[2026.01.07-15.15.55:712][906]LogSlate: InvalidateAllWidgets triggered.  All widgets were invalidated
[2026.01.07-15.15.55:727][906]LogAudioMixer: FMixerPlatformXAudio2::StopAudioStream() called
[2026.01.07-15.15.55:727][906]LogAudioMixer: FMixerPlatformXAudio2::StopAudioStream() called
[2026.01.07-15.15.55:732][906]LogUObjectHash: Compacting FUObjectHashTables data took   1.23ms
[2026.01.07-15.15.55:759][907]LogPlayLevel: Display: Destroying online subsystem :Context_39
[2026.01.07-15.15.57:886][135]LogTemp: Repeating last play command: Selected Viewport
[2026.01.07-15.15.57:893][135]BlueprintLog: New page: Pre-Play auto-recompile
[2026.01.07-15.15.57:893][135]LogPlayLevel: [PlayLevel] Compiling enemy01 before play...
[2026.01.07-15.15.57:925][135]LogUObjectHash: Compacting FUObjectHashTables data took   1.55ms
[2026.01.07-15.15.57:926][135]LogPlayLevel: PlayLevel: Blueprint regeneration took 32 ms (1 blueprints)
[2026.01.07-15.15.57:926][135]PIE: New page: PIE session: ThirdPersonExampleMap (7 sty 2026, 17:15:57)
[2026.01.07-15.15.57:926][135]LogPlayLevel: Creating play world package: /Game/ThirdPersonBP/Maps/UEDPIE_0_ThirdPersonExampleMap
[2026.01.07-15.15.58:000][135]LogPlayLevel: PIE: StaticDuplicateObject took: (0.073970s)
[2026.01.07-15.15.58:000][135]LogAIModule: Creating AISystem for world ThirdPersonExampleMap
[2026.01.07-15.15.58:001][135]LogPlayLevel: PIE: World Init took: (0.000774s)
[2026.01.07-15.15.58:001][135]LogPlayLevel: PIE: Created PIE world by copying editor world from /Game/ThirdPersonBP/Maps/ThirdPersonExampleMap.ThirdPersonExampleMap to /Game/ThirdPersonBP/Maps/UEDPIE_0_ThirdPersonExampleMap.ThirdPersonExampleMap (0.074845s)
[2026.01.07-15.15.58:016][135]LogUObjectHash: Compacting FUObjectHashTables data took   1.18ms
[2026.01.07-15.15.58:016][135]LogAudio: Display: Creating Audio Device:                 Id: 29, Scope: Unique, Realtime: True
[2026.01.07-15.15.58:016][135]LogAudioMixer: Display: Audio Mixer Platform Settings:
[2026.01.07-15.15.58:016][135]LogAudioMixer: Display: 	Sample Rate:						  48000
[2026.01.07-15.15.58:016][135]LogAudioMixer: Display: 	Callback Buffer Frame Size Requested: 1024
[2026.01.07-15.15.58:016][135]LogAudioMixer: Display: 	Callback Buffer Frame Size To Use:	  1024
[2026.01.07-15.15.58:016][135]LogAudioMixer: Display: 	Number of buffers to queue:			  2
[2026.01.07-15.15.58:016][135]LogAudioMixer: Display: 	Max Channels (voices):				  32
[2026.01.07-15.15.58:016][135]LogAudioMixer: Display: 	Number of Async Source Workers:		  0
[2026.01.07-15.15.58:016][135]LogAudio: Display: AudioDevice MaxSources: 32
[2026.01.07-15.15.58:016][135]LogAudio: Display: Audio Spatialization Plugin: None (built-in).
[2026.01.07-15.15.58:016][135]LogAudio: Display: Audio Reverb Plugin: None (built-in).
[2026.01.07-15.15.58:017][135]LogAudio: Display: Audio Occlusion Plugin: None (built-in).
[2026.01.07-15.15.58:017][135]LogAudioMixer: Display: Initializing audio mixer.
[2026.01.07-15.15.58:019][135]LogAudioMixer: Display: 0: FrontLeft
[2026.01.07-15.15.58:019][135]LogAudioMixer: Display: 1: FrontRight
[2026.01.07-15.15.58:024][135]LogAudioMixer: Display: Using Audio Device VG248 (3 — NVIDIA High Definition Audio)
[2026.01.07-15.15.58:024][135]LogAudioMixer: Display: Initializing Sound Submixes...
[2026.01.07-15.15.58:024][135]LogAudioMixer: Display: Creating Master Submix 'MasterSubmixDefault'
[2026.01.07-15.15.58:024][135]LogAudioMixer: Display: Creating Master Submix 'MasterReverbSubmixDefault'
[2026.01.07-15.15.58:025][135]LogAudioMixer: Display: Creating Master Submix 'MasterEQSubmixDefault'
[2026.01.07-15.15.58:025][135]LogAudioMixer: FMixerPlatformXAudio2::StartAudioStream() called
[2026.01.07-15.15.58:025][135]LogAudioMixer: Display: Output buffers initialized: Frames=1024, Channels=2, Samples=2048
[2026.01.07-15.15.58:026][135]LogAudioMixer: Display: Starting AudioMixerPlatformInterface::RunInternal()
[2026.01.07-15.15.58:026][135]LogAudioMixer: Display: FMixerPlatformXAudio2::SubmitBuffer() called for the first time
[2026.01.07-15.15.58:026][135]LogInit: FAudioDevice initialized.
[2026.01.07-15.15.58:026][135]LogAudio: Display: Audio Device (ID: 29) registered with world 'ThirdPersonExampleMap'.
[2026.01.07-15.15.58:084][135]LogSlate: Updating window title bar state: overlay mode, drag disabled, window buttons hidden, title bar hidden
[2026.01.07-15.15.58:085][135]LogLoad: Game class is 'ThirdPersonGameMode_C'
[2026.01.07-15.15.58:103][135]LogWorld: Bringing World /Game/ThirdPersonBP/Maps/UEDPIE_0_ThirdPersonExampleMap.ThirdPersonExampleMap up for play (max tick rate 0) at 2026.01.07-16.15.58
[2026.01.07-15.15.58:104][135]LogWorld: Bringing up level for play took: 0.017000
[2026.01.07-15.15.58:104][135]LogOnline: OSS: Creating online subsystem instance for: :Context_40
[2026.01.07-15.15.58:107][135]PIE: Server logged in
[2026.01.07-15.15.58:107][135]PIE: Play in editor total start time 0,214 seconds.
[2026.01.07-15.16.05:665][ 23]LogSlate: Updating window title bar state: overlay mode, drag disabled, window buttons hidden, title bar hidden
[2026.01.07-15.16.05:665][ 23]LogWorld: BeginTearingDown for /Game/ThirdPersonBP/Maps/UEDPIE_0_ThirdPersonExampleMap
[2026.01.07-15.16.05:666][ 23]LogSlate: Window 'ligma_3rd_person Preview [NetMode: Standalone]  (64-bit/Windows) ' being destroyed
[2026.01.07-15.16.05:668][ 23]LogWorld: UWorld::CleanupWorld for ThirdPersonExampleMap, bSessionEnded=true, bCleanupResources=true
[2026.01.07-15.16.05:669][ 23]LogSlate: InvalidateAllWidgets triggered.  All widgets were invalidated
[2026.01.07-15.16.05:680][ 23]LogPlayLevel: Display: Shutting down PIE online subsystems
[2026.01.07-15.16.05:702][ 23]LogSlate: InvalidateAllWidgets triggered.  All widgets were invalidated
[2026.01.07-15.16.05:717][ 23]LogAudioMixer: FMixerPlatformXAudio2::StopAudioStream() called
[2026.01.07-15.16.05:718][ 23]LogAudioMixer: FMixerPlatformXAudio2::StopAudioStream() called
[2026.01.07-15.16.05:723][ 23]LogUObjectHash: Compacting FUObjectHashTables data took   1.23ms
[2026.01.07-15.16.05:748][ 24]LogPlayLevel: Display: Destroying online subsystem :Context_40
[2026.01.07-15.16.16:427][206]LogTemp: Repeating last play command: Selected Viewport
[2026.01.07-15.16.16:434][206]BlueprintLog: New page: Pre-Play auto-recompile
[2026.01.07-15.16.16:435][206]LogPlayLevel: [PlayLevel] Compiling enemy01 before play...
[2026.01.07-15.16.16:466][206]LogUObjectHash: Compacting FUObjectHashTables data took   1.39ms
[2026.01.07-15.16.16:467][206]LogPlayLevel: PlayLevel: Blueprint regeneration took 32 ms (1 blueprints)
[2026.01.07-15.16.16:467][206]PIE: New page: PIE session: ThirdPersonExampleMap (7 sty 2026, 17:16:16)
[2026.01.07-15.16.16:467][206]LogPlayLevel: Creating play world package: /Game/ThirdPersonBP/Maps/UEDPIE_0_ThirdPersonExampleMap
[2026.01.07-15.16.16:546][206]LogPlayLevel: PIE: StaticDuplicateObject took: (0.078378s)
[2026.01.07-15.16.16:546][206]LogAIModule: Creating AISystem for world ThirdPersonExampleMap
[2026.01.07-15.16.16:546][206]LogPlayLevel: PIE: World Init took: (0.000769s)
[2026.01.07-15.16.16:546][206]LogPlayLevel: PIE: Created PIE world by copying editor world from /Game/ThirdPersonBP/Maps/ThirdPersonExampleMap.ThirdPersonExampleMap to /Game/ThirdPersonBP/Maps/UEDPIE_0_ThirdPersonExampleMap.ThirdPersonExampleMap (0.079247s)
[2026.01.07-15.16.16:561][206]LogUObjectHash: Compacting FUObjectHashTables data took   1.16ms
[2026.01.07-15.16.16:562][206]LogAudio: Display: Creating Audio Device:                 Id: 30, Scope: Unique, Realtime: True
[2026.01.07-15.16.16:562][206]LogAudioMixer: Display: Audio Mixer Platform Settings:
[2026.01.07-15.16.16:562][206]LogAudioMixer: Display: 	Sample Rate:						  48000
[2026.01.07-15.16.16:562][206]LogAudioMixer: Display: 	Callback Buffer Frame Size Requested: 1024
[2026.01.07-15.16.16:562][206]LogAudioMixer: Display: 	Callback Buffer Frame Size To Use:	  1024
[2026.01.07-15.16.16:562][206]LogAudioMixer: Display: 	Number of buffers to queue:			  2
[2026.01.07-15.16.16:562][206]LogAudioMixer: Display: 	Max Channels (voices):				  32
[2026.01.07-15.16.16:562][206]LogAudioMixer: Display: 	Number of Async Source Workers:		  0
[2026.01.07-15.16.16:562][206]LogAudio: Display: AudioDevice MaxSources: 32
[2026.01.07-15.16.16:562][206]LogAudio: Display: Audio Spatialization Plugin: None (built-in).
[2026.01.07-15.16.16:562][206]LogAudio: Display: Audio Reverb Plugin: None (built-in).
[2026.01.07-15.16.16:562][206]LogAudio: Display: Audio Occlusion Plugin: None (built-in).
[2026.01.07-15.16.16:562][206]LogAudioMixer: Display: Initializing audio mixer.
[2026.01.07-15.16.16:565][206]LogAudioMixer: Display: 0: FrontLeft
[2026.01.07-15.16.16:565][206]LogAudioMixer: Display: 1: FrontRight
[2026.01.07-15.16.16:570][206]LogAudioMixer: Display: Using Audio Device VG248 (3 — NVIDIA High Definition Audio)
[2026.01.07-15.16.16:570][206]LogAudioMixer: Display: Initializing Sound Submixes...
[2026.01.07-15.16.16:570][206]LogAudioMixer: Display: Creating Master Submix 'MasterSubmixDefault'
[2026.01.07-15.16.16:570][206]LogAudioMixer: Display: Creating Master Submix 'MasterReverbSubmixDefault'
[2026.01.07-15.16.16:571][206]LogAudioMixer: Display: Creating Master Submix 'MasterEQSubmixDefault'
[2026.01.07-15.16.16:571][206]LogAudioMixer: FMixerPlatformXAudio2::StartAudioStream() called
[2026.01.07-15.16.16:571][206]LogAudioMixer: Display: Output buffers initialized: Frames=1024, Channels=2, Samples=2048
[2026.01.07-15.16.16:571][206]LogAudioMixer: Display: Starting AudioMixerPlatformInterface::RunInternal()
[2026.01.07-15.16.16:571][206]LogAudioMixer: Display: FMixerPlatformXAudio2::SubmitBuffer() called for the first time
[2026.01.07-15.16.16:571][206]LogInit: FAudioDevice initialized.
[2026.01.07-15.16.16:571][206]LogAudio: Display: Audio Device (ID: 30) registered with world 'ThirdPersonExampleMap'.
[2026.01.07-15.16.16:613][206]LogSlate: Updating window title bar state: overlay mode, drag disabled, window buttons hidden, title bar hidden
[2026.01.07-15.16.16:614][206]LogLoad: Game class is 'ThirdPersonGameMode_C'
[2026.01.07-15.16.16:625][206]LogWorld: Bringing World /Game/ThirdPersonBP/Maps/UEDPIE_0_ThirdPersonExampleMap.ThirdPersonExampleMap up for play (max tick rate 0) at 2026.01.07-16.16.16
[2026.01.07-15.16.16:625][206]LogWorld: Bringing up level for play took: 0.010358
[2026.01.07-15.16.16:626][206]LogOnline: OSS: Creating online subsystem instance for: :Context_41
[2026.01.07-15.16.16:628][206]PIE: Server logged in
[2026.01.07-15.16.16:629][206]PIE: Play in editor total start time 0,195 seconds.
[2026.01.07-15.16.28:455][613]LogSlate: Updating window title bar state: overlay mode, drag disabled, window buttons hidden, title bar hidden
[2026.01.07-15.16.28:455][613]LogWorld: BeginTearingDown for /Game/ThirdPersonBP/Maps/UEDPIE_0_ThirdPersonExampleMap
[2026.01.07-15.16.28:455][613]LogSlate: Window 'ligma_3rd_person Preview [NetMode: Standalone]  (64-bit/Windows) ' being destroyed
[2026.01.07-15.16.28:458][613]LogWorld: UWorld::CleanupWorld for ThirdPersonExampleMap, bSessionEnded=true, bCleanupResources=true
[2026.01.07-15.16.28:461][613]LogSlate: InvalidateAllWidgets triggered.  All widgets were invalidated
[2026.01.07-15.16.28:479][613]LogPlayLevel: Display: Shutting down PIE online subsystems
[2026.01.07-15.16.28:502][613]LogSlate: InvalidateAllWidgets triggered.  All widgets were invalidated
[2026.01.07-15.16.28:517][613]LogAudioMixer: FMixerPlatformXAudio2::StopAudioStream() called
[2026.01.07-15.16.28:518][613]LogAudioMixer: FMixerPlatformXAudio2::StopAudioStream() called
[2026.01.07-15.16.28:523][613]LogUObjectHash: Compacting FUObjectHashTables data took   1.18ms
[2026.01.07-15.16.28:550][614]LogPlayLevel: Display: Destroying online subsystem :Context_41
[2026.01.07-15.16.31:693][962]LogTemp: Repeating last play command: Selected Viewport
[2026.01.07-15.16.31:700][962]BlueprintLog: New page: Pre-Play auto-recompile
[2026.01.07-15.16.31:700][962]LogPlayLevel: [PlayLevel] Compiling enemy01 before play...
[2026.01.07-15.16.31:733][962]LogUObjectHash: Compacting FUObjectHashTables data took   1.29ms
[2026.01.07-15.16.31:734][962]LogPlayLevel: PlayLevel: Blueprint regeneration took 33 ms (1 blueprints)
[2026.01.07-15.16.31:734][962]PIE: New page: PIE session: ThirdPersonExampleMap (7 sty 2026, 17:16:31)
[2026.01.07-15.16.31:734][962]LogPlayLevel: Creating play world package: /Game/ThirdPersonBP/Maps/UEDPIE_0_ThirdPersonExampleMap
[2026.01.07-15.16.31:808][962]LogPlayLevel: PIE: StaticDuplicateObject took: (0.074303s)
[2026.01.07-15.16.31:809][962]LogAIModule: Creating AISystem for world ThirdPersonExampleMap
[2026.01.07-15.16.31:809][962]LogPlayLevel: PIE: World Init took: (0.000768s)
[2026.01.07-15.16.31:809][962]LogPlayLevel: PIE: Created PIE world by copying editor world from /Game/ThirdPersonBP/Maps/ThirdPersonExampleMap.ThirdPersonExampleMap to /Game/ThirdPersonBP/Maps/UEDPIE_0_ThirdPersonExampleMap.ThirdPersonExampleMap (0.075171s)
[2026.01.07-15.16.31:823][962]LogUObjectHash: Compacting FUObjectHashTables data took   1.18ms
[2026.01.07-15.16.31:824][962]LogAudio: Display: Creating Audio Device:                 Id: 31, Scope: Unique, Realtime: True
[2026.01.07-15.16.31:824][962]LogAudioMixer: Display: Audio Mixer Platform Settings:
[2026.01.07-15.16.31:824][962]LogAudioMixer: Display: 	Sample Rate:						  48000
[2026.01.07-15.16.31:824][962]LogAudioMixer: Display: 	Callback Buffer Frame Size Requested: 1024
[2026.01.07-15.16.31:824][962]LogAudioMixer: Display: 	Callback Buffer Frame Size To Use:	  1024
[2026.01.07-15.16.31:824][962]LogAudioMixer: Display: 	Number of buffers to queue:			  2
[2026.01.07-15.16.31:824][962]LogAudioMixer: Display: 	Max Channels (voices):				  32
[2026.01.07-15.16.31:824][962]LogAudioMixer: Display: 	Number of Async Source Workers:		  0
[2026.01.07-15.16.31:824][962]LogAudio: Display: AudioDevice MaxSources: 32
[2026.01.07-15.16.31:824][962]LogAudio: Display: Audio Spatialization Plugin: None (built-in).
[2026.01.07-15.16.31:824][962]LogAudio: Display: Audio Reverb Plugin: None (built-in).
[2026.01.07-15.16.31:824][962]LogAudio: Display: Audio Occlusion Plugin: None (built-in).
[2026.01.07-15.16.31:824][962]LogAudioMixer: Display: Initializing audio mixer.
[2026.01.07-15.16.31:827][962]LogAudioMixer: Display: 0: FrontLeft
[2026.01.07-15.16.31:827][962]LogAudioMixer: Display: 1: FrontRight
[2026.01.07-15.16.31:832][962]LogAudioMixer: Display: Using Audio Device VG248 (3 — NVIDIA High Definition Audio)
[2026.01.07-15.16.31:832][962]LogAudioMixer: Display: Initializing Sound Submixes...
[2026.01.07-15.16.31:832][962]LogAudioMixer: Display: Creating Master Submix 'MasterSubmixDefault'
[2026.01.07-15.16.31:832][962]LogAudioMixer: Display: Creating Master Submix 'MasterReverbSubmixDefault'
[2026.01.07-15.16.31:833][962]LogAudioMixer: Display: Creating Master Submix 'MasterEQSubmixDefault'
[2026.01.07-15.16.31:833][962]LogAudioMixer: FMixerPlatformXAudio2::StartAudioStream() called
[2026.01.07-15.16.31:833][962]LogAudioMixer: Display: Output buffers initialized: Frames=1024, Channels=2, Samples=2048
[2026.01.07-15.16.31:834][962]LogAudioMixer: Display: Starting AudioMixerPlatformInterface::RunInternal()
[2026.01.07-15.16.31:834][962]LogAudioMixer: Display: FMixerPlatformXAudio2::SubmitBuffer() called for the first time
[2026.01.07-15.16.31:834][962]LogInit: FAudioDevice initialized.
[2026.01.07-15.16.31:834][962]LogAudio: Display: Audio Device (ID: 31) registered with world 'ThirdPersonExampleMap'.
[2026.01.07-15.16.31:861][962]LogSlate: Updating window title bar state: overlay mode, drag disabled, window buttons hidden, title bar hidden
[2026.01.07-15.16.31:861][962]LogLoad: Game class is 'ThirdPersonGameMode_C'
[2026.01.07-15.16.31:872][962]LogWorld: Bringing World /Game/ThirdPersonBP/Maps/UEDPIE_0_ThirdPersonExampleMap.ThirdPersonExampleMap up for play (max tick rate 0) at 2026.01.07-16.16.31
[2026.01.07-15.16.31:872][962]LogWorld: Bringing up level for play took: 0.010365
[2026.01.07-15.16.31:872][962]LogOnline: OSS: Creating online subsystem instance for: :Context_42
[2026.01.07-15.16.31:875][962]PIE: Server logged in
[2026.01.07-15.16.31:875][962]PIE: Play in editor total start time 0,175 seconds.
[2026.01.07-15.16.38:044][688]LogSlate: Updating window title bar state: overlay mode, drag disabled, window buttons hidden, title bar hidden
[2026.01.07-15.16.38:044][688]LogWorld: BeginTearingDown for /Game/ThirdPersonBP/Maps/UEDPIE_0_ThirdPersonExampleMap
[2026.01.07-15.16.38:045][688]LogSlate: Window 'ligma_3rd_person Preview [NetMode: Standalone]  (64-bit/Windows) ' being destroyed
[2026.01.07-15.16.38:050][688]LogWorld: UWorld::CleanupWorld for ThirdPersonExampleMap, bSessionEnded=true, bCleanupResources=true
[2026.01.07-15.16.38:052][688]LogSlate: InvalidateAllWidgets triggered.  All widgets were invalidated
[2026.01.07-15.16.38:067][688]LogPlayLevel: Display: Shutting down PIE online subsystems
[2026.01.07-15.16.38:090][688]LogSlate: InvalidateAllWidgets triggered.  All widgets were invalidated
[2026.01.07-15.16.38:106][688]LogAudioMixer: FMixerPlatformXAudio2::StopAudioStream() called
[2026.01.07-15.16.38:107][688]LogAudioMixer: FMixerPlatformXAudio2::StopAudioStream() called
[2026.01.07-15.16.38:112][688]LogUObjectHash: Compacting FUObjectHashTables data took   1.23ms
[2026.01.07-15.16.38:142][689]LogPlayLevel: Display: Destroying online subsystem :Context_42
[2026.01.07-15.16.45:718][407]LogTemp: Repeating last play command: Selected Viewport
[2026.01.07-15.16.45:733][407]BlueprintLog: New page: Pre-Play auto-recompile
[2026.01.07-15.16.45:734][407]LogPlayLevel: [PlayLevel] Compiling enemy01 before play...
[2026.01.07-15.16.45:765][407]LogUObjectHash: Compacting FUObjectHashTables data took   1.39ms
[2026.01.07-15.16.45:766][407]LogPlayLevel: PlayLevel: Blueprint regeneration took 32 ms (1 blueprints)
[2026.01.07-15.16.45:766][407]PIE: New page: PIE session: ThirdPersonExampleMap (7 sty 2026, 17:16:45)
[2026.01.07-15.16.45:766][407]LogPlayLevel: Creating play world package: /Game/ThirdPersonBP/Maps/UEDPIE_0_ThirdPersonExampleMap
[2026.01.07-15.16.45:842][407]LogPlayLevel: PIE: StaticDuplicateObject took: (0.076072s)
[2026.01.07-15.16.45:843][407]LogAIModule: Creating AISystem for world ThirdPersonExampleMap
[2026.01.07-15.16.45:843][407]LogPlayLevel: PIE: World Init took: (0.000775s)
[2026.01.07-15.16.45:843][407]LogPlayLevel: PIE: Created PIE world by copying editor world from /Game/ThirdPersonBP/Maps/ThirdPersonExampleMap.ThirdPersonExampleMap to /Game/ThirdPersonBP/Maps/UEDPIE_0_ThirdPersonExampleMap.ThirdPersonExampleMap (0.076953s)
[2026.01.07-15.16.45:858][407]LogUObjectHash: Compacting FUObjectHashTables data took   1.20ms
[2026.01.07-15.16.45:858][407]LogAudio: Display: Creating Audio Device:                 Id: 32, Scope: Unique, Realtime: True
[2026.01.07-15.16.45:858][407]LogAudioMixer: Display: Audio Mixer Platform Settings:
[2026.01.07-15.16.45:858][407]LogAudioMixer: Display: 	Sample Rate:						  48000
[2026.01.07-15.16.45:858][407]LogAudioMixer: Display: 	Callback Buffer Frame Size Requested: 1024
[2026.01.07-15.16.45:858][407]LogAudioMixer: Display: 	Callback Buffer Frame Size To Use:	  1024
[2026.01.07-15.16.45:858][407]LogAudioMixer: Display: 	Number of buffers to queue:			  2
[2026.01.07-15.16.45:858][407]LogAudioMixer: Display: 	Max Channels (voices):				  32
[2026.01.07-15.16.45:858][407]LogAudioMixer: Display: 	Number of Async Source Workers:		  0
[2026.01.07-15.16.45:858][407]LogAudio: Display: AudioDevice MaxSources: 32
[2026.01.07-15.16.45:859][407]LogAudio: Display: Audio Spatialization Plugin: None (built-in).
[2026.01.07-15.16.45:859][407]LogAudio: Display: Audio Reverb Plugin: None (built-in).
[2026.01.07-15.16.45:859][407]LogAudio: Display: Audio Occlusion Plugin: None (built-in).
[2026.01.07-15.16.45:859][407]LogAudioMixer: Display: Initializing audio mixer.
[2026.01.07-15.16.45:862][407]LogAudioMixer: Display: 0: FrontLeft
[2026.01.07-15.16.45:862][407]LogAudioMixer: Display: 1: FrontRight
[2026.01.07-15.16.45:867][407]LogAudioMixer: Display: Using Audio Device VG248 (3 — NVIDIA High Definition Audio)
[2026.01.07-15.16.45:867][407]LogAudioMixer: Display: Initializing Sound Submixes...
[2026.01.07-15.16.45:867][407]LogAudioMixer: Display: Creating Master Submix 'MasterSubmixDefault'
[2026.01.07-15.16.45:867][407]LogAudioMixer: Display: Creating Master Submix 'MasterReverbSubmixDefault'
[2026.01.07-15.16.45:867][407]LogAudioMixer: Display: Creating Master Submix 'MasterEQSubmixDefault'
[2026.01.07-15.16.45:867][407]LogAudioMixer: FMixerPlatformXAudio2::StartAudioStream() called
[2026.01.07-15.16.45:867][407]LogAudioMixer: Display: Output buffers initialized: Frames=1024, Channels=2, Samples=2048
[2026.01.07-15.16.45:868][407]LogAudioMixer: Display: Starting AudioMixerPlatformInterface::RunInternal()
[2026.01.07-15.16.45:868][407]LogAudioMixer: Display: FMixerPlatformXAudio2::SubmitBuffer() called for the first time
[2026.01.07-15.16.45:868][407]LogInit: FAudioDevice initialized.
[2026.01.07-15.16.45:868][407]LogAudio: Display: Audio Device (ID: 32) registered with world 'ThirdPersonExampleMap'.
[2026.01.07-15.16.45:914][407]LogSlate: Updating window title bar state: overlay mode, drag disabled, window buttons hidden, title bar hidden
[2026.01.07-15.16.45:915][407]LogLoad: Game class is 'ThirdPersonGameMode_C'
[2026.01.07-15.16.45:935][407]LogWorld: Bringing World /Game/ThirdPersonBP/Maps/UEDPIE_0_ThirdPersonExampleMap.ThirdPersonExampleMap up for play (max tick rate 0) at 2026.01.07-16.16.45
[2026.01.07-15.16.45:935][407]LogWorld: Bringing up level for play took: 0.018623
[2026.01.07-15.16.45:935][407]LogOnline: OSS: Creating online subsystem instance for: :Context_43
[2026.01.07-15.16.45:938][407]PIE: Server logged in
[2026.01.07-15.16.45:938][407]PIE: Play in editor total start time 0,206 seconds.
[2026.01.07-15.16.54:065][359]LogSlate: Updating window title bar state: overlay mode, drag disabled, window buttons hidden, title bar hidden
[2026.01.07-15.16.54:065][359]LogWorld: BeginTearingDown for /Game/ThirdPersonBP/Maps/UEDPIE_0_ThirdPersonExampleMap
[2026.01.07-15.16.54:065][359]LogSlate: Window 'ligma_3rd_person Preview [NetMode: Standalone]  (64-bit/Windows) ' being destroyed
[2026.01.07-15.16.54:067][359]LogWorld: UWorld::CleanupWorld for ThirdPersonExampleMap, bSessionEnded=true, bCleanupResources=true
[2026.01.07-15.16.54:068][359]LogSlate: InvalidateAllWidgets triggered.  All widgets were invalidated
[2026.01.07-15.16.54:077][359]LogPlayLevel: Display: Shutting down PIE online subsystems
[2026.01.07-15.16.54:100][359]LogSlate: InvalidateAllWidgets triggered.  All widgets were invalidated
[2026.01.07-15.16.54:115][359]LogAudioMixer: FMixerPlatformXAudio2::StopAudioStream() called
[2026.01.07-15.16.54:115][359]LogAudioMixer: FMixerPlatformXAudio2::StopAudioStream() called
[2026.01.07-15.16.54:121][359]LogUObjectHash: Compacting FUObjectHashTables data took   1.23ms
[2026.01.07-15.16.54:148][360]LogPlayLevel: Display: Destroying online subsystem :Context_43
[2026.01.07-15.17.56:915][655]Cmd: OBJ SAVEPACKAGE PACKAGE="/Game/bluprinty/enemy01" FILE="D:/rejp/ripositor/ligma_3rd_person/Content/bluprinty/enemy01.uasset" SILENT=true
[2026.01.07-15.17.56:931][655]LogSavePackage: Moving 'D:/rejp/ripositor/ligma_3rd_person/Saved/enemy01BD1F42E2434B41555AD8A3ABBD227905.tmp' to 'D:/rejp/ripositor/ligma_3rd_person/Content/bluprinty/enemy01.uasset'
[2026.01.07-15.17.56:940][655]AssetCheck: New page: Asset Save: enemy01
[2026.01.07-15.17.56:940][655]LogContentValidation: Display: Validating Blueprint /Game/bluprinty/enemy01.enemy01
[2026.01.07-15.18.06:331][657]LogEditorViewport: Clicking on Actor (LMB): StaticMeshActor (Box_Brush114_StaticMesh)
[2026.01.07-15.18.06:944][726]LogEditorViewport: Clicking on Actor (LMB): enemy01_C (enemy01)
[2026.01.07-15.18.10:183][112]LogEditorViewport: Clicking on Actor (LMB): ThirdPersonCharacter_C (ThirdPersonCharacter)
[2026.01.07-15.18.12:673][398]LogEditorViewport: Clicking on Actor (LMB): Brush (Box Brush119)
[2026.01.07-15.18.13:155][453]Cmd: CAMERA ALIGN ACTIVEVIEWPORTONLY
[2026.01.07-15.18.19:643][138]LogActorFactory: Actor Factory created Cube
[2026.01.07-15.18.20:433][226]LogActorFactory: Actor Factory created Cube
[2026.01.07-15.18.29:046][251]Cmd: CAMERA ALIGN ACTIVEVIEWPORTONLY
[2026.01.07-15.18.49:037][325]Cmd: CAMERA ALIGN ACTIVEVIEWPORTONLY
[2026.01.07-15.19.03:958][ 75]LogEditorViewport: Clicking on Actor (LMB): Brush (Box Brush116)
[2026.01.07-15.19.04:840][178]LogEditorViewport: Clicking on Actor (LMB): Brush (Box Brush116)
[2026.01.07-15.19.05:497][255]LogEditorViewport: Clicking on Actor (LMB): Brush (Box Brush116)
[2026.01.07-15.19.08:491][603]LogEditorViewport: Clicking on Actor (LMB): ThirdPersonCharacter_C (ThirdPersonCharacter)
[2026.01.07-15.19.11:410][946]LogEditorViewport: Clicking on Actor (LMB): enemy01_C (enemy01)
[2026.01.07-15.19.14:186][218]Cmd: CAMERA ALIGN ACTIVEVIEWPORTONLY
[2026.01.07-15.19.17:400][556]LogTemp: Repeating last play command: Selected Viewport
[2026.01.07-15.19.17:408][556]LogPlayLevel: PlayLevel: No blueprints needed recompiling
[2026.01.07-15.19.17:408][556]PIE: New page: PIE session: ThirdPersonExampleMap (7 sty 2026, 17:19:17)
[2026.01.07-15.19.17:442][556]LogPlayLevel: Creating play world package: /Game/ThirdPersonBP/Maps/UEDPIE_0_ThirdPersonExampleMap
[2026.01.07-15.19.17:525][556]LogPlayLevel: PIE: StaticDuplicateObject took: (0.082850s)
[2026.01.07-15.19.17:525][556]LogAIModule: Creating AISystem for world ThirdPersonExampleMap
[2026.01.07-15.19.17:526][556]LogPlayLevel: PIE: World Init took: (0.000895s)
[2026.01.07-15.19.17:526][556]LogPlayLevel: PIE: Created PIE world by copying editor world from /Game/ThirdPersonBP/Maps/ThirdPersonExampleMap.ThirdPersonExampleMap to /Game/ThirdPersonBP/Maps/UEDPIE_0_ThirdPersonExampleMap.ThirdPersonExampleMap (0.083917s)
[2026.01.07-15.19.17:543][556]LogUObjectHash: Compacting FUObjectHashTables data took   1.33ms
[2026.01.07-15.19.17:546][556]LogAudio: Display: Creating Audio Device:                 Id: 33, Scope: Unique, Realtime: True
[2026.01.07-15.19.17:546][556]LogAudioMixer: Display: Audio Mixer Platform Settings:
[2026.01.07-15.19.17:546][556]LogAudioMixer: Display: 	Sample Rate:						  48000
[2026.01.07-15.19.17:546][556]LogAudioMixer: Display: 	Callback Buffer Frame Size Requested: 1024
[2026.01.07-15.19.17:546][556]LogAudioMixer: Display: 	Callback Buffer Frame Size To Use:	  1024
[2026.01.07-15.19.17:546][556]LogAudioMixer: Display: 	Number of buffers to queue:			  2
[2026.01.07-15.19.17:546][556]LogAudioMixer: Display: 	Max Channels (voices):				  32
[2026.01.07-15.19.17:546][556]LogAudioMixer: Display: 	Number of Async Source Workers:		  0
[2026.01.07-15.19.17:546][556]LogAudio: Display: AudioDevice MaxSources: 32
[2026.01.07-15.19.17:547][556]LogAudio: Display: Audio Spatialization Plugin: None (built-in).
[2026.01.07-15.19.17:547][556]LogAudio: Display: Audio Reverb Plugin: None (built-in).
[2026.01.07-15.19.17:547][556]LogAudio: Display: Audio Occlusion Plugin: None (built-in).
[2026.01.07-15.19.17:547][556]LogAudioMixer: Display: Initializing audio mixer.
[2026.01.07-15.19.17:549][556]LogAudioMixer: Display: 0: FrontLeft
[2026.01.07-15.19.17:549][556]LogAudioMixer: Display: 1: FrontRight
[2026.01.07-15.19.17:555][556]LogAudioMixer: Display: Using Audio Device VG248 (3 — NVIDIA High Definition Audio)
[2026.01.07-15.19.17:555][556]LogAudioMixer: Display: Initializing Sound Submixes...
[2026.01.07-15.19.17:555][556]LogAudioMixer: Display: Creating Master Submix 'MasterSubmixDefault'
[2026.01.07-15.19.17:555][556]LogAudioMixer: Display: Creating Master Submix 'MasterReverbSubmixDefault'
[2026.01.07-15.19.17:556][556]LogAudioMixer: Display: Creating Master Submix 'MasterEQSubmixDefault'
[2026.01.07-15.19.17:556][556]LogAudioMixer: FMixerPlatformXAudio2::StartAudioStream() called
[2026.01.07-15.19.17:556][556]LogAudioMixer: Display: Output buffers initialized: Frames=1024, Channels=2, Samples=2048
[2026.01.07-15.19.17:556][556]LogAudioMixer: Display: Starting AudioMixerPlatformInterface::RunInternal()
[2026.01.07-15.19.17:557][556]LogAudioMixer: Display: FMixerPlatformXAudio2::SubmitBuffer() called for the first time
[2026.01.07-15.19.17:557][556]LogInit: FAudioDevice initialized.
[2026.01.07-15.19.17:557][556]LogAudio: Display: Audio Device (ID: 33) registered with world 'ThirdPersonExampleMap'.
[2026.01.07-15.19.17:561][556]LogLoad: Game class is 'ThirdPersonGameMode_C'
[2026.01.07-15.19.17:566][556]LogWorld: Bringing World /Game/ThirdPersonBP/Maps/UEDPIE_0_ThirdPersonExampleMap.ThirdPersonExampleMap up for play (max tick rate 0) at 2026.01.07-16.19.17
[2026.01.07-15.19.17:567][556]LogWorld: Bringing up level for play took: 0.005419
[2026.01.07-15.19.17:567][556]LogOnline: OSS: Creating online subsystem instance for: :Context_44
[2026.01.07-15.19.17:569][556]PIE: Server logged in
[2026.01.07-15.19.17:569][556]PIE: Play in editor total start time 0,162 seconds.
[2026.01.07-15.19.19:543][777]LogSlate: Updating window title bar state: overlay mode, drag disabled, window buttons hidden, title bar hidden
[2026.01.07-15.19.19:543][777]LogWorld: BeginTearingDown for /Game/ThirdPersonBP/Maps/UEDPIE_0_ThirdPersonExampleMap
[2026.01.07-15.19.19:543][777]LogWorld: UWorld::CleanupWorld for ThirdPersonExampleMap, bSessionEnded=true, bCleanupResources=true
[2026.01.07-15.19.19:544][777]LogSlate: InvalidateAllWidgets triggered.  All widgets were invalidated
[2026.01.07-15.19.19:552][777]LogPlayLevel: Display: Shutting down PIE online subsystems
[2026.01.07-15.19.19:559][777]LogSlate: InvalidateAllWidgets triggered.  All widgets were invalidated
[2026.01.07-15.19.19:576][777]LogAudio: Display: Audio Device unregistered from world 'None'.
[2026.01.07-15.19.19:576][777]LogAudioMixer: FMixerPlatformXAudio2::StopAudioStream() called
[2026.01.07-15.19.19:577][777]LogAudioMixer: FMixerPlatformXAudio2::StopAudioStream() called
[2026.01.07-15.19.19:578][777]LogSlate: Updating window title bar state: overlay mode, drag disabled, window buttons hidden, title bar hidden
[2026.01.07-15.19.19:582][777]LogUObjectHash: Compacting FUObjectHashTables data took   1.33ms
[2026.01.07-15.19.19:623][780]LogPlayLevel: Display: Destroying online subsystem :Context_44
[2026.01.07-15.19.21:733][  3]LogTemp: Repeating last play command: Selected Viewport
[2026.01.07-15.19.21:749][  3]LogPlayLevel: PlayLevel: No blueprints needed recompiling
[2026.01.07-15.19.21:749][  3]PIE: New page: PIE session: ThirdPersonExampleMap (7 sty 2026, 17:19:21)
[2026.01.07-15.19.21:772][  3]LogPlayLevel: Creating play world package: /Game/ThirdPersonBP/Maps/UEDPIE_0_ThirdPersonExampleMap
[2026.01.07-15.19.21:848][  3]LogPlayLevel: PIE: StaticDuplicateObject took: (0.076168s)
[2026.01.07-15.19.21:848][  3]LogAIModule: Creating AISystem for world ThirdPersonExampleMap
[2026.01.07-15.19.21:849][  3]LogPlayLevel: PIE: World Init took: (0.000783s)
[2026.01.07-15.19.21:849][  3]LogPlayLevel: PIE: Created PIE world by copying editor world from /Game/ThirdPersonBP/Maps/ThirdPersonExampleMap.ThirdPersonExampleMap to /Game/ThirdPersonBP/Maps/UEDPIE_0_ThirdPersonExampleMap.ThirdPersonExampleMap (0.077076s)
[2026.01.07-15.19.21:863][  3]LogUObjectHash: Compacting FUObjectHashTables data took   1.16ms
[2026.01.07-15.19.21:865][  3]LogAudio: Display: Creating Audio Device:                 Id: 34, Scope: Unique, Realtime: True
[2026.01.07-15.19.21:865][  3]LogAudioMixer: Display: Audio Mixer Platform Settings:
[2026.01.07-15.19.21:865][  3]LogAudioMixer: Display: 	Sample Rate:						  48000
[2026.01.07-15.19.21:865][  3]LogAudioMixer: Display: 	Callback Buffer Frame Size Requested: 1024
[2026.01.07-15.19.21:865][  3]LogAudioMixer: Display: 	Callback Buffer Frame Size To Use:	  1024
[2026.01.07-15.19.21:865][  3]LogAudioMixer: Display: 	Number of buffers to queue:			  2
[2026.01.07-15.19.21:865][  3]LogAudioMixer: Display: 	Max Channels (voices):				  32
[2026.01.07-15.19.21:865][  3]LogAudioMixer: Display: 	Number of Async Source Workers:		  0
[2026.01.07-15.19.21:865][  3]LogAudio: Display: AudioDevice MaxSources: 32
[2026.01.07-15.19.21:865][  3]LogAudio: Display: Audio Spatialization Plugin: None (built-in).
[2026.01.07-15.19.21:865][  3]LogAudio: Display: Audio Reverb Plugin: None (built-in).
[2026.01.07-15.19.21:865][  3]LogAudio: Display: Audio Occlusion Plugin: None (built-in).
[2026.01.07-15.19.21:865][  3]LogAudioMixer: Display: Initializing audio mixer.
[2026.01.07-15.19.21:868][  3]LogAudioMixer: Display: 0: FrontLeft
[2026.01.07-15.19.21:868][  3]LogAudioMixer: Display: 1: FrontRight
[2026.01.07-15.19.21:873][  3]LogAudioMixer: Display: Using Audio Device VG248 (3 — NVIDIA High Definition Audio)
[2026.01.07-15.19.21:873][  3]LogAudioMixer: Display: Initializing Sound Submixes...
[2026.01.07-15.19.21:873][  3]LogAudioMixer: Display: Creating Master Submix 'MasterSubmixDefault'
[2026.01.07-15.19.21:873][  3]LogAudioMixer: Display: Creating Master Submix 'MasterReverbSubmixDefault'
[2026.01.07-15.19.21:874][  3]LogAudioMixer: Display: Creating Master Submix 'MasterEQSubmixDefault'
[2026.01.07-15.19.21:874][  3]LogAudioMixer: FMixerPlatformXAudio2::StartAudioStream() called
[2026.01.07-15.19.21:874][  3]LogAudioMixer: Display: Output buffers initialized: Frames=1024, Channels=2, Samples=2048
[2026.01.07-15.19.21:874][  3]LogAudioMixer: Display: Starting AudioMixerPlatformInterface::RunInternal()
[2026.01.07-15.19.21:874][  3]LogAudioMixer: Display: FMixerPlatformXAudio2::SubmitBuffer() called for the first time
[2026.01.07-15.19.21:874][  3]LogInit: FAudioDevice initialized.
[2026.01.07-15.19.21:874][  3]LogAudio: Display: Audio Device (ID: 34) registered with world 'ThirdPersonExampleMap'.
[2026.01.07-15.19.21:879][  3]LogLoad: Game class is 'ThirdPersonGameMode_C'
[2026.01.07-15.19.21:884][  3]LogWorld: Bringing World /Game/ThirdPersonBP/Maps/UEDPIE_0_ThirdPersonExampleMap.ThirdPersonExampleMap up for play (max tick rate 0) at 2026.01.07-16.19.21
[2026.01.07-15.19.21:885][  3]LogWorld: Bringing up level for play took: 0.005809
[2026.01.07-15.19.21:885][  3]LogOnline: OSS: Creating online subsystem instance for: :Context_45
[2026.01.07-15.19.21:887][  3]PIE: Server logged in
[2026.01.07-15.19.21:887][  3]PIE: Play in editor total start time 0,139 seconds.
[2026.01.07-15.19.27:574][677]LogSlate: Updating window title bar state: overlay mode, drag disabled, window buttons hidden, title bar hidden
[2026.01.07-15.19.27:574][677]LogWorld: BeginTearingDown for /Game/ThirdPersonBP/Maps/UEDPIE_0_ThirdPersonExampleMap
[2026.01.07-15.19.27:574][677]LogWorld: UWorld::CleanupWorld for ThirdPersonExampleMap, bSessionEnded=true, bCleanupResources=true
[2026.01.07-15.19.27:576][677]LogSlate: InvalidateAllWidgets triggered.  All widgets were invalidated
[2026.01.07-15.19.27:584][677]LogPlayLevel: Display: Shutting down PIE online subsystems
[2026.01.07-15.19.27:591][677]LogSlate: InvalidateAllWidgets triggered.  All widgets were invalidated
[2026.01.07-15.19.27:609][677]LogSlate: Updating window title bar state: overlay mode, drag disabled, window buttons hidden, title bar hidden
[2026.01.07-15.19.27:609][677]LogAudioMixer: FMixerPlatformXAudio2::StopAudioStream() called
[2026.01.07-15.19.27:610][677]LogAudioMixer: FMixerPlatformXAudio2::StopAudioStream() called
[2026.01.07-15.19.27:615][677]LogUObjectHash: Compacting FUObjectHashTables data took   1.24ms
[2026.01.07-15.19.27:660][679]LogPlayLevel: Display: Destroying online subsystem :Context_45
[2026.01.07-15.19.29:359][872]LogEditorViewport: Clicking on Actor (LMB): ThirdPersonCharacter_C (ThirdPersonCharacter)
[2026.01.07-15.19.29:691][902]LogEditorViewport: Clicking on Actor (LMB): ThirdPersonCharacter_C (ThirdPersonCharacter)
[2026.01.07-15.19.31:924][153]LogTemp: Repeating last play command: Selected Viewport
[2026.01.07-15.19.31:931][153]LogPlayLevel: PlayLevel: No blueprints needed recompiling
[2026.01.07-15.19.31:931][153]PIE: New page: PIE session: ThirdPersonExampleMap (7 sty 2026, 17:19:31)
[2026.01.07-15.19.31:951][153]LogPlayLevel: Creating play world package: /Game/ThirdPersonBP/Maps/UEDPIE_0_ThirdPersonExampleMap
[2026.01.07-15.19.32:031][153]LogPlayLevel: PIE: StaticDuplicateObject took: (0.079537s)
[2026.01.07-15.19.32:032][153]LogAIModule: Creating AISystem for world ThirdPersonExampleMap
[2026.01.07-15.19.32:032][153]LogPlayLevel: PIE: World Init took: (0.000831s)
[2026.01.07-15.19.32:032][153]LogPlayLevel: PIE: Created PIE world by copying editor world from /Game/ThirdPersonBP/Maps/ThirdPersonExampleMap.ThirdPersonExampleMap to /Game/ThirdPersonBP/Maps/UEDPIE_0_ThirdPersonExampleMap.ThirdPersonExampleMap (0.080490s)
[2026.01.07-15.19.32:047][153]LogUObjectHash: Compacting FUObjectHashTables data took   1.19ms
[2026.01.07-15.19.32:048][153]LogAudio: Display: Creating Audio Device:                 Id: 35, Scope: Unique, Realtime: True
[2026.01.07-15.19.32:048][153]LogAudioMixer: Display: Audio Mixer Platform Settings:
[2026.01.07-15.19.32:048][153]LogAudioMixer: Display: 	Sample Rate:						  48000
[2026.01.07-15.19.32:048][153]LogAudioMixer: Display: 	Callback Buffer Frame Size Requested: 1024
[2026.01.07-15.19.32:048][153]LogAudioMixer: Display: 	Callback Buffer Frame Size To Use:	  1024
[2026.01.07-15.19.32:048][153]LogAudioMixer: Display: 	Number of buffers to queue:			  2
[2026.01.07-15.19.32:048][153]LogAudioMixer: Display: 	Max Channels (voices):				  32
[2026.01.07-15.19.32:048][153]LogAudioMixer: Display: 	Number of Async Source Workers:		  0
[2026.01.07-15.19.32:048][153]LogAudio: Display: AudioDevice MaxSources: 32
[2026.01.07-15.19.32:048][153]LogAudio: Display: Audio Spatialization Plugin: None (built-in).
[2026.01.07-15.19.32:048][153]LogAudio: Display: Audio Reverb Plugin: None (built-in).
[2026.01.07-15.19.32:048][153]LogAudio: Display: Audio Occlusion Plugin: None (built-in).
[2026.01.07-15.19.32:048][153]LogAudioMixer: Display: Initializing audio mixer.
[2026.01.07-15.19.32:051][153]LogAudioMixer: Display: 0: FrontLeft
[2026.01.07-15.19.32:051][153]LogAudioMixer: Display: 1: FrontRight
[2026.01.07-15.19.32:056][153]LogAudioMixer: Display: Using Audio Device VG248 (3 — NVIDIA High Definition Audio)
[2026.01.07-15.19.32:056][153]LogAudioMixer: Display: Initializing Sound Submixes...
[2026.01.07-15.19.32:056][153]LogAudioMixer: Display: Creating Master Submix 'MasterSubmixDefault'
[2026.01.07-15.19.32:056][153]LogAudioMixer: Display: Creating Master Submix 'MasterReverbSubmixDefault'
[2026.01.07-15.19.32:057][153]LogAudioMixer: Display: Creating Master Submix 'MasterEQSubmixDefault'
[2026.01.07-15.19.32:057][153]LogAudioMixer: FMixerPlatformXAudio2::StartAudioStream() called
[2026.01.07-15.19.32:057][153]LogAudioMixer: Display: Output buffers initialized: Frames=1024, Channels=2, Samples=2048
[2026.01.07-15.19.32:058][153]LogAudioMixer: Display: Starting AudioMixerPlatformInterface::RunInternal()
[2026.01.07-15.19.32:058][153]LogAudioMixer: Display: FMixerPlatformXAudio2::SubmitBuffer() called for the first time
[2026.01.07-15.19.32:058][153]LogInit: FAudioDevice initialized.
[2026.01.07-15.19.32:058][153]LogAudio: Display: Audio Device (ID: 35) registered with world 'ThirdPersonExampleMap'.
[2026.01.07-15.19.32:066][153]LogLoad: Game class is 'ThirdPersonGameMode_C'
[2026.01.07-15.19.32:073][153]LogWorld: Bringing World /Game/ThirdPersonBP/Maps/UEDPIE_0_ThirdPersonExampleMap.ThirdPersonExampleMap up for play (max tick rate 0) at 2026.01.07-16.19.32
[2026.01.07-15.19.32:073][153]LogWorld: Bringing up level for play took: 0.007201
[2026.01.07-15.19.32:073][153]LogOnline: OSS: Creating online subsystem instance for: :Context_46
[2026.01.07-15.19.32:075][153]PIE: Server logged in
[2026.01.07-15.19.32:076][153]PIE: Play in editor total start time 0,146 seconds.
[2026.01.07-15.19.36:323][644]LogSlate: Updating window title bar state: overlay mode, drag disabled, window buttons hidden, title bar hidden
[2026.01.07-15.19.36:323][644]LogWorld: BeginTearingDown for /Game/ThirdPersonBP/Maps/UEDPIE_0_ThirdPersonExampleMap
[2026.01.07-15.19.36:323][644]LogWorld: UWorld::CleanupWorld for ThirdPersonExampleMap, bSessionEnded=true, bCleanupResources=true
[2026.01.07-15.19.36:324][644]LogSlate: InvalidateAllWidgets triggered.  All widgets were invalidated
[2026.01.07-15.19.36:336][644]LogPlayLevel: Display: Shutting down PIE online subsystems
[2026.01.07-15.19.36:361][644]LogSlate: InvalidateAllWidgets triggered.  All widgets were invalidated
[2026.01.07-15.19.36:375][644]LogAudio: Display: Audio Device unregistered from world 'None'.
[2026.01.07-15.19.36:376][644]LogAudioMixer: FMixerPlatformXAudio2::StopAudioStream() called
[2026.01.07-15.19.36:377][644]LogAudioMixer: FMixerPlatformXAudio2::StopAudioStream() called
[2026.01.07-15.19.36:378][644]LogSlate: Updating window title bar state: overlay mode, drag disabled, window buttons hidden, title bar hidden
[2026.01.07-15.19.36:385][644]LogUObjectHash: Compacting FUObjectHashTables data took   1.34ms
[2026.01.07-15.19.36:413][645]LogPlayLevel: Display: Destroying online subsystem :Context_46
[2026.01.07-15.19.36:897][700]LogEditorViewport: Clicking on Actor (LMB): enemy01_C (enemy01)
[2026.01.07-15.20.33:147][ 33]Cmd: OBJ SAVEPACKAGE PACKAGE="/Game/bluprinty/enemy01" FILE="D:/rejp/ripositor/ligma_3rd_person/Content/bluprinty/enemy01.uasset" SILENT=true
[2026.01.07-15.20.33:168][ 33]LogSavePackage: Moving 'D:/rejp/ripositor/ligma_3rd_person/Saved/enemy010BA7A0BF4EB9B41D0F99E785AC45CF29.tmp' to 'D:/rejp/ripositor/ligma_3rd_person/Content/bluprinty/enemy01.uasset'
[2026.01.07-15.20.33:176][ 33]AssetCheck: New page: Asset Save: enemy01
[2026.01.07-15.20.33:176][ 33]LogContentValidation: Display: Validating Blueprint /Game/bluprinty/enemy01.enemy01
[2026.01.07-15.20.36:559][412]LogTemp: Repeating last play command: Selected Viewport
[2026.01.07-15.20.36:566][412]BlueprintLog: New page: Pre-Play auto-recompile
[2026.01.07-15.20.36:566][412]LogPlayLevel: [PlayLevel] Compiling enemy01 before play...
[2026.01.07-15.20.36:606][412]LogUObjectHash: Compacting FUObjectHashTables data took   1.29ms
[2026.01.07-15.20.36:608][412]LogPlayLevel: PlayLevel: Blueprint regeneration took 42 ms (1 blueprints)
[2026.01.07-15.20.36:608][412]PIE: New page: PIE session: ThirdPersonExampleMap (7 sty 2026, 17:20:36)
[2026.01.07-15.20.36:631][412]LogPlayLevel: Creating play world package: /Game/ThirdPersonBP/Maps/UEDPIE_0_ThirdPersonExampleMap
[2026.01.07-15.20.36:708][412]LogPlayLevel: PIE: StaticDuplicateObject took: (0.077583s)
[2026.01.07-15.20.36:709][412]LogAIModule: Creating AISystem for world ThirdPersonExampleMap
[2026.01.07-15.20.36:709][412]LogPlayLevel: PIE: World Init took: (0.000767s)
[2026.01.07-15.20.36:709][412]LogPlayLevel: PIE: Created PIE world by copying editor world from /Game/ThirdPersonBP/Maps/ThirdPersonExampleMap.ThirdPersonExampleMap to /Game/ThirdPersonBP/Maps/UEDPIE_0_ThirdPersonExampleMap.ThirdPersonExampleMap (0.078470s)
[2026.01.07-15.20.36:724][412]LogUObjectHash: Compacting FUObjectHashTables data took   1.18ms
[2026.01.07-15.20.36:725][412]LogAudio: Display: Creating Audio Device:                 Id: 36, Scope: Unique, Realtime: True
[2026.01.07-15.20.36:725][412]LogAudioMixer: Display: Audio Mixer Platform Settings:
[2026.01.07-15.20.36:725][412]LogAudioMixer: Display: 	Sample Rate:						  48000
[2026.01.07-15.20.36:725][412]LogAudioMixer: Display: 	Callback Buffer Frame Size Requested: 1024
[2026.01.07-15.20.36:725][412]LogAudioMixer: Display: 	Callback Buffer Frame Size To Use:	  1024
[2026.01.07-15.20.36:725][412]LogAudioMixer: Display: 	Number of buffers to queue:			  2
[2026.01.07-15.20.36:725][412]LogAudioMixer: Display: 	Max Channels (voices):				  32
[2026.01.07-15.20.36:725][412]LogAudioMixer: Display: 	Number of Async Source Workers:		  0
[2026.01.07-15.20.36:725][412]LogAudio: Display: AudioDevice MaxSources: 32
[2026.01.07-15.20.36:725][412]LogAudio: Display: Audio Spatialization Plugin: None (built-in).
[2026.01.07-15.20.36:725][412]LogAudio: Display: Audio Reverb Plugin: None (built-in).
[2026.01.07-15.20.36:725][412]LogAudio: Display: Audio Occlusion Plugin: None (built-in).
[2026.01.07-15.20.36:725][412]LogAudioMixer: Display: Initializing audio mixer.
[2026.01.07-15.20.36:728][412]LogAudioMixer: Display: 0: FrontLeft
[2026.01.07-15.20.36:728][412]LogAudioMixer: Display: 1: FrontRight
[2026.01.07-15.20.36:733][412]LogAudioMixer: Display: Using Audio Device VG248 (3 — NVIDIA High Definition Audio)
[2026.01.07-15.20.36:733][412]LogAudioMixer: Display: Initializing Sound Submixes...
[2026.01.07-15.20.36:733][412]LogAudioMixer: Display: Creating Master Submix 'MasterSubmixDefault'
[2026.01.07-15.20.36:733][412]LogAudioMixer: Display: Creating Master Submix 'MasterReverbSubmixDefault'
[2026.01.07-15.20.36:734][412]LogAudioMixer: Display: Creating Master Submix 'MasterEQSubmixDefault'
[2026.01.07-15.20.36:734][412]LogAudioMixer: FMixerPlatformXAudio2::StartAudioStream() called
[2026.01.07-15.20.36:734][412]LogAudioMixer: Display: Output buffers initialized: Frames=1024, Channels=2, Samples=2048
[2026.01.07-15.20.36:735][412]LogAudioMixer: Display: Starting AudioMixerPlatformInterface::RunInternal()
[2026.01.07-15.20.36:735][412]LogAudioMixer: Display: FMixerPlatformXAudio2::SubmitBuffer() called for the first time
[2026.01.07-15.20.36:735][412]LogInit: FAudioDevice initialized.
[2026.01.07-15.20.36:735][412]LogAudio: Display: Audio Device (ID: 36) registered with world 'ThirdPersonExampleMap'.
[2026.01.07-15.20.36:744][412]LogLoad: Game class is 'ThirdPersonGameMode_C'
[2026.01.07-15.20.36:749][412]LogWorld: Bringing World /Game/ThirdPersonBP/Maps/UEDPIE_0_ThirdPersonExampleMap.ThirdPersonExampleMap up for play (max tick rate 0) at 2026.01.07-16.20.36
[2026.01.07-15.20.36:749][412]LogWorld: Bringing up level for play took: 0.005313
[2026.01.07-15.20.36:750][412]LogOnline: OSS: Creating online subsystem instance for: :Context_47
[2026.01.07-15.20.36:751][412]PIE: Server logged in
[2026.01.07-15.20.36:752][412]PIE: Play in editor total start time 0,187 seconds.
[2026.01.07-15.20.42:621][103]LogSlate: Updating window title bar state: overlay mode, drag disabled, window buttons hidden, title bar hidden
[2026.01.07-15.20.42:622][103]LogWorld: BeginTearingDown for /Game/ThirdPersonBP/Maps/UEDPIE_0_ThirdPersonExampleMap
[2026.01.07-15.20.42:622][103]LogWorld: UWorld::CleanupWorld for ThirdPersonExampleMap, bSessionEnded=true, bCleanupResources=true
[2026.01.07-15.20.42:623][103]LogSlate: InvalidateAllWidgets triggered.  All widgets were invalidated
[2026.01.07-15.20.42:631][103]LogPlayLevel: Display: Shutting down PIE online subsystems
[2026.01.07-15.20.42:638][103]LogSlate: InvalidateAllWidgets triggered.  All widgets were invalidated
[2026.01.07-15.20.42:653][103]LogSlate: Updating window title bar state: overlay mode, drag disabled, window buttons hidden, title bar hidden
[2026.01.07-15.20.42:654][103]LogAudioMixer: FMixerPlatformXAudio2::StopAudioStream() called
[2026.01.07-15.20.42:655][103]LogAudioMixer: FMixerPlatformXAudio2::StopAudioStream() called
[2026.01.07-15.20.42:661][103]LogUObjectHash: Compacting FUObjectHashTables data took   1.23ms
[2026.01.07-15.20.42:708][105]LogPlayLevel: Display: Destroying online subsystem :Context_47
[2026.01.07-15.20.44:175][281]LogEditorViewport: Clicking on Actor (LMB): ThirdPersonCharacter_C (ThirdPersonCharacter)
[2026.01.07-15.20.54:471][504]LogEditorViewport: Clicking on Actor (LMB): enemy01_C (enemy01)
[2026.01.07-15.21.01:149][162]BlueprintLog: New page: Compile enemy01
[2026.01.07-15.21.01:182][162]LogUObjectHash: Compacting FUObjectHashTables data took   1.34ms
[2026.01.07-15.21.01:613][192]LogUObjectHash: Compacting FUObjectHashTables data took   1.40ms
[2026.01.07-15.21.01:642][192]LogUObjectHash: Compacting FUObjectHashTables data took   0.36ms
[2026.01.07-15.21.02:060][192]LogSavePackage: Moving 'D:/rejp/ripositor/ligma_3rd_person/Saved/ThirdPersonExampleMapFCEF554F440EC9FDBFE125B14DE60650.tmp' to 'D:/rejp/ripositor/ligma_3rd_person/Content/ThirdPersonBP/Maps/ThirdPersonExampleMap.umap'
[2026.01.07-15.21.02:083][192]LogFileHelpers: Saving map 'ThirdPersonExampleMap' took 0.459
[2026.01.07-15.21.02:089][192]Cmd: OBJ SAVEPACKAGE PACKAGE="/Game/bluprinty/enemy01" FILE="D:/rejp/ripositor/ligma_3rd_person/Content/bluprinty/enemy01.uasset" SILENT=true
[2026.01.07-15.21.02:114][192]LogSavePackage: Moving 'D:/rejp/ripositor/ligma_3rd_person/Saved/enemy01D23D52924B3532240CBA3987E64C0FE1.tmp' to 'D:/rejp/ripositor/ligma_3rd_person/Content/bluprinty/enemy01.uasset'
[2026.01.07-15.21.02:123][192]AssetCheck: New page: Asset Save: multiple assets
[2026.01.07-15.21.02:123][192]LogContentValidation: Display: Validating Blueprint /Game/bluprinty/enemy01.enemy01
[2026.01.07-15.21.02:123][192]LogContentValidation: Display: Validating World /Game/ThirdPersonBP/Maps/ThirdPersonExampleMap.ThirdPersonExampleMap
[2026.01.07-15.21.08:573][804]BlueprintLog: New page: Compile enemy01
[2026.01.07-15.21.08:605][804]LogUObjectHash: Compacting FUObjectHashTables data took   1.46ms
[2026.01.07-15.21.09:062][842]LogUObjectHash: Compacting FUObjectHashTables data took   1.38ms
[2026.01.07-15.21.09:090][842]LogUObjectHash: Compacting FUObjectHashTables data took   0.43ms
[2026.01.07-15.21.09:587][842]LogSavePackage: Moving 'D:/rejp/ripositor/ligma_3rd_person/Saved/ThirdPersonExampleMapED2BD0D44BFEC591A80B86B24B627540.tmp' to 'D:/rejp/ripositor/ligma_3rd_person/Content/ThirdPersonBP/Maps/ThirdPersonExampleMap.umap'
[2026.01.07-15.21.09:610][842]LogFileHelpers: Saving map 'ThirdPersonExampleMap' took 0.536
[2026.01.07-15.21.09:615][842]Cmd: OBJ SAVEPACKAGE PACKAGE="/Game/bluprinty/enemy01" FILE="D:/rejp/ripositor/ligma_3rd_person/Content/bluprinty/enemy01.uasset" SILENT=true
[2026.01.07-15.21.09:697][842]LogSavePackage: Moving 'D:/rejp/ripositor/ligma_3rd_person/Saved/enemy011F50095D45A4ED22B976DFA8B52E0915.tmp' to 'D:/rejp/ripositor/ligma_3rd_person/Content/bluprinty/enemy01.uasset'
[2026.01.07-15.21.09:730][842]AssetCheck: New page: Asset Save: multiple assets
[2026.01.07-15.21.09:730][842]LogContentValidation: Display: Validating Blueprint /Game/bluprinty/enemy01.enemy01
[2026.01.07-15.21.09:730][842]LogContentValidation: Display: Validating World /Game/ThirdPersonBP/Maps/ThirdPersonExampleMap.ThirdPersonExampleMap
[2026.01.07-15.21.13:315][124]BlueprintLog: New page: Compile enemy01
[2026.01.07-15.21.13:349][124]LogUObjectHash: Compacting FUObjectHashTables data took   1.27ms
[2026.01.07-15.21.13:817][149]LogUObjectHash: Compacting FUObjectHashTables data took   1.34ms
[2026.01.07-15.21.13:839][149]LogUObjectHash: Compacting FUObjectHashTables data took   0.40ms
[2026.01.07-15.21.14:217][149]LogSavePackage: Moving 'D:/rejp/ripositor/ligma_3rd_person/Saved/ThirdPersonExampleMap9846C02B42A7EA842EFA60810BCEE659.tmp' to 'D:/rejp/ripositor/ligma_3rd_person/Content/ThirdPersonBP/Maps/ThirdPersonExampleMap.umap'
[2026.01.07-15.21.14:240][149]LogFileHelpers: Saving map 'ThirdPersonExampleMap' took 0.415
[2026.01.07-15.21.14:246][149]Cmd: OBJ SAVEPACKAGE PACKAGE="/Game/bluprinty/enemy01" FILE="D:/rejp/ripositor/ligma_3rd_person/Content/bluprinty/enemy01.uasset" SILENT=true
[2026.01.07-15.21.14:259][149]LogSavePackage: Moving 'D:/rejp/ripositor/ligma_3rd_person/Saved/enemy01F23ACB6C4B2D4A481E9B659E972F7AF5.tmp' to 'D:/rejp/ripositor/ligma_3rd_person/Content/bluprinty/enemy01.uasset'
[2026.01.07-15.21.14:267][149]AssetCheck: New page: Asset Save: multiple assets
[2026.01.07-15.21.14:267][149]LogContentValidation: Display: Validating Blueprint /Game/bluprinty/enemy01.enemy01
[2026.01.07-15.21.14:267][149]LogContentValidation: Display: Validating World /Game/ThirdPersonBP/Maps/ThirdPersonExampleMap.ThirdPersonExampleMap
[2026.01.07-15.21.15:692][266]LogTemp: Repeating last play command: Selected Viewport
[2026.01.07-15.21.15:698][266]LogPlayLevel: PlayLevel: No blueprints needed recompiling
[2026.01.07-15.21.15:699][266]PIE: New page: PIE session: ThirdPersonExampleMap (7 sty 2026, 17:21:15)
[2026.01.07-15.21.15:731][266]LogPlayLevel: Creating play world package: /Game/ThirdPersonBP/Maps/UEDPIE_0_ThirdPersonExampleMap
[2026.01.07-15.21.15:810][266]LogPlayLevel: PIE: StaticDuplicateObject took: (0.079004s)
[2026.01.07-15.21.15:810][266]LogAIModule: Creating AISystem for world ThirdPersonExampleMap
[2026.01.07-15.21.15:810][266]LogPlayLevel: PIE: World Init took: (0.000776s)
[2026.01.07-15.21.15:811][266]LogPlayLevel: PIE: Created PIE world by copying editor world from /Game/ThirdPersonBP/Maps/ThirdPersonExampleMap.ThirdPersonExampleMap to /Game/ThirdPersonBP/Maps/UEDPIE_0_ThirdPersonExampleMap.ThirdPersonExampleMap (0.079904s)
[2026.01.07-15.21.15:825][266]LogUObjectHash: Compacting FUObjectHashTables data took   1.15ms
[2026.01.07-15.21.15:826][266]LogAudio: Display: Creating Audio Device:                 Id: 37, Scope: Unique, Realtime: True
[2026.01.07-15.21.15:826][266]LogAudioMixer: Display: Audio Mixer Platform Settings:
[2026.01.07-15.21.15:826][266]LogAudioMixer: Display: 	Sample Rate:						  48000
[2026.01.07-15.21.15:826][266]LogAudioMixer: Display: 	Callback Buffer Frame Size Requested: 1024
[2026.01.07-15.21.15:826][266]LogAudioMixer: Display: 	Callback Buffer Frame Size To Use:	  1024
[2026.01.07-15.21.15:826][266]LogAudioMixer: Display: 	Number of buffers to queue:			  2
[2026.01.07-15.21.15:826][266]LogAudioMixer: Display: 	Max Channels (voices):				  32
[2026.01.07-15.21.15:826][266]LogAudioMixer: Display: 	Number of Async Source Workers:		  0
[2026.01.07-15.21.15:826][266]LogAudio: Display: AudioDevice MaxSources: 32
[2026.01.07-15.21.15:827][266]LogAudio: Display: Audio Spatialization Plugin: None (built-in).
[2026.01.07-15.21.15:827][266]LogAudio: Display: Audio Reverb Plugin: None (built-in).
[2026.01.07-15.21.15:827][266]LogAudio: Display: Audio Occlusion Plugin: None (built-in).
[2026.01.07-15.21.15:827][266]LogAudioMixer: Display: Initializing audio mixer.
[2026.01.07-15.21.15:829][266]LogAudioMixer: Display: 0: FrontLeft
[2026.01.07-15.21.15:829][266]LogAudioMixer: Display: 1: FrontRight
[2026.01.07-15.21.15:835][266]LogAudioMixer: Display: Using Audio Device VG248 (3 — NVIDIA High Definition Audio)
[2026.01.07-15.21.15:835][266]LogAudioMixer: Display: Initializing Sound Submixes...
[2026.01.07-15.21.15:835][266]LogAudioMixer: Display: Creating Master Submix 'MasterSubmixDefault'
[2026.01.07-15.21.15:835][266]LogAudioMixer: Display: Creating Master Submix 'MasterReverbSubmixDefault'
[2026.01.07-15.21.15:835][266]LogAudioMixer: Display: Creating Master Submix 'MasterEQSubmixDefault'
[2026.01.07-15.21.15:835][266]LogAudioMixer: FMixerPlatformXAudio2::StartAudioStream() called
[2026.01.07-15.21.15:835][266]LogAudioMixer: Display: Output buffers initialized: Frames=1024, Channels=2, Samples=2048
[2026.01.07-15.21.15:836][266]LogAudioMixer: Display: Starting AudioMixerPlatformInterface::RunInternal()
[2026.01.07-15.21.15:836][266]LogAudioMixer: Display: FMixerPlatformXAudio2::SubmitBuffer() called for the first time
[2026.01.07-15.21.15:836][266]LogInit: FAudioDevice initialized.
[2026.01.07-15.21.15:836][266]LogAudio: Display: Audio Device (ID: 37) registered with world 'ThirdPersonExampleMap'.
[2026.01.07-15.21.15:845][266]LogLoad: Game class is 'ThirdPersonGameMode_C'
[2026.01.07-15.21.15:850][266]LogWorld: Bringing World /Game/ThirdPersonBP/Maps/UEDPIE_0_ThirdPersonExampleMap.ThirdPersonExampleMap up for play (max tick rate 0) at 2026.01.07-16.21.15
[2026.01.07-15.21.15:850][266]LogWorld: Bringing up level for play took: 0.005238
[2026.01.07-15.21.15:851][266]LogOnline: OSS: Creating online subsystem instance for: :Context_48
[2026.01.07-15.21.15:853][266]PIE: Server logged in
[2026.01.07-15.21.15:853][266]PIE: Play in editor total start time 0,155 seconds.
[2026.01.07-15.21.18:221][534]LogSlate: Updating window title bar state: overlay mode, drag disabled, window buttons hidden, title bar hidden
[2026.01.07-15.21.18:221][534]LogWorld: BeginTearingDown for /Game/ThirdPersonBP/Maps/UEDPIE_0_ThirdPersonExampleMap
[2026.01.07-15.21.18:221][534]LogWorld: UWorld::CleanupWorld for ThirdPersonExampleMap, bSessionEnded=true, bCleanupResources=true
[2026.01.07-15.21.18:222][534]LogSlate: InvalidateAllWidgets triggered.  All widgets were invalidated
[2026.01.07-15.21.18:230][534]LogPlayLevel: Display: Shutting down PIE online subsystems
[2026.01.07-15.21.18:237][534]LogSlate: InvalidateAllWidgets triggered.  All widgets were invalidated
[2026.01.07-15.21.18:252][534]LogSlate: Updating window title bar state: overlay mode, drag disabled, window buttons hidden, title bar hidden
[2026.01.07-15.21.18:253][534]LogAudioMixer: FMixerPlatformXAudio2::StopAudioStream() called
[2026.01.07-15.21.18:254][534]LogAudioMixer: FMixerPlatformXAudio2::StopAudioStream() called
[2026.01.07-15.21.18:259][534]LogUObjectHash: Compacting FUObjectHashTables data took   1.25ms
[2026.01.07-15.21.18:304][536]LogPlayLevel: Display: Destroying online subsystem :Context_48
[2026.01.07-15.21.31:882][801]BlueprintLog: New page: Compile enemy01
[2026.01.07-15.21.31:917][801]LogUObjectHash: Compacting FUObjectHashTables data took   1.29ms
[2026.01.07-15.21.32:356][832]LogUObjectHash: Compacting FUObjectHashTables data took   1.37ms
[2026.01.07-15.21.32:392][832]LogUObjectHash: Compacting FUObjectHashTables data took   0.36ms
[2026.01.07-15.21.32:878][832]LogSavePackage: Moving 'D:/rejp/ripositor/ligma_3rd_person/Saved/ThirdPersonExampleMapE95FBDA34FEC9C4F6E5EE2AEB8B45B3E.tmp' to 'D:/rejp/ripositor/ligma_3rd_person/Content/ThirdPersonBP/Maps/ThirdPersonExampleMap.umap'
[2026.01.07-15.21.32:983][832]LogFileHelpers: Saving map 'ThirdPersonExampleMap' took 0.609
[2026.01.07-15.21.32:991][832]Cmd: OBJ SAVEPACKAGE PACKAGE="/Game/bluprinty/enemy01" FILE="D:/rejp/ripositor/ligma_3rd_person/Content/bluprinty/enemy01.uasset" SILENT=true
[2026.01.07-15.21.33:010][832]LogSavePackage: Moving 'D:/rejp/ripositor/ligma_3rd_person/Saved/enemy015A787A3243CA82539C98729C5BE2CF9F.tmp' to 'D:/rejp/ripositor/ligma_3rd_person/Content/bluprinty/enemy01.uasset'
[2026.01.07-15.21.33:048][832]AssetCheck: New page: Asset Save: multiple assets
[2026.01.07-15.21.33:048][832]LogContentValidation: Display: Validating Blueprint /Game/bluprinty/enemy01.enemy01
[2026.01.07-15.21.33:048][832]LogContentValidation: Display: Validating World /Game/ThirdPersonBP/Maps/ThirdPersonExampleMap.ThirdPersonExampleMap
[2026.01.07-15.21.34:664][  7]LogTemp: Repeating last play command: Selected Viewport
[2026.01.07-15.21.34:673][  7]LogPlayLevel: PlayLevel: No blueprints needed recompiling
[2026.01.07-15.21.34:673][  7]PIE: New page: PIE session: ThirdPersonExampleMap (7 sty 2026, 17:21:34)
[2026.01.07-15.21.34:700][  7]LogPlayLevel: Creating play world package: /Game/ThirdPersonBP/Maps/UEDPIE_0_ThirdPersonExampleMap
[2026.01.07-15.21.34:778][  7]LogPlayLevel: PIE: StaticDuplicateObject took: (0.077850s)
[2026.01.07-15.21.34:779][  7]LogAIModule: Creating AISystem for world ThirdPersonExampleMap
[2026.01.07-15.21.34:779][  7]LogPlayLevel: PIE: World Init took: (0.000819s)
[2026.01.07-15.21.34:779][  7]LogPlayLevel: PIE: Created PIE world by copying editor world from /Game/ThirdPersonBP/Maps/ThirdPersonExampleMap.ThirdPersonExampleMap to /Game/ThirdPersonBP/Maps/UEDPIE_0_ThirdPersonExampleMap.ThirdPersonExampleMap (0.078813s)
[2026.01.07-15.21.34:794][  7]LogUObjectHash: Compacting FUObjectHashTables data took   1.14ms
[2026.01.07-15.21.34:795][  7]LogAudio: Display: Creating Audio Device:                 Id: 38, Scope: Unique, Realtime: True
[2026.01.07-15.21.34:795][  7]LogAudioMixer: Display: Audio Mixer Platform Settings:
[2026.01.07-15.21.34:795][  7]LogAudioMixer: Display: 	Sample Rate:						  48000
[2026.01.07-15.21.34:795][  7]LogAudioMixer: Display: 	Callback Buffer Frame Size Requested: 1024
[2026.01.07-15.21.34:795][  7]LogAudioMixer: Display: 	Callback Buffer Frame Size To Use:	  1024
[2026.01.07-15.21.34:795][  7]LogAudioMixer: Display: 	Number of buffers to queue:			  2
[2026.01.07-15.21.34:795][  7]LogAudioMixer: Display: 	Max Channels (voices):				  32
[2026.01.07-15.21.34:795][  7]LogAudioMixer: Display: 	Number of Async Source Workers:		  0
[2026.01.07-15.21.34:795][  7]LogAudio: Display: AudioDevice MaxSources: 32
[2026.01.07-15.21.34:796][  7]LogAudio: Display: Audio Spatialization Plugin: None (built-in).
[2026.01.07-15.21.34:796][  7]LogAudio: Display: Audio Reverb Plugin: None (built-in).
[2026.01.07-15.21.34:796][  7]LogAudio: Display: Audio Occlusion Plugin: None (built-in).
[2026.01.07-15.21.34:796][  7]LogAudioMixer: Display: Initializing audio mixer.
[2026.01.07-15.21.34:798][  7]LogAudioMixer: Display: 0: FrontLeft
[2026.01.07-15.21.34:798][  7]LogAudioMixer: Display: 1: FrontRight
[2026.01.07-15.21.34:804][  7]LogAudioMixer: Display: Using Audio Device VG248 (3 — NVIDIA High Definition Audio)
[2026.01.07-15.21.34:804][  7]LogAudioMixer: Display: Initializing Sound Submixes...
[2026.01.07-15.21.34:804][  7]LogAudioMixer: Display: Creating Master Submix 'MasterSubmixDefault'
[2026.01.07-15.21.34:804][  7]LogAudioMixer: Display: Creating Master Submix 'MasterReverbSubmixDefault'
[2026.01.07-15.21.34:804][  7]LogAudioMixer: Display: Creating Master Submix 'MasterEQSubmixDefault'
[2026.01.07-15.21.34:804][  7]LogAudioMixer: FMixerPlatformXAudio2::StartAudioStream() called
[2026.01.07-15.21.34:804][  7]LogAudioMixer: Display: Output buffers initialized: Frames=1024, Channels=2, Samples=2048
[2026.01.07-15.21.34:805][  7]LogAudioMixer: Display: Starting AudioMixerPlatformInterface::RunInternal()
[2026.01.07-15.21.34:805][  7]LogAudioMixer: Display: FMixerPlatformXAudio2::SubmitBuffer() called for the first time
[2026.01.07-15.21.34:805][  7]LogInit: FAudioDevice initialized.
[2026.01.07-15.21.34:805][  7]LogAudio: Display: Audio Device (ID: 38) registered with world 'ThirdPersonExampleMap'.
[2026.01.07-15.21.34:816][  7]LogLoad: Game class is 'ThirdPersonGameMode_C'
[2026.01.07-15.21.34:822][  7]LogWorld: Bringing World /Game/ThirdPersonBP/Maps/UEDPIE_0_ThirdPersonExampleMap.ThirdPersonExampleMap up for play (max tick rate 0) at 2026.01.07-16.21.34
[2026.01.07-15.21.34:823][  7]LogWorld: Bringing up level for play took: 0.006747
[2026.01.07-15.21.34:823][  7]LogOnline: OSS: Creating online subsystem instance for: :Context_49
[2026.01.07-15.21.34:825][  7]PIE: Server logged in
[2026.01.07-15.21.34:826][  7]PIE: Play in editor total start time 0,153 seconds.
[2026.01.07-15.21.39:711][580]LogSlate: Updating window title bar state: overlay mode, drag disabled, window buttons hidden, title bar hidden
[2026.01.07-15.21.39:711][580]LogWorld: BeginTearingDown for /Game/ThirdPersonBP/Maps/UEDPIE_0_ThirdPersonExampleMap
[2026.01.07-15.21.39:711][580]LogWorld: UWorld::CleanupWorld for ThirdPersonExampleMap, bSessionEnded=true, bCleanupResources=true
[2026.01.07-15.21.39:712][580]LogSlate: InvalidateAllWidgets triggered.  All widgets were invalidated
[2026.01.07-15.21.39:723][580]LogPlayLevel: Display: Shutting down PIE online subsystems
[2026.01.07-15.21.39:730][580]LogSlate: InvalidateAllWidgets triggered.  All widgets were invalidated
[2026.01.07-15.21.39:747][580]LogSlate: Updating window title bar state: overlay mode, drag disabled, window buttons hidden, title bar hidden
[2026.01.07-15.21.39:748][580]LogAudioMixer: FMixerPlatformXAudio2::StopAudioStream() called
[2026.01.07-15.21.39:748][580]LogAudioMixer: FMixerPlatformXAudio2::StopAudioStream() called
[2026.01.07-15.21.39:754][580]LogUObjectHash: Compacting FUObjectHashTables data took   1.24ms
[2026.01.07-15.21.39:790][582]LogPlayLevel: Display: Destroying online subsystem :Context_49
[2026.01.07-15.21.49:234][575]Cmd: OBJ SAVEPACKAGE PACKAGE="/Game/bluprinty/enemy01" FILE="D:/rejp/ripositor/ligma_3rd_person/Content/bluprinty/enemy01.uasset" SILENT=true
[2026.01.07-15.21.49:257][575]LogSavePackage: Moving 'D:/rejp/ripositor/ligma_3rd_person/Saved/enemy01F719332F411B611B33008C8FC51842EA.tmp' to 'D:/rejp/ripositor/ligma_3rd_person/Content/bluprinty/enemy01.uasset'
[2026.01.07-15.21.49:265][575]AssetCheck: New page: Asset Save: enemy01
[2026.01.07-15.21.49:265][575]LogContentValidation: Display: Validating Blueprint /Game/bluprinty/enemy01.enemy01
[2026.01.07-15.21.49:991][660]Cmd: OBJ SAVEPACKAGE PACKAGE="/Game/bluprinty/enemy01" FILE="D:/rejp/ripositor/ligma_3rd_person/Content/bluprinty/enemy01.uasset" SILENT=true
[2026.01.07-15.21.50:001][660]LogSavePackage: Moving 'D:/rejp/ripositor/ligma_3rd_person/Saved/enemy01A166DE8A44EEF1877DE6A5992D0EB5C3.tmp' to 'D:/rejp/ripositor/ligma_3rd_person/Content/bluprinty/enemy01.uasset'
[2026.01.07-15.21.50:010][660]AssetCheck: New page: Asset Save: enemy01
[2026.01.07-15.21.50:010][660]LogContentValidation: Display: Validating Blueprint /Game/bluprinty/enemy01.enemy01
[2026.01.07-15.21.50:624][733]LogTemp: Repeating last play command: Selected Viewport
[2026.01.07-15.21.50:630][733]BlueprintLog: New page: Pre-Play auto-recompile
[2026.01.07-15.21.50:631][733]LogPlayLevel: [PlayLevel] Compiling enemy01 before play...
[2026.01.07-15.21.50:669][733]LogUObjectHash: Compacting FUObjectHashTables data took   1.31ms
[2026.01.07-15.21.50:671][733]LogPlayLevel: PlayLevel: Blueprint regeneration took 40 ms (1 blueprints)
[2026.01.07-15.21.50:671][733]PIE: New page: PIE session: ThirdPersonExampleMap (7 sty 2026, 17:21:50)
[2026.01.07-15.21.50:671][733]LogPlayLevel: Creating play world package: /Game/ThirdPersonBP/Maps/UEDPIE_0_ThirdPersonExampleMap
[2026.01.07-15.21.50:748][733]LogPlayLevel: PIE: StaticDuplicateObject took: (0.076914s)
[2026.01.07-15.21.50:748][733]LogAIModule: Creating AISystem for world ThirdPersonExampleMap
[2026.01.07-15.21.50:749][733]LogPlayLevel: PIE: World Init took: (0.000768s)
[2026.01.07-15.21.50:749][733]LogPlayLevel: PIE: Created PIE world by copying editor world from /Game/ThirdPersonBP/Maps/ThirdPersonExampleMap.ThirdPersonExampleMap to /Game/ThirdPersonBP/Maps/UEDPIE_0_ThirdPersonExampleMap.ThirdPersonExampleMap (0.077783s)
[2026.01.07-15.21.50:763][733]LogUObjectHash: Compacting FUObjectHashTables data took   1.19ms
[2026.01.07-15.21.50:764][733]LogAudio: Display: Creating Audio Device:                 Id: 39, Scope: Unique, Realtime: True
[2026.01.07-15.21.50:764][733]LogAudioMixer: Display: Audio Mixer Platform Settings:
[2026.01.07-15.21.50:764][733]LogAudioMixer: Display: 	Sample Rate:						  48000
[2026.01.07-15.21.50:764][733]LogAudioMixer: Display: 	Callback Buffer Frame Size Requested: 1024
[2026.01.07-15.21.50:764][733]LogAudioMixer: Display: 	Callback Buffer Frame Size To Use:	  1024
[2026.01.07-15.21.50:764][733]LogAudioMixer: Display: 	Number of buffers to queue:			  2
[2026.01.07-15.21.50:764][733]LogAudioMixer: Display: 	Max Channels (voices):				  32
[2026.01.07-15.21.50:764][733]LogAudioMixer: Display: 	Number of Async Source Workers:		  0
[2026.01.07-15.21.50:764][733]LogAudio: Display: AudioDevice MaxSources: 32
[2026.01.07-15.21.50:764][733]LogAudio: Display: Audio Spatialization Plugin: None (built-in).
[2026.01.07-15.21.50:764][733]LogAudio: Display: Audio Reverb Plugin: None (built-in).
[2026.01.07-15.21.50:764][733]LogAudio: Display: Audio Occlusion Plugin: None (built-in).
[2026.01.07-15.21.50:764][733]LogAudioMixer: Display: Initializing audio mixer.
[2026.01.07-15.21.50:767][733]LogAudioMixer: Display: 0: FrontLeft
[2026.01.07-15.21.50:767][733]LogAudioMixer: Display: 1: FrontRight
[2026.01.07-15.21.50:772][733]LogAudioMixer: Display: Using Audio Device VG248 (3 — NVIDIA High Definition Audio)
[2026.01.07-15.21.50:772][733]LogAudioMixer: Display: Initializing Sound Submixes...
[2026.01.07-15.21.50:772][733]LogAudioMixer: Display: Creating Master Submix 'MasterSubmixDefault'
[2026.01.07-15.21.50:772][733]LogAudioMixer: Display: Creating Master Submix 'MasterReverbSubmixDefault'
[2026.01.07-15.21.50:773][733]LogAudioMixer: Display: Creating Master Submix 'MasterEQSubmixDefault'
[2026.01.07-15.21.50:773][733]LogAudioMixer: FMixerPlatformXAudio2::StartAudioStream() called
[2026.01.07-15.21.50:773][733]LogAudioMixer: Display: Output buffers initialized: Frames=1024, Channels=2, Samples=2048
[2026.01.07-15.21.50:773][733]LogAudioMixer: Display: Starting AudioMixerPlatformInterface::RunInternal()
[2026.01.07-15.21.50:773][733]LogAudioMixer: Display: FMixerPlatformXAudio2::SubmitBuffer() called for the first time
[2026.01.07-15.21.50:773][733]LogInit: FAudioDevice initialized.
[2026.01.07-15.21.50:773][733]LogAudio: Display: Audio Device (ID: 39) registered with world 'ThirdPersonExampleMap'.
[2026.01.07-15.21.50:810][733]LogSlate: Updating window title bar state: overlay mode, drag disabled, window buttons hidden, title bar hidden
[2026.01.07-15.21.50:810][733]LogLoad: Game class is 'ThirdPersonGameMode_C'
[2026.01.07-15.21.50:822][733]LogWorld: Bringing World /Game/ThirdPersonBP/Maps/UEDPIE_0_ThirdPersonExampleMap.ThirdPersonExampleMap up for play (max tick rate 0) at 2026.01.07-16.21.50
[2026.01.07-15.21.50:822][733]LogWorld: Bringing up level for play took: 0.010495
[2026.01.07-15.21.50:823][733]LogOnline: OSS: Creating online subsystem instance for: :Context_50
[2026.01.07-15.21.50:826][733]PIE: Server logged in
[2026.01.07-15.21.50:827][733]PIE: Play in editor total start time 0,197 seconds.
[2026.01.07-15.21.55:830][323]LogSlate: Updating window title bar state: overlay mode, drag disabled, window buttons hidden, title bar hidden
[2026.01.07-15.21.55:830][323]LogWorld: BeginTearingDown for /Game/ThirdPersonBP/Maps/UEDPIE_0_ThirdPersonExampleMap
[2026.01.07-15.21.55:831][323]LogSlate: Window 'ligma_3rd_person Preview [NetMode: Standalone]  (64-bit/Windows) ' being destroyed
[2026.01.07-15.21.55:833][323]LogWorld: UWorld::CleanupWorld for ThirdPersonExampleMap, bSessionEnded=true, bCleanupResources=true
[2026.01.07-15.21.55:835][323]LogSlate: InvalidateAllWidgets triggered.  All widgets were invalidated
[2026.01.07-15.21.55:844][323]LogPlayLevel: Display: Shutting down PIE online subsystems
[2026.01.07-15.21.55:851][323]LogSlate: InvalidateAllWidgets triggered.  All widgets were invalidated
[2026.01.07-15.21.55:868][323]LogAudioMixer: FMixerPlatformXAudio2::StopAudioStream() called
[2026.01.07-15.21.55:868][323]LogAudioMixer: FMixerPlatformXAudio2::StopAudioStream() called
[2026.01.07-15.21.55:875][323]LogUObjectHash: Compacting FUObjectHashTables data took   1.24ms
[2026.01.07-15.21.55:906][325]LogPlayLevel: Display: Destroying online subsystem :Context_50
[2026.01.07-15.22.00:829][839]LogUObjectHash: Compacting FUObjectHashTables data took   1.11ms
[2026.01.07-15.22.00:860][839]LogUObjectHash: Compacting FUObjectHashTables data took   0.39ms
[2026.01.07-15.22.01:316][839]LogSavePackage: Moving 'D:/rejp/ripositor/ligma_3rd_person/Saved/ThirdPersonExampleMap43933E324539A767D7B7989CCAD46F93.tmp' to 'D:/rejp/ripositor/ligma_3rd_person/Content/ThirdPersonBP/Maps/ThirdPersonExampleMap.umap'
[2026.01.07-15.22.01:338][839]LogFileHelpers: Saving map 'ThirdPersonExampleMap' took 0.497
[2026.01.07-15.22.01:343][839]AssetCheck: New page: Asset Save: ThirdPersonExampleMap
[2026.01.07-15.22.01:343][839]LogContentValidation: Display: Validating World /Game/ThirdPersonBP/Maps/ThirdPersonExampleMap.ThirdPersonExampleMap
[2026.01.07-15.22.12:432][375]LogSlate: Window 'Pick Parent Class' being destroyed
[2026.01.07-15.22.12:443][375]LogContentBrowser: Deferred new asset file creation: NewBlueprint
[2026.01.07-15.22.12:451][375]LogContentBrowser: Creating deferred item: NewBlueprint
[2026.01.07-15.22.13:130][434]LogContentBrowser: Attempting asset rename: NewBlueprint -> NewBlueprint
[2026.01.07-15.22.13:133][434]LogContentBrowser: End creating deferred item NewBlueprint
[2026.01.07-15.22.13:791][509]LogAssetEditorSubsystem: Opening Asset editor for Blueprint /Game/bluprinty/NewBlueprint.NewBlueprint
[2026.01.07-15.22.36:928][867]Cmd: OBJ SAVEPACKAGE PACKAGE="/Game/bluprinty/NewBlueprint" FILE="D:/rejp/ripositor/ligma_3rd_person/Content/bluprinty/NewBlueprint.uasset" SILENT=true
[2026.01.07-15.22.36:938][867]LogSavePackage: Moving 'D:/rejp/ripositor/ligma_3rd_person/Saved/NewBlueprint5464FA0A4F27542869D40BB43131AFF3.tmp' to 'D:/rejp/ripositor/ligma_3rd_person/Content/bluprinty/NewBlueprint.uasset'
[2026.01.07-15.22.36:949][867]AssetCheck: New page: Asset Save: NewBlueprint
[2026.01.07-15.22.36:949][867]LogContentValidation: Display: Validating Blueprint /Game/bluprinty/NewBlueprint.NewBlueprint
[2026.01.07-15.22.37:862][973]BlueprintLog: New page: Compile NewBlueprint
[2026.01.07-15.22.37:891][973]LogUObjectHash: Compacting FUObjectHashTables data took   1.72ms
[2026.01.07-15.22.38:681][ 47]LogUObjectHash: Compacting FUObjectHashTables data took   1.39ms
[2026.01.07-15.22.49:614][105]LogTemp: Repeating last play command: Selected Viewport
[2026.01.07-15.22.49:623][105]LogPlayLevel: PlayLevel: No blueprints needed recompiling
[2026.01.07-15.22.49:623][105]PIE: New page: PIE session: ThirdPersonExampleMap (7 sty 2026, 17:22:49)
[2026.01.07-15.22.49:623][105]LogPlayLevel: Creating play world package: /Game/ThirdPersonBP/Maps/UEDPIE_0_ThirdPersonExampleMap
[2026.01.07-15.22.49:701][105]LogPlayLevel: PIE: StaticDuplicateObject took: (0.077978s)
[2026.01.07-15.22.49:702][105]LogAIModule: Creating AISystem for world ThirdPersonExampleMap
[2026.01.07-15.22.49:702][105]LogPlayLevel: PIE: World Init took: (0.000805s)
[2026.01.07-15.22.49:702][105]LogPlayLevel: PIE: Created PIE world by copying editor world from /Game/ThirdPersonBP/Maps/ThirdPersonExampleMap.ThirdPersonExampleMap to /Game/ThirdPersonBP/Maps/UEDPIE_0_ThirdPersonExampleMap.ThirdPersonExampleMap (0.078884s)
[2026.01.07-15.22.49:719][105]LogUObjectHash: Compacting FUObjectHashTables data took   1.22ms
[2026.01.07-15.22.49:719][105]LogAudio: Display: Creating Audio Device:                 Id: 40, Scope: Unique, Realtime: True
[2026.01.07-15.22.49:719][105]LogAudioMixer: Display: Audio Mixer Platform Settings:
[2026.01.07-15.22.49:719][105]LogAudioMixer: Display: 	Sample Rate:						  48000
[2026.01.07-15.22.49:719][105]LogAudioMixer: Display: 	Callback Buffer Frame Size Requested: 1024
[2026.01.07-15.22.49:719][105]LogAudioMixer: Display: 	Callback Buffer Frame Size To Use:	  1024
[2026.01.07-15.22.49:719][105]LogAudioMixer: Display: 	Number of buffers to queue:			  2
[2026.01.07-15.22.49:719][105]LogAudioMixer: Display: 	Max Channels (voices):				  32
[2026.01.07-15.22.49:719][105]LogAudioMixer: Display: 	Number of Async Source Workers:		  0
[2026.01.07-15.22.49:719][105]LogAudio: Display: AudioDevice MaxSources: 32
[2026.01.07-15.22.49:720][105]LogAudio: Display: Audio Spatialization Plugin: None (built-in).
[2026.01.07-15.22.49:720][105]LogAudio: Display: Audio Reverb Plugin: None (built-in).
[2026.01.07-15.22.49:720][105]LogAudio: Display: Audio Occlusion Plugin: None (built-in).
[2026.01.07-15.22.49:720][105]LogAudioMixer: Display: Initializing audio mixer.
[2026.01.07-15.22.49:722][105]LogAudioMixer: Display: 0: FrontLeft
[2026.01.07-15.22.49:722][105]LogAudioMixer: Display: 1: FrontRight
[2026.01.07-15.22.49:728][105]LogAudioMixer: Display: Using Audio Device VG248 (3 — NVIDIA High Definition Audio)
[2026.01.07-15.22.49:728][105]LogAudioMixer: Display: Initializing Sound Submixes...
[2026.01.07-15.22.49:728][105]LogAudioMixer: Display: Creating Master Submix 'MasterSubmixDefault'
[2026.01.07-15.22.49:728][105]LogAudioMixer: Display: Creating Master Submix 'MasterReverbSubmixDefault'
[2026.01.07-15.22.49:729][105]LogAudioMixer: Display: Creating Master Submix 'MasterEQSubmixDefault'
[2026.01.07-15.22.49:729][105]LogAudioMixer: FMixerPlatformXAudio2::StartAudioStream() called
[2026.01.07-15.22.49:729][105]LogAudioMixer: Display: Output buffers initialized: Frames=1024, Channels=2, Samples=2048
[2026.01.07-15.22.49:729][105]LogAudioMixer: Display: Starting AudioMixerPlatformInterface::RunInternal()
[2026.01.07-15.22.49:729][105]LogAudioMixer: Display: FMixerPlatformXAudio2::SubmitBuffer() called for the first time
[2026.01.07-15.22.49:729][105]LogInit: FAudioDevice initialized.
[2026.01.07-15.22.49:729][105]LogAudio: Display: Audio Device (ID: 40) registered with world 'ThirdPersonExampleMap'.
[2026.01.07-15.22.49:736][105]LogLoad: Game class is 'ThirdPersonGameMode_C'
[2026.01.07-15.22.49:743][105]LogWorld: Bringing World /Game/ThirdPersonBP/Maps/UEDPIE_0_ThirdPersonExampleMap.ThirdPersonExampleMap up for play (max tick rate 0) at 2026.01.07-16.22.49
[2026.01.07-15.22.49:743][105]LogWorld: Bringing up level for play took: 0.007255
[2026.01.07-15.22.49:743][105]LogOnline: OSS: Creating online subsystem instance for: :Context_53
[2026.01.07-15.22.49:745][105]PIE: Server logged in
[2026.01.07-15.22.49:746][105]PIE: Play in editor total start time 0,125 seconds.
[2026.01.07-15.22.53:641][561]LogSlate: Updating window title bar state: overlay mode, drag disabled, window buttons hidden, title bar hidden
[2026.01.07-15.22.53:641][561]LogWorld: BeginTearingDown for /Game/ThirdPersonBP/Maps/UEDPIE_0_ThirdPersonExampleMap
[2026.01.07-15.22.53:641][561]LogWorld: UWorld::CleanupWorld for ThirdPersonExampleMap, bSessionEnded=true, bCleanupResources=true
[2026.01.07-15.22.53:642][561]LogSlate: InvalidateAllWidgets triggered.  All widgets were invalidated
[2026.01.07-15.22.53:651][561]LogPlayLevel: Display: Shutting down PIE online subsystems
[2026.01.07-15.22.53:674][561]LogSlate: InvalidateAllWidgets triggered.  All widgets were invalidated
[2026.01.07-15.22.53:690][561]LogAudio: Display: Audio Device unregistered from world 'None'.
[2026.01.07-15.22.53:690][561]LogAudioMixer: FMixerPlatformXAudio2::StopAudioStream() called
[2026.01.07-15.22.53:691][561]LogAudioMixer: FMixerPlatformXAudio2::StopAudioStream() called
[2026.01.07-15.22.53:692][561]LogSlate: Updating window title bar state: overlay mode, drag disabled, window buttons hidden, title bar hidden
[2026.01.07-15.22.53:695][561]LogUObjectHash: Compacting FUObjectHashTables data took   1.24ms
[2026.01.07-15.22.53:718][562]LogPlayLevel: Display: Destroying online subsystem :Context_53
[2026.01.07-15.23.13:252][483]LogTemp: Repeating last play command: Selected Viewport
[2026.01.07-15.23.13:259][483]LogPlayLevel: PlayLevel: No blueprints needed recompiling
[2026.01.07-15.23.13:259][483]PIE: New page: PIE session: ThirdPersonExampleMap (7 sty 2026, 17:23:13)
[2026.01.07-15.23.13:279][483]LogPlayLevel: Creating play world package: /Game/ThirdPersonBP/Maps/UEDPIE_0_ThirdPersonExampleMap
[2026.01.07-15.23.13:356][483]LogPlayLevel: PIE: StaticDuplicateObject took: (0.077549s)
[2026.01.07-15.23.13:357][483]LogAIModule: Creating AISystem for world ThirdPersonExampleMap
[2026.01.07-15.23.13:357][483]LogPlayLevel: PIE: World Init took: (0.000768s)
[2026.01.07-15.23.13:357][483]LogPlayLevel: PIE: Created PIE world by copying editor world from /Game/ThirdPersonBP/Maps/ThirdPersonExampleMap.ThirdPersonExampleMap to /Game/ThirdPersonBP/Maps/UEDPIE_0_ThirdPersonExampleMap.ThirdPersonExampleMap (0.078434s)
[2026.01.07-15.23.13:373][483]LogUObjectHash: Compacting FUObjectHashTables data took   1.15ms
[2026.01.07-15.23.13:373][483]LogAudio: Display: Creating Audio Device:                 Id: 41, Scope: Unique, Realtime: True
[2026.01.07-15.23.13:373][483]LogAudioMixer: Display: Audio Mixer Platform Settings:
[2026.01.07-15.23.13:373][483]LogAudioMixer: Display: 	Sample Rate:						  48000
[2026.01.07-15.23.13:373][483]LogAudioMixer: Display: 	Callback Buffer Frame Size Requested: 1024
[2026.01.07-15.23.13:373][483]LogAudioMixer: Display: 	Callback Buffer Frame Size To Use:	  1024
[2026.01.07-15.23.13:373][483]LogAudioMixer: Display: 	Number of buffers to queue:			  2
[2026.01.07-15.23.13:373][483]LogAudioMixer: Display: 	Max Channels (voices):				  32
[2026.01.07-15.23.13:373][483]LogAudioMixer: Display: 	Number of Async Source Workers:		  0
[2026.01.07-15.23.13:373][483]LogAudio: Display: AudioDevice MaxSources: 32
[2026.01.07-15.23.13:374][483]LogAudio: Display: Audio Spatialization Plugin: None (built-in).
[2026.01.07-15.23.13:374][483]LogAudio: Display: Audio Reverb Plugin: None (built-in).
[2026.01.07-15.23.13:374][483]LogAudio: Display: Audio Occlusion Plugin: None (built-in).
[2026.01.07-15.23.13:374][483]LogAudioMixer: Display: Initializing audio mixer.
[2026.01.07-15.23.13:376][483]LogAudioMixer: Display: 0: FrontLeft
[2026.01.07-15.23.13:376][483]LogAudioMixer: Display: 1: FrontRight
[2026.01.07-15.23.13:382][483]LogAudioMixer: Display: Using Audio Device VG248 (3 — NVIDIA High Definition Audio)
[2026.01.07-15.23.13:382][483]LogAudioMixer: Display: Initializing Sound Submixes...
[2026.01.07-15.23.13:382][483]LogAudioMixer: Display: Creating Master Submix 'MasterSubmixDefault'
[2026.01.07-15.23.13:382][483]LogAudioMixer: Display: Creating Master Submix 'MasterReverbSubmixDefault'
[2026.01.07-15.23.13:383][483]LogAudioMixer: Display: Creating Master Submix 'MasterEQSubmixDefault'
[2026.01.07-15.23.13:383][483]LogAudioMixer: FMixerPlatformXAudio2::StartAudioStream() called
[2026.01.07-15.23.13:383][483]LogAudioMixer: Display: Output buffers initialized: Frames=1024, Channels=2, Samples=2048
[2026.01.07-15.23.13:383][483]LogAudioMixer: Display: Starting AudioMixerPlatformInterface::RunInternal()
[2026.01.07-15.23.13:383][483]LogAudioMixer: Display: FMixerPlatformXAudio2::SubmitBuffer() called for the first time
[2026.01.07-15.23.13:383][483]LogInit: FAudioDevice initialized.
[2026.01.07-15.23.13:383][483]LogAudio: Display: Audio Device (ID: 41) registered with world 'ThirdPersonExampleMap'.
[2026.01.07-15.23.13:391][483]LogLoad: Game class is 'ThirdPersonGameMode_C'
[2026.01.07-15.23.13:397][483]LogWorld: Bringing World /Game/ThirdPersonBP/Maps/UEDPIE_0_ThirdPersonExampleMap.ThirdPersonExampleMap up for play (max tick rate 0) at 2026.01.07-16.23.13
[2026.01.07-15.23.13:397][483]LogWorld: Bringing up level for play took: 0.006189
[2026.01.07-15.23.13:397][483]LogOnline: OSS: Creating online subsystem instance for: :Context_54
[2026.01.07-15.23.13:399][483]PIE: Server logged in
[2026.01.07-15.23.13:400][483]PIE: Play in editor total start time 0,142 seconds.
[2026.01.07-15.23.16:049][784]LogSlate: Updating window title bar state: overlay mode, drag disabled, window buttons hidden, title bar hidden
[2026.01.07-15.23.16:049][784]LogWorld: BeginTearingDown for /Game/ThirdPersonBP/Maps/UEDPIE_0_ThirdPersonExampleMap
[2026.01.07-15.23.16:050][784]LogWorld: UWorld::CleanupWorld for ThirdPersonExampleMap, bSessionEnded=true, bCleanupResources=true
[2026.01.07-15.23.16:051][784]LogSlate: InvalidateAllWidgets triggered.  All widgets were invalidated
[2026.01.07-15.23.16:063][784]LogPlayLevel: Display: Shutting down PIE online subsystems
[2026.01.07-15.23.16:086][784]LogSlate: InvalidateAllWidgets triggered.  All widgets were invalidated
[2026.01.07-15.23.16:101][784]LogSlate: Updating window title bar state: overlay mode, drag disabled, window buttons hidden, title bar hidden
[2026.01.07-15.23.16:101][784]LogAudioMixer: FMixerPlatformXAudio2::StopAudioStream() called
[2026.01.07-15.23.16:102][784]LogAudioMixer: FMixerPlatformXAudio2::StopAudioStream() called
[2026.01.07-15.23.16:107][784]LogUObjectHash: Compacting FUObjectHashTables data took   1.24ms
[2026.01.07-15.23.16:134][785]LogPlayLevel: Display: Destroying online subsystem :Context_54
[2026.01.07-15.23.42:751][743]LogEditorViewport: Clicking on Actor (LMB): TriggerBox (TriggerBox2)
[2026.01.07-15.24.09:651][630]LogSlate: Window 'Pick Parent Class' being destroyed
[2026.01.07-15.24.09:655][630]LogContentBrowser: Deferred new asset file creation: NewBlueprint1
[2026.01.07-15.24.09:663][630]LogContentBrowser: Creating deferred item: NewBlueprint1
[2026.01.07-15.24.13:750][113]LogContentBrowser: Attempting asset rename: NewBlueprint1 -> TRIGGER01
[2026.01.07-15.24.13:752][113]LogContentBrowser: End creating deferred item NewBlueprint1
[2026.01.07-15.24.15:057][258]LogAssetEditorSubsystem: Opening Asset editor for Blueprint /Game/bluprinty/TRIGGER01.TRIGGER01
[2026.01.07-15.25.07:762][818]Cmd: CAMERA ALIGN ACTIVEVIEWPORTONLY
[2026.01.07-15.25.16:510][801]LogEditorViewport: Clicking on Actor (LMB): Brush (Box Brush96)
[2026.01.07-15.25.20:017][ 97]LogEditorViewport: Clicking on Actor (LMB): PointLight (PointLight)
[2026.01.07-15.25.23:850][546]Cmd: CAMERA ALIGN ACTIVEVIEWPORTONLY
[2026.01.07-15.25.32:103][521]Cmd: CAMERA ALIGN ACTIVEVIEWPORTONLY
[2026.01.07-15.25.43:774][832]LogUObjectHash: Compacting FUObjectHashTables data took   1.67ms
[2026.01.07-15.25.44:191][832]LogSavePackage: Moving 'D:/rejp/ripositor/ligma_3rd_person/Saved/ThirdPersonExampleMap2CE0C4D34F3399E1E3202297C34AC85D.tmp' to 'D:/rejp/ripositor/ligma_3rd_person/Content/ThirdPersonBP/Maps/ThirdPersonExampleMap.umap'
[2026.01.07-15.25.44:370][832]LogSavePackage: Moving 'D:/rejp/ripositor/ligma_3rd_person/Saved/ThirdPersonExampleMap_BuiltData25FBADDB43774A61A89924A4F6973E3B.tmp' to 'D:/rejp/ripositor/ligma_3rd_person/Content/ThirdPersonBP/Maps/ThirdPersonExampleMap_BuiltData.uasset'
[2026.01.07-15.25.44:383][832]AssetCheck: New page: Asset Save: multiple assets
[2026.01.07-15.25.44:383][832]LogContentValidation: Display: Validating MapBuildDataRegistry /Game/ThirdPersonBP/Maps/ThirdPersonExampleMap_BuiltData.ThirdPersonExampleMap_BuiltData
[2026.01.07-15.25.44:383][832]LogContentValidation: Display: Validating World /Game/ThirdPersonBP/Maps/ThirdPersonExampleMap.ThirdPersonExampleMap
[2026.01.07-15.25.52:962][703]LogEditorViewport: Clicking on Actor (LMB): PointLight (PointLight)
[2026.01.07-15.25.53:895][812]Cmd: DELETE
[2026.01.07-15.25.53:895][812]Cmd: ACTOR DELETE
[2026.01.07-15.25.56:434][812]LogSlate: Window 'Message' being destroyed
[2026.01.07-15.25.56:438][812]Message dialog closed, result: No, title: Message, text: Actor PointLight is referenced by the level blueprint.
Do you really want to delete it? This will break references.

Reference List:

PointLight
[2026.01.07-15.25.56:457][812]LogUObjectHash: Compacting FUObjectHashTables data took   1.33ms
[2026.01.07-15.25.56:459][812]LogEditorActor: Deleted 0 Actors (0.035 secs)
[2026.01.07-15.25.58:689][ 60]Cmd: TRANSACTION UNDO
[2026.01.07-15.25.58:689][ 60]LogEditorTransaction: Undo Move Actors
[2026.01.07-15.25.59:189][ 73]Cmd: TRANSACTION UNDO
[2026.01.07-15.25.59:189][ 73]LogEditorTransaction: Undo Clicking on Actors
[2026.01.07-15.25.59:480][ 74]Cmd: TRANSACTION UNDO
[2026.01.07-15.25.59:480][ 74]LogEditorTransaction: Undo Select Brush Surface
[2026.01.07-15.26.26:480][945]LogSlate: Window 'Color Picker' being destroyed
[2026.01.07-15.26.42:002][562]BlueprintLog: New page: Compile TRIGGER01
[2026.01.07-15.26.42:034][562]LogUObjectHash: Compacting FUObjectHashTables data took   1.77ms
[2026.01.07-15.26.42:703][618]Cmd: OBJ SAVEPACKAGE PACKAGE="/Game/bluprinty/TRIGGER01" FILE="D:/rejp/ripositor/ligma_3rd_person/Content/bluprinty/TRIGGER01.uasset" SILENT=true
[2026.01.07-15.26.42:712][618]LogSavePackage: Moving 'D:/rejp/ripositor/ligma_3rd_person/Saved/TRIGGER016908500C4FDFC1124F38DC8D3F0126E2.tmp' to 'D:/rejp/ripositor/ligma_3rd_person/Content/bluprinty/TRIGGER01.uasset'
[2026.01.07-15.26.42:722][618]AssetCheck: New page: Asset Save: TRIGGER01
[2026.01.07-15.26.42:722][618]LogContentValidation: Display: Validating Blueprint /Game/bluprinty/TRIGGER01.TRIGGER01
[2026.01.07-15.26.43:238][675]LogUObjectHash: Compacting FUObjectHashTables data took   1.37ms
[2026.01.07-15.26.43:275][675]LogUObjectHash: Compacting FUObjectHashTables data took   0.37ms
[2026.01.07-15.26.43:659][675]LogSavePackage: Moving 'D:/rejp/ripositor/ligma_3rd_person/Saved/ThirdPersonExampleMap545511F644DB2C30D0BD5AA2683F21EE.tmp' to 'D:/rejp/ripositor/ligma_3rd_person/Content/ThirdPersonBP/Maps/ThirdPersonExampleMap.umap'
[2026.01.07-15.26.43:684][675]LogFileHelpers: Saving map 'ThirdPersonExampleMap' took 0.430
[2026.01.07-15.26.43:691][675]AssetCheck: New page: Asset Save: ThirdPersonExampleMap
[2026.01.07-15.26.43:691][675]LogContentValidation: Display: Validating World /Game/ThirdPersonBP/Maps/ThirdPersonExampleMap.ThirdPersonExampleMap
[2026.01.07-15.26.55:417][937]LogEditorViewport: Clicking on Actor (LMB): ThirdPersonCharacter_C (ThirdPersonCharacter)
[2026.01.07-15.27.02:909][615]Cmd: CAMERA ALIGN ACTIVEVIEWPORTONLY
[2026.01.07-15.27.18:060][843]Cmd: CAMERA ALIGN ACTIVEVIEWPORTONLY
[2026.01.07-15.27.24:461][451]Cmd: CAMERA ALIGN ACTIVEVIEWPORTONLY
[2026.01.07-15.27.29:512][  2]LogTemp: Repeating last play command: Selected Viewport
[2026.01.07-15.27.29:527][  2]LogPlayLevel: PlayLevel: No blueprints needed recompiling
[2026.01.07-15.27.29:527][  2]PIE: New page: PIE session: ThirdPersonExampleMap (7 sty 2026, 17:27:29)
[2026.01.07-15.27.29:555][  2]LogPlayLevel: Creating play world package: /Game/ThirdPersonBP/Maps/UEDPIE_0_ThirdPersonExampleMap
[2026.01.07-15.27.29:634][  2]LogPlayLevel: PIE: StaticDuplicateObject took: (0.078769s)
[2026.01.07-15.27.29:635][  2]LogAIModule: Creating AISystem for world ThirdPersonExampleMap
[2026.01.07-15.27.29:635][  2]LogPlayLevel: PIE: World Init took: (0.000840s)
[2026.01.07-15.27.29:635][  2]LogPlayLevel: PIE: Created PIE world by copying editor world from /Game/ThirdPersonBP/Maps/ThirdPersonExampleMap.ThirdPersonExampleMap to /Game/ThirdPersonBP/Maps/UEDPIE_0_ThirdPersonExampleMap.ThirdPersonExampleMap (0.079738s)
[2026.01.07-15.27.29:656][  2]LogUObjectHash: Compacting FUObjectHashTables data took   1.23ms
[2026.01.07-15.27.29:657][  2]LogAudio: Display: Creating Audio Device:                 Id: 42, Scope: Unique, Realtime: True
[2026.01.07-15.27.29:657][  2]LogAudioMixer: Display: Audio Mixer Platform Settings:
[2026.01.07-15.27.29:657][  2]LogAudioMixer: Display: 	Sample Rate:						  48000
[2026.01.07-15.27.29:657][  2]LogAudioMixer: Display: 	Callback Buffer Frame Size Requested: 1024
[2026.01.07-15.27.29:657][  2]LogAudioMixer: Display: 	Callback Buffer Frame Size To Use:	  1024
[2026.01.07-15.27.29:657][  2]LogAudioMixer: Display: 	Number of buffers to queue:			  2
[2026.01.07-15.27.29:657][  2]LogAudioMixer: Display: 	Max Channels (voices):				  32
[2026.01.07-15.27.29:657][  2]LogAudioMixer: Display: 	Number of Async Source Workers:		  0
[2026.01.07-15.27.29:657][  2]LogAudio: Display: AudioDevice MaxSources: 32
[2026.01.07-15.27.29:657][  2]LogAudio: Display: Audio Spatialization Plugin: None (built-in).
[2026.01.07-15.27.29:657][  2]LogAudio: Display: Audio Reverb Plugin: None (built-in).
[2026.01.07-15.27.29:657][  2]LogAudio: Display: Audio Occlusion Plugin: None (built-in).
[2026.01.07-15.27.29:657][  2]LogAudioMixer: Display: Initializing audio mixer.
[2026.01.07-15.27.29:660][  2]LogAudioMixer: Display: 0: FrontLeft
[2026.01.07-15.27.29:660][  2]LogAudioMixer: Display: 1: FrontRight
[2026.01.07-15.27.29:666][  2]LogAudioMixer: Display: Using Audio Device VG248 (3 — NVIDIA High Definition Audio)
[2026.01.07-15.27.29:666][  2]LogAudioMixer: Display: Initializing Sound Submixes...
[2026.01.07-15.27.29:666][  2]LogAudioMixer: Display: Creating Master Submix 'MasterSubmixDefault'
[2026.01.07-15.27.29:666][  2]LogAudioMixer: Display: Creating Master Submix 'MasterReverbSubmixDefault'
[2026.01.07-15.27.29:666][  2]LogAudioMixer: Display: Creating Master Submix 'MasterEQSubmixDefault'
[2026.01.07-15.27.29:666][  2]LogAudioMixer: FMixerPlatformXAudio2::StartAudioStream() called
[2026.01.07-15.27.29:666][  2]LogAudioMixer: Display: Output buffers initialized: Frames=1024, Channels=2, Samples=2048
[2026.01.07-15.27.29:667][  2]LogAudioMixer: Display: Starting AudioMixerPlatformInterface::RunInternal()
[2026.01.07-15.27.29:667][  2]LogAudioMixer: Display: FMixerPlatformXAudio2::SubmitBuffer() called for the first time
[2026.01.07-15.27.29:667][  2]LogInit: FAudioDevice initialized.
[2026.01.07-15.27.29:667][  2]LogAudio: Display: Audio Device (ID: 42) registered with world 'ThirdPersonExampleMap'.
[2026.01.07-15.27.29:677][  2]LogLoad: Game class is 'ThirdPersonGameMode_C'
[2026.01.07-15.27.29:683][  2]LogWorld: Bringing World /Game/ThirdPersonBP/Maps/UEDPIE_0_ThirdPersonExampleMap.ThirdPersonExampleMap up for play (max tick rate 0) at 2026.01.07-16.27.29
[2026.01.07-15.27.29:684][  2]LogWorld: Bringing up level for play took: 0.005870
[2026.01.07-15.27.29:684][  2]LogOnline: OSS: Creating online subsystem instance for: :Context_56
[2026.01.07-15.27.29:686][  2]PIE: Server logged in
[2026.01.07-15.27.29:686][  2]PIE: Play in editor total start time 0,16 seconds.
[2026.01.07-15.27.36:627][820]LogSlate: Updating window title bar state: overlay mode, drag disabled, window buttons hidden, title bar hidden
[2026.01.07-15.27.36:627][820]LogWorld: BeginTearingDown for /Game/ThirdPersonBP/Maps/UEDPIE_0_ThirdPersonExampleMap
[2026.01.07-15.27.36:627][820]LogWorld: UWorld::CleanupWorld for ThirdPersonExampleMap, bSessionEnded=true, bCleanupResources=true
[2026.01.07-15.27.36:628][820]LogSlate: InvalidateAllWidgets triggered.  All widgets were invalidated
[2026.01.07-15.27.36:641][820]LogPlayLevel: Display: Shutting down PIE online subsystems
[2026.01.07-15.27.36:663][820]LogSlate: InvalidateAllWidgets triggered.  All widgets were invalidated
[2026.01.07-15.27.36:679][820]LogAudio: Display: Audio Device unregistered from world 'None'.
[2026.01.07-15.27.36:680][820]LogAudioMixer: FMixerPlatformXAudio2::StopAudioStream() called
[2026.01.07-15.27.36:681][820]LogAudioMixer: FMixerPlatformXAudio2::StopAudioStream() called
[2026.01.07-15.27.36:682][820]LogSlate: Updating window title bar state: overlay mode, drag disabled, window buttons hidden, title bar hidden
[2026.01.07-15.27.36:689][820]LogUObjectHash: Compacting FUObjectHashTables data took   1.18ms
[2026.01.07-15.27.36:726][821]LogPlayLevel: Display: Destroying online subsystem :Context_56
[2026.01.07-15.27.50:453][309]LogTemp: Repeating last play command: Selected Viewport
[2026.01.07-15.27.50:460][309]LogPlayLevel: PlayLevel: No blueprints needed recompiling
[2026.01.07-15.27.50:460][309]PIE: New page: PIE session: ThirdPersonExampleMap (7 sty 2026, 17:27:50)
[2026.01.07-15.27.50:505][309]LogPlayLevel: Creating play world package: /Game/ThirdPersonBP/Maps/UEDPIE_0_ThirdPersonExampleMap
[2026.01.07-15.27.50:584][309]LogPlayLevel: PIE: StaticDuplicateObject took: (0.079073s)
[2026.01.07-15.27.50:585][309]LogAIModule: Creating AISystem for world ThirdPersonExampleMap
[2026.01.07-15.27.50:585][309]LogPlayLevel: PIE: World Init took: (0.000778s)
[2026.01.07-15.27.50:585][309]LogPlayLevel: PIE: Created PIE world by copying editor world from /Game/ThirdPersonBP/Maps/ThirdPersonExampleMap.ThirdPersonExampleMap to /Game/ThirdPersonBP/Maps/UEDPIE_0_ThirdPersonExampleMap.ThirdPersonExampleMap (0.079987s)
[2026.01.07-15.27.50:602][309]LogUObjectHash: Compacting FUObjectHashTables data took   1.16ms
[2026.01.07-15.27.50:604][309]LogAudio: Display: Creating Audio Device:                 Id: 43, Scope: Unique, Realtime: True
[2026.01.07-15.27.50:604][309]LogAudioMixer: Display: Audio Mixer Platform Settings:
[2026.01.07-15.27.50:604][309]LogAudioMixer: Display: 	Sample Rate:						  48000
[2026.01.07-15.27.50:604][309]LogAudioMixer: Display: 	Callback Buffer Frame Size Requested: 1024
[2026.01.07-15.27.50:604][309]LogAudioMixer: Display: 	Callback Buffer Frame Size To Use:	  1024
[2026.01.07-15.27.50:604][309]LogAudioMixer: Display: 	Number of buffers to queue:			  2
[2026.01.07-15.27.50:604][309]LogAudioMixer: Display: 	Max Channels (voices):				  32
[2026.01.07-15.27.50:604][309]LogAudioMixer: Display: 	Number of Async Source Workers:		  0
[2026.01.07-15.27.50:604][309]LogAudio: Display: AudioDevice MaxSources: 32
[2026.01.07-15.27.50:604][309]LogAudio: Display: Audio Spatialization Plugin: None (built-in).
[2026.01.07-15.27.50:604][309]LogAudio: Display: Audio Reverb Plugin: None (built-in).
[2026.01.07-15.27.50:604][309]LogAudio: Display: Audio Occlusion Plugin: None (built-in).
[2026.01.07-15.27.50:604][309]LogAudioMixer: Display: Initializing audio mixer.
[2026.01.07-15.27.50:607][309]LogAudioMixer: Display: 0: FrontLeft
[2026.01.07-15.27.50:607][309]LogAudioMixer: Display: 1: FrontRight
[2026.01.07-15.27.50:612][309]LogAudioMixer: Display: Using Audio Device VG248 (3 — NVIDIA High Definition Audio)
[2026.01.07-15.27.50:612][309]LogAudioMixer: Display: Initializing Sound Submixes...
[2026.01.07-15.27.50:612][309]LogAudioMixer: Display: Creating Master Submix 'MasterSubmixDefault'
[2026.01.07-15.27.50:612][309]LogAudioMixer: Display: Creating Master Submix 'MasterReverbSubmixDefault'
[2026.01.07-15.27.50:613][309]LogAudioMixer: Display: Creating Master Submix 'MasterEQSubmixDefault'
[2026.01.07-15.27.50:613][309]LogAudioMixer: FMixerPlatformXAudio2::StartAudioStream() called
[2026.01.07-15.27.50:613][309]LogAudioMixer: Display: Output buffers initialized: Frames=1024, Channels=2, Samples=2048
[2026.01.07-15.27.50:613][309]LogAudioMixer: Display: Starting AudioMixerPlatformInterface::RunInternal()
[2026.01.07-15.27.50:613][309]LogAudioMixer: Display: FMixerPlatformXAudio2::SubmitBuffer() called for the first time
[2026.01.07-15.27.50:613][309]LogInit: FAudioDevice initialized.
[2026.01.07-15.27.50:613][309]LogAudio: Display: Audio Device (ID: 43) registered with world 'ThirdPersonExampleMap'.
[2026.01.07-15.27.50:621][309]LogLoad: Game class is 'ThirdPersonGameMode_C'
[2026.01.07-15.27.50:626][309]LogWorld: Bringing World /Game/ThirdPersonBP/Maps/UEDPIE_0_ThirdPersonExampleMap.ThirdPersonExampleMap up for play (max tick rate 0) at 2026.01.07-16.27.50
[2026.01.07-15.27.50:627][309]LogWorld: Bringing up level for play took: 0.005825
[2026.01.07-15.27.50:627][309]LogOnline: OSS: Creating online subsystem instance for: :Context_57
[2026.01.07-15.27.50:629][309]PIE: Server logged in
[2026.01.07-15.27.50:629][309]PIE: Play in editor total start time 0,17 seconds.
[2026.01.07-15.27.55:136][834]LogSlate: Updating window title bar state: overlay mode, drag disabled, window buttons hidden, title bar hidden
[2026.01.07-15.27.55:136][834]LogWorld: BeginTearingDown for /Game/ThirdPersonBP/Maps/UEDPIE_0_ThirdPersonExampleMap
[2026.01.07-15.27.55:137][834]LogWorld: UWorld::CleanupWorld for ThirdPersonExampleMap, bSessionEnded=true, bCleanupResources=true
[2026.01.07-15.27.55:137][834]LogSlate: InvalidateAllWidgets triggered.  All widgets were invalidated
[2026.01.07-15.27.55:145][834]LogPlayLevel: Display: Shutting down PIE online subsystems
[2026.01.07-15.27.55:166][834]LogSlate: InvalidateAllWidgets triggered.  All widgets were invalidated
[2026.01.07-15.27.55:183][834]LogAudio: Display: Audio Device unregistered from world 'None'.
[2026.01.07-15.27.55:183][834]LogAudioMixer: FMixerPlatformXAudio2::StopAudioStream() called
[2026.01.07-15.27.55:184][834]LogAudioMixer: FMixerPlatformXAudio2::StopAudioStream() called
[2026.01.07-15.27.55:185][834]LogSlate: Updating window title bar state: overlay mode, drag disabled, window buttons hidden, title bar hidden
[2026.01.07-15.27.55:192][834]LogUObjectHash: Compacting FUObjectHashTables data took   1.34ms
[2026.01.07-15.27.55:222][835]LogPlayLevel: Display: Destroying online subsystem :Context_57
[2026.01.07-15.27.57:210][ 20]LogEditorViewport: Clicking on Actor (LMB): TriggerBox (TriggerBox2)
[2026.01.07-15.28.01:178][416]Cmd: DELETE
[2026.01.07-15.28.01:178][416]Cmd: ACTOR DELETE
[2026.01.07-15.28.04:657][416]LogSlate: Window 'Message' being destroyed
[2026.01.07-15.28.04:665][416]Message dialog closed, result: No, title: Message, text: Actor TriggerBox2 is referenced by the level blueprint.
Do you really want to delete it? This will break references.

Reference List:

Actor Begin Overlap Signature  Delegate Signature
[2026.01.07-15.28.05:842][416]LogSlate: Window 'Message' being destroyed
[2026.01.07-15.28.05:845][416]Message dialog closed, result: Cancel, title: Message, text: Actor TriggerBox is referenced by the level blueprint.
Do you really want to delete it? This will break references.

Reference List:

Actor Begin Overlap Signature  Delegate Signature
[2026.01.07-15.28.05:865][416]LogUObjectHash: Compacting FUObjectHashTables data took   1.16ms
[2026.01.07-15.28.05:867][416]LogEditorActor: Deleted 0 Actors (0.045 secs)
[2026.01.07-15.28.13:734][289]Cmd: CAMERA ALIGN ACTIVEVIEWPORTONLY
[2026.01.07-15.28.18:735][843]LogTemp: Repeating last play command: Selected Viewport
[2026.01.07-15.28.18:744][843]LogPlayLevel: PlayLevel: No blueprints needed recompiling
[2026.01.07-15.28.18:744][843]PIE: New page: PIE session: ThirdPersonExampleMap (7 sty 2026, 17:28:18)
[2026.01.07-15.28.18:765][843]LogPlayLevel: Creating play world package: /Game/ThirdPersonBP/Maps/UEDPIE_0_ThirdPersonExampleMap
[2026.01.07-15.28.18:843][843]LogPlayLevel: PIE: StaticDuplicateObject took: (0.078125s)
[2026.01.07-15.28.18:844][843]LogAIModule: Creating AISystem for world ThirdPersonExampleMap
[2026.01.07-15.28.18:844][843]LogPlayLevel: PIE: World Init took: (0.000780s)
[2026.01.07-15.28.18:844][843]LogPlayLevel: PIE: Created PIE world by copying editor world from /Game/ThirdPersonBP/Maps/ThirdPersonExampleMap.ThirdPersonExampleMap to /Game/ThirdPersonBP/Maps/UEDPIE_0_ThirdPersonExampleMap.ThirdPersonExampleMap (0.079031s)
[2026.01.07-15.28.18:864][843]LogUObjectHash: Compacting FUObjectHashTables data took   1.22ms
[2026.01.07-15.28.18:866][843]LogAudio: Display: Creating Audio Device:                 Id: 44, Scope: Unique, Realtime: True
[2026.01.07-15.28.18:866][843]LogAudioMixer: Display: Audio Mixer Platform Settings:
[2026.01.07-15.28.18:866][843]LogAudioMixer: Display: 	Sample Rate:						  48000
[2026.01.07-15.28.18:866][843]LogAudioMixer: Display: 	Callback Buffer Frame Size Requested: 1024
[2026.01.07-15.28.18:866][843]LogAudioMixer: Display: 	Callback Buffer Frame Size To Use:	  1024
[2026.01.07-15.28.18:866][843]LogAudioMixer: Display: 	Number of buffers to queue:			  2
[2026.01.07-15.28.18:866][843]LogAudioMixer: Display: 	Max Channels (voices):				  32
[2026.01.07-15.28.18:866][843]LogAudioMixer: Display: 	Number of Async Source Workers:		  0
[2026.01.07-15.28.18:866][843]LogAudio: Display: AudioDevice MaxSources: 32
[2026.01.07-15.28.18:866][843]LogAudio: Display: Audio Spatialization Plugin: None (built-in).
[2026.01.07-15.28.18:866][843]LogAudio: Display: Audio Reverb Plugin: None (built-in).
[2026.01.07-15.28.18:866][843]LogAudio: Display: Audio Occlusion Plugin: None (built-in).
[2026.01.07-15.28.18:866][843]LogAudioMixer: Display: Initializing audio mixer.
[2026.01.07-15.28.18:869][843]LogAudioMixer: Display: 0: FrontLeft
[2026.01.07-15.28.18:869][843]LogAudioMixer: Display: 1: FrontRight
[2026.01.07-15.28.18:874][843]LogAudioMixer: Display: Using Audio Device VG248 (3 — NVIDIA High Definition Audio)
[2026.01.07-15.28.18:874][843]LogAudioMixer: Display: Initializing Sound Submixes...
[2026.01.07-15.28.18:874][843]LogAudioMixer: Display: Creating Master Submix 'MasterSubmixDefault'
[2026.01.07-15.28.18:874][843]LogAudioMixer: Display: Creating Master Submix 'MasterReverbSubmixDefault'
[2026.01.07-15.28.18:875][843]LogAudioMixer: Display: Creating Master Submix 'MasterEQSubmixDefault'
[2026.01.07-15.28.18:875][843]LogAudioMixer: FMixerPlatformXAudio2::StartAudioStream() called
[2026.01.07-15.28.18:875][843]LogAudioMixer: Display: Output buffers initialized: Frames=1024, Channels=2, Samples=2048
[2026.01.07-15.28.18:875][843]LogAudioMixer: Display: Starting AudioMixerPlatformInterface::RunInternal()
[2026.01.07-15.28.18:875][843]LogAudioMixer: Display: FMixerPlatformXAudio2::SubmitBuffer() called for the first time
[2026.01.07-15.28.18:875][843]LogInit: FAudioDevice initialized.
[2026.01.07-15.28.18:875][843]LogAudio: Display: Audio Device (ID: 44) registered with world 'ThirdPersonExampleMap'.
[2026.01.07-15.28.18:884][843]LogLoad: Game class is 'ThirdPersonGameMode_C'
[2026.01.07-15.28.18:890][843]LogWorld: Bringing World /Game/ThirdPersonBP/Maps/UEDPIE_0_ThirdPersonExampleMap.ThirdPersonExampleMap up for play (max tick rate 0) at 2026.01.07-16.28.18
[2026.01.07-15.28.18:891][843]LogWorld: Bringing up level for play took: 0.006073
[2026.01.07-15.28.18:891][843]LogOnline: OSS: Creating online subsystem instance for: :Context_58
[2026.01.07-15.28.18:893][843]PIE: Server logged in
[2026.01.07-15.28.18:893][843]PIE: Play in editor total start time 0,151 seconds.
[2026.01.07-15.28.24:467][502]LogSlate: Updating window title bar state: overlay mode, drag disabled, window buttons hidden, title bar hidden
[2026.01.07-15.28.24:467][502]LogWorld: BeginTearingDown for /Game/ThirdPersonBP/Maps/UEDPIE_0_ThirdPersonExampleMap
[2026.01.07-15.28.24:468][502]LogWorld: UWorld::CleanupWorld for ThirdPersonExampleMap, bSessionEnded=true, bCleanupResources=true
[2026.01.07-15.28.24:469][502]LogSlate: InvalidateAllWidgets triggered.  All widgets were invalidated
[2026.01.07-15.28.24:482][502]LogPlayLevel: Display: Shutting down PIE online subsystems
[2026.01.07-15.28.24:488][502]LogSlate: InvalidateAllWidgets triggered.  All widgets were invalidated
[2026.01.07-15.28.24:507][502]LogAudio: Display: Audio Device unregistered from world 'None'.
[2026.01.07-15.28.24:508][502]LogAudioMixer: FMixerPlatformXAudio2::StopAudioStream() called
[2026.01.07-15.28.24:509][502]LogAudioMixer: FMixerPlatformXAudio2::StopAudioStream() called
[2026.01.07-15.28.24:511][502]LogSlate: Updating window title bar state: overlay mode, drag disabled, window buttons hidden, title bar hidden
[2026.01.07-15.28.24:517][502]LogUObjectHash: Compacting FUObjectHashTables data took   1.18ms
[2026.01.07-15.28.24:541][503]LogPlayLevel: Display: Destroying online subsystem :Context_58
[2026.01.07-15.28.25:451][610]Cmd: CAMERA ALIGN ACTIVEVIEWPORTONLY
[2026.01.07-15.28.40:276][328]LogTemp: Repeating last play command: Selected Viewport
[2026.01.07-15.28.40:284][328]LogPlayLevel: PlayLevel: No blueprints needed recompiling
[2026.01.07-15.28.40:284][328]PIE: New page: PIE session: ThirdPersonExampleMap (7 sty 2026, 17:28:40)
[2026.01.07-15.28.40:315][328]LogPlayLevel: Creating play world package: /Game/ThirdPersonBP/Maps/UEDPIE_0_ThirdPersonExampleMap
[2026.01.07-15.28.40:394][328]LogPlayLevel: PIE: StaticDuplicateObject took: (0.078837s)
[2026.01.07-15.28.40:394][328]LogAIModule: Creating AISystem for world ThirdPersonExampleMap
[2026.01.07-15.28.40:394][328]LogPlayLevel: PIE: World Init took: (0.000795s)
[2026.01.07-15.28.40:394][328]LogPlayLevel: PIE: Created PIE world by copying editor world from /Game/ThirdPersonBP/Maps/ThirdPersonExampleMap.ThirdPersonExampleMap to /Game/ThirdPersonBP/Maps/UEDPIE_0_ThirdPersonExampleMap.ThirdPersonExampleMap (0.079768s)
[2026.01.07-15.28.40:416][328]LogUObjectHash: Compacting FUObjectHashTables data took   1.29ms
[2026.01.07-15.28.40:418][328]LogAudio: Display: Creating Audio Device:                 Id: 45, Scope: Unique, Realtime: True
[2026.01.07-15.28.40:418][328]LogAudioMixer: Display: Audio Mixer Platform Settings:
[2026.01.07-15.28.40:418][328]LogAudioMixer: Display: 	Sample Rate:						  48000
[2026.01.07-15.28.40:418][328]LogAudioMixer: Display: 	Callback Buffer Frame Size Requested: 1024
[2026.01.07-15.28.40:418][328]LogAudioMixer: Display: 	Callback Buffer Frame Size To Use:	  1024
[2026.01.07-15.28.40:418][328]LogAudioMixer: Display: 	Number of buffers to queue:			  2
[2026.01.07-15.28.40:418][328]LogAudioMixer: Display: 	Max Channels (voices):				  32
[2026.01.07-15.28.40:418][328]LogAudioMixer: Display: 	Number of Async Source Workers:		  0
[2026.01.07-15.28.40:418][328]LogAudio: Display: AudioDevice MaxSources: 32
[2026.01.07-15.28.40:419][328]LogAudio: Display: Audio Spatialization Plugin: None (built-in).
[2026.01.07-15.28.40:419][328]LogAudio: Display: Audio Reverb Plugin: None (built-in).
[2026.01.07-15.28.40:419][328]LogAudio: Display: Audio Occlusion Plugin: None (built-in).
[2026.01.07-15.28.40:419][328]LogAudioMixer: Display: Initializing audio mixer.
[2026.01.07-15.28.40:422][328]LogAudioMixer: Display: 0: FrontLeft
[2026.01.07-15.28.40:422][328]LogAudioMixer: Display: 1: FrontRight
[2026.01.07-15.28.40:427][328]LogAudioMixer: Display: Using Audio Device VG248 (3 — NVIDIA High Definition Audio)
[2026.01.07-15.28.40:427][328]LogAudioMixer: Display: Initializing Sound Submixes...
[2026.01.07-15.28.40:427][328]LogAudioMixer: Display: Creating Master Submix 'MasterSubmixDefault'
[2026.01.07-15.28.40:427][328]LogAudioMixer: Display: Creating Master Submix 'MasterReverbSubmixDefault'
[2026.01.07-15.28.40:428][328]LogAudioMixer: Display: Creating Master Submix 'MasterEQSubmixDefault'
[2026.01.07-15.28.40:428][328]LogAudioMixer: FMixerPlatformXAudio2::StartAudioStream() called
[2026.01.07-15.28.40:428][328]LogAudioMixer: Display: Output buffers initialized: Frames=1024, Channels=2, Samples=2048
[2026.01.07-15.28.40:428][328]LogAudioMixer: Display: Starting AudioMixerPlatformInterface::RunInternal()
[2026.01.07-15.28.40:428][328]LogAudioMixer: Display: FMixerPlatformXAudio2::SubmitBuffer() called for the first time
[2026.01.07-15.28.40:428][328]LogInit: FAudioDevice initialized.
[2026.01.07-15.28.40:428][328]LogAudio: Display: Audio Device (ID: 45) registered with world 'ThirdPersonExampleMap'.
[2026.01.07-15.28.40:434][328]LogLoad: Game class is 'ThirdPersonGameMode_C'
[2026.01.07-15.28.40:439][328]LogWorld: Bringing World /Game/ThirdPersonBP/Maps/UEDPIE_0_ThirdPersonExampleMap.ThirdPersonExampleMap up for play (max tick rate 0) at 2026.01.07-16.28.40
[2026.01.07-15.28.40:440][328]LogWorld: Bringing up level for play took: 0.005791
[2026.01.07-15.28.40:440][328]LogOnline: OSS: Creating online subsystem instance for: :Context_59
[2026.01.07-15.28.40:442][328]PIE: Server logged in
[2026.01.07-15.28.40:442][328]PIE: Play in editor total start time 0,159 seconds.
[2026.01.07-15.28.45:055][875]LogSlate: Updating window title bar state: overlay mode, drag disabled, window buttons hidden, title bar hidden
[2026.01.07-15.28.45:056][875]LogWorld: BeginTearingDown for /Game/ThirdPersonBP/Maps/UEDPIE_0_ThirdPersonExampleMap
[2026.01.07-15.28.45:056][875]LogWorld: UWorld::CleanupWorld for ThirdPersonExampleMap, bSessionEnded=true, bCleanupResources=true
[2026.01.07-15.28.45:057][875]LogSlate: InvalidateAllWidgets triggered.  All widgets were invalidated
[2026.01.07-15.28.45:070][875]LogPlayLevel: Display: Shutting down PIE online subsystems
[2026.01.07-15.28.45:075][875]LogSlate: InvalidateAllWidgets triggered.  All widgets were invalidated
[2026.01.07-15.28.45:094][875]LogAudio: Display: Audio Device unregistered from world 'None'.
[2026.01.07-15.28.45:095][875]LogAudioMixer: FMixerPlatformXAudio2::StopAudioStream() called
[2026.01.07-15.28.45:096][875]LogAudioMixer: FMixerPlatformXAudio2::StopAudioStream() called
[2026.01.07-15.28.45:097][875]LogSlate: Updating window title bar state: overlay mode, drag disabled, window buttons hidden, title bar hidden
[2026.01.07-15.28.45:104][875]LogUObjectHash: Compacting FUObjectHashTables data took   1.35ms
[2026.01.07-15.28.45:153][877]LogPlayLevel: Display: Destroying online subsystem :Context_59
[2026.01.07-15.29.02:372][890]LogEditorViewport: Clicking on Actor (LMB): BP_Sky_Sphere_C (SkySphereBlueprint2)
[2026.01.07-15.29.19:151][682]Cmd: CAMERA ALIGN ACTIVEVIEWPORTONLY
[2026.01.07-15.29.40:759][173]LogEditorViewport: Clicking on Actor (LMB): BP_Sky_Sphere_C (SkySphereBlueprint2)
[2026.01.07-15.29.44:388][542]Cmd: CAMERA ALIGN ACTIVEVIEWPORTONLY
[2026.01.07-15.30.46:457][918]LogTemp: Repeating last play command: Selected Viewport
[2026.01.07-15.30.46:466][918]LogPlayLevel: PlayLevel: No blueprints needed recompiling
[2026.01.07-15.30.46:466][918]PIE: New page: PIE session: ThirdPersonExampleMap (7 sty 2026, 17:30:46)
[2026.01.07-15.30.46:503][918]LogPlayLevel: Creating play world package: /Game/ThirdPersonBP/Maps/UEDPIE_0_ThirdPersonExampleMap
[2026.01.07-15.30.46:581][918]LogPlayLevel: PIE: StaticDuplicateObject took: (0.078408s)
[2026.01.07-15.30.46:582][918]LogAIModule: Creating AISystem for world ThirdPersonExampleMap
[2026.01.07-15.30.46:582][918]LogPlayLevel: PIE: World Init took: (0.000901s)
[2026.01.07-15.30.46:582][918]LogPlayLevel: PIE: Created PIE world by copying editor world from /Game/ThirdPersonBP/Maps/ThirdPersonExampleMap.ThirdPersonExampleMap to /Game/ThirdPersonBP/Maps/UEDPIE_0_ThirdPersonExampleMap.ThirdPersonExampleMap (0.079436s)
[2026.01.07-15.30.46:600][918]LogUObjectHash: Compacting FUObjectHashTables data took   1.26ms
[2026.01.07-15.30.46:602][918]LogAudio: Display: Creating Audio Device:                 Id: 46, Scope: Unique, Realtime: True
[2026.01.07-15.30.46:602][918]LogAudioMixer: Display: Audio Mixer Platform Settings:
[2026.01.07-15.30.46:602][918]LogAudioMixer: Display: 	Sample Rate:						  48000
[2026.01.07-15.30.46:602][918]LogAudioMixer: Display: 	Callback Buffer Frame Size Requested: 1024
[2026.01.07-15.30.46:602][918]LogAudioMixer: Display: 	Callback Buffer Frame Size To Use:	  1024
[2026.01.07-15.30.46:602][918]LogAudioMixer: Display: 	Number of buffers to queue:			  2
[2026.01.07-15.30.46:602][918]LogAudioMixer: Display: 	Max Channels (voices):				  32
[2026.01.07-15.30.46:602][918]LogAudioMixer: Display: 	Number of Async Source Workers:		  0
[2026.01.07-15.30.46:602][918]LogAudio: Display: AudioDevice MaxSources: 32
[2026.01.07-15.30.46:602][918]LogAudio: Display: Audio Spatialization Plugin: None (built-in).
[2026.01.07-15.30.46:602][918]LogAudio: Display: Audio Reverb Plugin: None (built-in).
[2026.01.07-15.30.46:602][918]LogAudio: Display: Audio Occlusion Plugin: None (built-in).
[2026.01.07-15.30.46:602][918]LogAudioMixer: Display: Initializing audio mixer.
[2026.01.07-15.30.46:606][918]LogAudioMixer: Display: 0: FrontLeft
[2026.01.07-15.30.46:606][918]LogAudioMixer: Display: 1: FrontRight
[2026.01.07-15.30.46:611][918]LogAudioMixer: Display: Using Audio Device VG248 (3 — NVIDIA High Definition Audio)
[2026.01.07-15.30.46:611][918]LogAudioMixer: Display: Initializing Sound Submixes...
[2026.01.07-15.30.46:611][918]LogAudioMixer: Display: Creating Master Submix 'MasterSubmixDefault'
[2026.01.07-15.30.46:611][918]LogAudioMixer: Display: Creating Master Submix 'MasterReverbSubmixDefault'
[2026.01.07-15.30.46:612][918]LogAudioMixer: Display: Creating Master Submix 'MasterEQSubmixDefault'
[2026.01.07-15.30.46:612][918]LogAudioMixer: FMixerPlatformXAudio2::StartAudioStream() called
[2026.01.07-15.30.46:612][918]LogAudioMixer: Display: Output buffers initialized: Frames=1024, Channels=2, Samples=2048
[2026.01.07-15.30.46:613][918]LogAudioMixer: Display: Starting AudioMixerPlatformInterface::RunInternal()
[2026.01.07-15.30.46:613][918]LogAudioMixer: Display: FMixerPlatformXAudio2::SubmitBuffer() called for the first time
[2026.01.07-15.30.46:613][918]LogInit: FAudioDevice initialized.
[2026.01.07-15.30.46:613][918]LogAudio: Display: Audio Device (ID: 46) registered with world 'ThirdPersonExampleMap'.
[2026.01.07-15.30.46:622][918]LogLoad: Game class is 'ThirdPersonGameMode_C'
[2026.01.07-15.30.46:628][918]LogWorld: Bringing World /Game/ThirdPersonBP/Maps/UEDPIE_0_ThirdPersonExampleMap.ThirdPersonExampleMap up for play (max tick rate 0) at 2026.01.07-16.30.46
[2026.01.07-15.30.46:628][918]LogWorld: Bringing up level for play took: 0.005890
[2026.01.07-15.30.46:628][918]LogOnline: OSS: Creating online subsystem instance for: :Context_60
[2026.01.07-15.30.46:630][918]PIE: Server logged in
[2026.01.07-15.30.46:631][918]PIE: Play in editor total start time 0,166 seconds.
[2026.01.07-15.31.17:844][654]LogSlate: Updating window title bar state: overlay mode, drag disabled, window buttons hidden, title bar hidden
[2026.01.07-15.31.17:844][654]LogWorld: BeginTearingDown for /Game/ThirdPersonBP/Maps/UEDPIE_0_ThirdPersonExampleMap
[2026.01.07-15.31.17:844][654]LogWorld: UWorld::CleanupWorld for ThirdPersonExampleMap, bSessionEnded=true, bCleanupResources=true
[2026.01.07-15.31.17:845][654]LogSlate: InvalidateAllWidgets triggered.  All widgets were invalidated
[2026.01.07-15.31.17:856][654]LogPlayLevel: Display: Shutting down PIE online subsystems
[2026.01.07-15.31.17:866][654]LogSlate: InvalidateAllWidgets triggered.  All widgets were invalidated
[2026.01.07-15.31.17:888][654]LogSlate: Updating window title bar state: overlay mode, drag disabled, window buttons hidden, title bar hidden
[2026.01.07-15.31.17:888][654]LogAudioMixer: FMixerPlatformXAudio2::StopAudioStream() called
[2026.01.07-15.31.17:889][654]LogAudioMixer: FMixerPlatformXAudio2::StopAudioStream() called
[2026.01.07-15.31.17:895][654]LogUObjectHash: Compacting FUObjectHashTables data took   1.27ms
[2026.01.07-15.31.17:919][655]LogPlayLevel: Display: Destroying online subsystem :Context_60
[2026.01.07-15.31.32:980][373]LogTemp: Repeating last play command: Selected Viewport
[2026.01.07-15.31.32:988][373]LogPlayLevel: PlayLevel: No blueprints needed recompiling
[2026.01.07-15.31.32:988][373]PIE: New page: PIE session: ThirdPersonExampleMap (7 sty 2026, 17:31:32)
[2026.01.07-15.31.32:989][373]LogPlayLevel: Creating play world package: /Game/ThirdPersonBP/Maps/UEDPIE_0_ThirdPersonExampleMap
[2026.01.07-15.31.33:071][373]LogPlayLevel: PIE: StaticDuplicateObject took: (0.082691s)
[2026.01.07-15.31.33:072][373]LogAIModule: Creating AISystem for world ThirdPersonExampleMap
[2026.01.07-15.31.33:072][373]LogPlayLevel: PIE: World Init took: (0.000792s)
[2026.01.07-15.31.33:072][373]LogPlayLevel: PIE: Created PIE world by copying editor world from /Game/ThirdPersonBP/Maps/ThirdPersonExampleMap.ThirdPersonExampleMap to /Game/ThirdPersonBP/Maps/UEDPIE_0_ThirdPersonExampleMap.ThirdPersonExampleMap (0.083598s)
[2026.01.07-15.31.33:089][373]LogUObjectHash: Compacting FUObjectHashTables data took   1.21ms
[2026.01.07-15.31.33:091][373]LogAudio: Display: Creating Audio Device:                 Id: 47, Scope: Unique, Realtime: True
[2026.01.07-15.31.33:091][373]LogAudioMixer: Display: Audio Mixer Platform Settings:
[2026.01.07-15.31.33:091][373]LogAudioMixer: Display: 	Sample Rate:						  48000
[2026.01.07-15.31.33:091][373]LogAudioMixer: Display: 	Callback Buffer Frame Size Requested: 1024
[2026.01.07-15.31.33:091][373]LogAudioMixer: Display: 	Callback Buffer Frame Size To Use:	  1024
[2026.01.07-15.31.33:091][373]LogAudioMixer: Display: 	Number of buffers to queue:			  2
[2026.01.07-15.31.33:091][373]LogAudioMixer: Display: 	Max Channels (voices):				  32
[2026.01.07-15.31.33:091][373]LogAudioMixer: Display: 	Number of Async Source Workers:		  0
[2026.01.07-15.31.33:091][373]LogAudio: Display: AudioDevice MaxSources: 32
[2026.01.07-15.31.33:091][373]LogAudio: Display: Audio Spatialization Plugin: None (built-in).
[2026.01.07-15.31.33:091][373]LogAudio: Display: Audio Reverb Plugin: None (built-in).
[2026.01.07-15.31.33:091][373]LogAudio: Display: Audio Occlusion Plugin: None (built-in).
[2026.01.07-15.31.33:091][373]LogAudioMixer: Display: Initializing audio mixer.
[2026.01.07-15.31.33:094][373]LogAudioMixer: Display: 0: FrontLeft
[2026.01.07-15.31.33:094][373]LogAudioMixer: Display: 1: FrontRight
[2026.01.07-15.31.33:099][373]LogAudioMixer: Display: Using Audio Device VG248 (3 — NVIDIA High Definition Audio)
[2026.01.07-15.31.33:099][373]LogAudioMixer: Display: Initializing Sound Submixes...
[2026.01.07-15.31.33:099][373]LogAudioMixer: Display: Creating Master Submix 'MasterSubmixDefault'
[2026.01.07-15.31.33:099][373]LogAudioMixer: Display: Creating Master Submix 'MasterReverbSubmixDefault'
[2026.01.07-15.31.33:100][373]LogAudioMixer: Display: Creating Master Submix 'MasterEQSubmixDefault'
[2026.01.07-15.31.33:100][373]LogAudioMixer: FMixerPlatformXAudio2::StartAudioStream() called
[2026.01.07-15.31.33:100][373]LogAudioMixer: Display: Output buffers initialized: Frames=1024, Channels=2, Samples=2048
[2026.01.07-15.31.33:100][373]LogAudioMixer: Display: Starting AudioMixerPlatformInterface::RunInternal()
[2026.01.07-15.31.33:100][373]LogAudioMixer: Display: FMixerPlatformXAudio2::SubmitBuffer() called for the first time
[2026.01.07-15.31.33:100][373]LogInit: FAudioDevice initialized.
[2026.01.07-15.31.33:100][373]LogAudio: Display: Audio Device (ID: 47) registered with world 'ThirdPersonExampleMap'.
[2026.01.07-15.31.33:110][373]LogLoad: Game class is 'ThirdPersonGameMode_C'
[2026.01.07-15.31.33:115][373]LogWorld: Bringing World /Game/ThirdPersonBP/Maps/UEDPIE_0_ThirdPersonExampleMap.ThirdPersonExampleMap up for play (max tick rate 0) at 2026.01.07-16.31.33
[2026.01.07-15.31.33:116][373]LogWorld: Bringing up level for play took: 0.005660
[2026.01.07-15.31.33:116][373]LogOnline: OSS: Creating online subsystem instance for: :Context_61
[2026.01.07-15.31.33:118][373]PIE: Server logged in
[2026.01.07-15.31.33:118][373]PIE: Play in editor total start time 0,131 seconds.
[2026.01.07-15.32.16:343][512]LogSlate: Updating window title bar state: overlay mode, drag disabled, window buttons hidden, title bar hidden
[2026.01.07-15.32.16:343][512]LogWorld: BeginTearingDown for /Game/ThirdPersonBP/Maps/UEDPIE_0_ThirdPersonExampleMap
[2026.01.07-15.32.16:344][512]LogWorld: UWorld::CleanupWorld for ThirdPersonExampleMap, bSessionEnded=true, bCleanupResources=true
[2026.01.07-15.32.16:345][512]LogSlate: InvalidateAllWidgets triggered.  All widgets were invalidated
[2026.01.07-15.32.16:356][512]LogPlayLevel: Display: Shutting down PIE online subsystems
[2026.01.07-15.32.16:366][512]LogSlate: InvalidateAllWidgets triggered.  All widgets were invalidated
[2026.01.07-15.32.16:387][512]LogSlate: Updating window title bar state: overlay mode, drag disabled, window buttons hidden, title bar hidden
[2026.01.07-15.32.16:387][512]LogAudioMixer: FMixerPlatformXAudio2::StopAudioStream() called
[2026.01.07-15.32.16:387][512]LogAudioMixer: FMixerPlatformXAudio2::StopAudioStream() called
[2026.01.07-15.32.16:394][512]LogUObjectHash: Compacting FUObjectHashTables data took   1.46ms
[2026.01.07-15.32.16:417][513]LogPlayLevel: Display: Destroying online subsystem :Context_61
[2026.01.07-15.32.18:352][739]LogUObjectHash: Compacting FUObjectHashTables data took   1.31ms
[2026.01.07-15.32.18:944][739]LogSavePackage: Moving 'D:/rejp/ripositor/ligma_3rd_person/Saved/ThirdPersonExampleMap8FD7A10949F3678D7E025BB3DECC6987.tmp' to 'D:/rejp/ripositor/ligma_3rd_person/Content/ThirdPersonBP/Maps/ThirdPersonExampleMap.umap'
[2026.01.07-15.32.19:197][739]LogSavePackage: Moving 'D:/rejp/ripositor/ligma_3rd_person/Saved/ThirdPersonExampleMap_BuiltDataF81C110041D5A280192FF3B07383ADA3.tmp' to 'D:/rejp/ripositor/ligma_3rd_person/Content/ThirdPersonBP/Maps/ThirdPersonExampleMap_BuiltData.uasset'
[2026.01.07-15.32.19:225][739]AssetCheck: New page: Asset Save: multiple assets
[2026.01.07-15.32.19:225][739]LogContentValidation: Display: Validating MapBuildDataRegistry /Game/ThirdPersonBP/Maps/ThirdPersonExampleMap_BuiltData.ThirdPersonExampleMap_BuiltData
[2026.01.07-15.32.19:225][739]LogContentValidation: Display: Validating World /Game/ThirdPersonBP/Maps/ThirdPersonExampleMap.ThirdPersonExampleMap
[2026.01.07-15.32.21:581][  5]LogWorld: UWorld::CleanupWorld for World_10, bSessionEnded=true, bCleanupResources=true
[2026.01.07-15.32.21:581][  5]LogSlate: InvalidateAllWidgets triggered.  All widgets were invalidated
[2026.01.07-15.32.25:472][351]LogUObjectHash: Compacting FUObjectHashTables data took   1.48ms
[2026.01.07-15.32.28:408][351]LogSlate: Window 'Delete Assets' being destroyed
[2026.01.07-15.32.29:431][455]Cmd: OBJ SAVEPACKAGE PACKAGE="/Game/bluprinty/asfas" FILE="D:/rejp/ripositor/ligma_3rd_person/Content/bluprinty/asfas.uasset" SILENT=true
[2026.01.07-15.32.29:452][455]LogSavePackage: Moving 'D:/rejp/ripositor/ligma_3rd_person/Saved/asfasE6A144F64F20737979E660B0BB681BCB.tmp' to 'D:/rejp/ripositor/ligma_3rd_person/Content/bluprinty/asfas.uasset'
[2026.01.07-15.32.29:459][455]AssetCheck: New page: Asset Save: asfas
[2026.01.07-15.32.29:459][455]LogContentValidation: Display: Validating Blueprint /Game/bluprinty/asfas.asfas
[2026.01.07-15.32.30:406][565]LogUObjectHash: Compacting FUObjectHashTables data took   1.14ms
[2026.01.07-15.32.30:522][565]LogWorld: UWorld::CleanupWorld for World_4, bSessionEnded=true, bCleanupResources=true
[2026.01.07-15.32.30:522][565]LogSlate: InvalidateAllWidgets triggered.  All widgets were invalidated
[2026.01.07-15.32.30:556][565]LogActorComponent: UnregisterComponent: (/Engine/Transient.EditorFloorComp) Not registered. Aborting.
[2026.01.07-15.32.30:556][565]LogWorld: UWorld::CleanupWorld for World_6, bSessionEnded=true, bCleanupResources=true
[2026.01.07-15.32.30:557][565]LogSlate: InvalidateAllWidgets triggered.  All widgets were invalidated
[2026.01.07-15.32.30:593][565]LogActorComponent: UnregisterComponent: (/Engine/Transient.EditorFloorComp) Not registered. Aborting.
[2026.01.07-15.32.30:593][565]LogWorld: UWorld::CleanupWorld for World_7, bSessionEnded=true, bCleanupResources=true
[2026.01.07-15.32.30:593][565]LogSlate: InvalidateAllWidgets triggered.  All widgets were invalidated
[2026.01.07-15.32.30:638][565]LogActorComponent: UnregisterComponent: (/Engine/Transient.EditorFloorComp) Not registered. Aborting.
[2026.01.07-15.32.30:638][565]LogWorld: UWorld::CleanupWorld for World_12, bSessionEnded=true, bCleanupResources=true
[2026.01.07-15.32.30:638][565]LogSlate: InvalidateAllWidgets triggered.  All widgets were invalidated
[2026.01.07-15.32.30:681][565]LogActorComponent: UnregisterComponent: (/Engine/Transient.EditorFloorComp) Not registered. Aborting.
[2026.01.07-15.32.30:681][565]LogWorld: UWorld::CleanupWorld for World_14, bSessionEnded=true, bCleanupResources=true
[2026.01.07-15.32.30:681][565]LogSlate: InvalidateAllWidgets triggered.  All widgets were invalidated
[2026.01.07-15.32.30:749][565]LogSlate: Window 'ligma_3rd_person - Unreal Editor' being destroyed
[2026.01.07-15.32.30:824][566]Cmd: QUIT_EDITOR
[2026.01.07-15.32.30:824][566]LogCore: Engine exit requested (reason: UUnrealEdEngine::CloseEditor())
[2026.01.07-15.32.30:835][566]LogCore: Engine exit requested (reason: EngineExit() was called; note: exit was already requested)
[2026.01.07-15.32.31:642][566]LogAudio: Display: Beginning Audio Device Manager Shutdown (Module: AudioMixerXAudio2)...
[2026.01.07-15.32.31:642][566]LogAudio: Display: Destroying 1 Remaining Audio Device(s)...
[2026.01.07-15.32.31:642][566]LogAudio: Display: Audio Device unregistered from world 'ThirdPersonExampleMap'.
[2026.01.07-15.32.31:642][566]LogAudioMixer: FMixerPlatformXAudio2::StopAudioStream() called
[2026.01.07-15.32.31:644][566]LogAudioMixer: FMixerPlatformXAudio2::StopAudioStream() called
[2026.01.07-15.32.31:651][566]LogAudio: Display: Audio Device Manager Shutdown
[2026.01.07-15.32.31:651][566]LogWindowsTextInputMethodSystem: Display: IME system deactivated.
[2026.01.07-15.32.31:655][566]LogExit: Preparing to exit.
[2026.01.07-15.32.31:677][566]LogUObjectHash: Compacting FUObjectHashTables data took   1.38ms
[2026.01.07-15.32.32:466][566]LogWorld: UWorld::CleanupWorld for World_8, bSessionEnded=true, bCleanupResources=true
[2026.01.07-15.32.32:467][566]LogWorld: UWorld::CleanupWorld for World_1, bSessionEnded=true, bCleanupResources=true
[2026.01.07-15.32.32:469][566]LogWorld: UWorld::CleanupWorld for World_2, bSessionEnded=true, bCleanupResources=true
[2026.01.07-15.32.32:470][566]LogWorld: UWorld::CleanupWorld for World_9, bSessionEnded=true, bCleanupResources=true
[2026.01.07-15.32.32:471][566]LogWorld: UWorld::CleanupWorld for World_11, bSessionEnded=true, bCleanupResources=true
[2026.01.07-15.32.32:472][566]LogWorld: UWorld::CleanupWorld for World_13, bSessionEnded=true, bCleanupResources=true
[2026.01.07-15.32.32:473][566]LogWorld: UWorld::CleanupWorld for World_0, bSessionEnded=true, bCleanupResources=true
[2026.01.07-15.32.32:474][566]LogWorld: UWorld::CleanupWorld for World_3, bSessionEnded=true, bCleanupResources=true
[2026.01.07-15.32.32:475][566]LogWorld: UWorld::CleanupWorld for World_5, bSessionEnded=true, bCleanupResources=true
[2026.01.07-15.32.32:506][566]LogDemo: Cleaned up 0 splitscreen connections with owner deletion
[2026.01.07-15.32.32:514][566]LogWorld: UWorld::CleanupWorld for None, bSessionEnded=true, bCleanupResources=true
[2026.01.07-15.32.32:514][566]LogExit: Editor shut down
[2026.01.07-15.32.32:514][566]LogExit: Transaction tracking system shut down
[2026.01.07-15.32.32:747][566]LogExit: Object subsystem successfully closed.
[2026.01.07-15.32.32:759][566]LogShaderCompilers: Display: === FShaderJobCache stats ===
[2026.01.07-15.32.32:759][566]LogShaderCompilers: Display: Total job queries 0, among them cache hits 0 (0.00%)
[2026.01.07-15.32.32:759][566]LogShaderCompilers: Display: Tracking 0 distinct input hashes that result in 0 distinct outputs (0.00%)
[2026.01.07-15.32.32:759][566]LogShaderCompilers: Display: RAM used: 0.00 MB (0.00 GB) of 1638.40 MB (1.60 GB) budget. Usage: 0.00%
[2026.01.07-15.32.32:759][566]LogShaderCompilers: Display: ================================================
[2026.01.07-15.32.32:772][566]LogShaderCompilers: Display: Shaders left to compile 0
[2026.01.07-15.32.32:785][566]LogModuleManager: Shutting down and abandoning module BlueprintGraph (878)
[2026.01.07-15.32.32:785][566]LogModuleManager: Shutting down and abandoning module MovieSceneCapture (876)
[2026.01.07-15.32.32:785][566]LogModuleManager: Shutting down and abandoning module Voice (874)
[2026.01.07-15.32.32:785][566]LogModuleManager: Shutting down and abandoning module StaticMeshEditor (872)
[2026.01.07-15.32.32:785][566]LogModuleManager: Shutting down and abandoning module HierarchicalLODOutliner (870)
[2026.01.07-15.32.32:785][566]LogModuleManager: Shutting down and abandoning module SceneOutliner (868)
[2026.01.07-15.32.32:785][566]LogModuleManager: Shutting down and abandoning module AddContentDialog (866)
[2026.01.07-15.32.32:785][566]LogModuleManager: Shutting down and abandoning module WidgetCarousel (865)
[2026.01.07-15.32.32:785][566]LogModuleManager: Shutting down and abandoning module EditorWidgets (862)
[2026.01.07-15.32.32:785][566]LogModuleManager: Shutting down and abandoning module StatsViewer (860)
[2026.01.07-15.32.32:785][566]LogModuleManager: Shutting down and abandoning module PIEPreviewDeviceProfileSelector (858)
[2026.01.07-15.32.32:785][566]LogModuleManager: Shutting down and abandoning module SequenceRecorderSections (856)
[2026.01.07-15.32.32:785][566]LogModuleManager: Shutting down and abandoning module AutomationWorker (854)
[2026.01.07-15.32.32:785][566]LogModuleManager: Shutting down and abandoning module SteamVREditor (852)
[2026.01.07-15.32.32:785][566]LogModuleManager: Shutting down and abandoning module OculusMR (850)
[2026.01.07-15.32.32:785][566]LogModuleManager: Shutting down and abandoning module TextureAlignMode (848)
[2026.01.07-15.32.32:785][566]LogModuleManager: Shutting down and abandoning module BspMode (846)
[2026.01.07-15.32.32:785][566]LogModuleManager: Shutting down and abandoning module GeometryMode (844)
[2026.01.07-15.32.32:785][566]LogModuleManager: Shutting down and abandoning module TakeRecorderSources (842)
[2026.01.07-15.32.32:785][566]LogModuleManager: Shutting down and abandoning module TakeRecorder (841)
[2026.01.07-15.32.32:785][566]LogModuleManager: Shutting down and abandoning module TakeTrackRecorders (838)
[2026.01.07-15.32.32:785][566]LogModuleManager: Shutting down and abandoning module TakesCore (836)
[2026.01.07-15.32.32:785][566]LogModuleManager: Shutting down and abandoning module TemplateSequenceEditor (834)
[2026.01.07-15.32.32:785][566]LogModuleManager: Shutting down and abandoning module LevelSequenceEditor (832)
[2026.01.07-15.32.32:785][566]LogModuleManager: Shutting down and abandoning module ActorSequenceEditor (830)
[2026.01.07-15.32.32:785][566]LogModuleManager: Shutting down and abandoning module MatineeToLevelSequence (828)
[2026.01.07-15.32.32:785][566]LogModuleManager: Shutting down and abandoning module OpenXRInput (826)
[2026.01.07-15.32.32:785][566]LogModuleManager: Shutting down and abandoning module GooglePADEditor (824)
[2026.01.07-15.32.32:785][566]LogModuleManager: Shutting down and abandoning module AudioCaptureEditor (822)
[2026.01.07-15.32.32:785][566]LogModuleManager: Shutting down and abandoning module PlanarCut (820)
[2026.01.07-15.32.32:785][566]LogModuleManager: Shutting down and abandoning module CharacterAI (818)
[2026.01.07-15.32.32:785][566]LogModuleManager: Shutting down and abandoning module MagicLeapMediaCodecFactory (816)
[2026.01.07-15.32.32:785][566]LogModuleManager: Shutting down and abandoning module MagicLeapMediaFactory (814)
[2026.01.07-15.32.32:785][566]LogModuleManager: Shutting down and abandoning module MagicLeapMediaEditor (812)
[2026.01.07-15.32.32:785][566]LogModuleManager: Shutting down and abandoning module WmfMediaFactory (810)
[2026.01.07-15.32.32:785][566]LogModuleManager: Shutting down and abandoning module WmfMediaEditor (808)
[2026.01.07-15.32.32:785][566]LogModuleManager: Shutting down and abandoning module WebMMediaFactory (806)
[2026.01.07-15.32.32:785][566]LogModuleManager: Shutting down and abandoning module WebMMediaEditor (804)
[2026.01.07-15.32.32:785][566]LogModuleManager: Shutting down and abandoning module WebMMedia (802)
[2026.01.07-15.32.32:785][566]LogModuleManager: Shutting down and abandoning module MediaPlayerEditor (800)
[2026.01.07-15.32.32:785][566]LogModuleManager: Shutting down and abandoning module MediaCompositingEditor (798)
[2026.01.07-15.32.32:785][566]LogModuleManager: Shutting down and abandoning module SequenceRecorder (797)
[2026.01.07-15.32.32:785][566]LogModuleManager: Shutting down and abandoning module OpenExrWrapper (794)
[2026.01.07-15.32.32:785][566]LogModuleManager: Shutting down and abandoning module ImgMediaFactory (792)
[2026.01.07-15.32.32:785][566]LogModuleManager: Shutting down and abandoning module ImgMediaEditor (790)
[2026.01.07-15.32.32:785][566]LogModuleManager: Shutting down and abandoning module AvfMediaFactory (788)
[2026.01.07-15.32.32:785][566]LogModuleManager: Shutting down and abandoning module AvfMediaEditor (786)
[2026.01.07-15.32.32:785][566]LogModuleManager: Shutting down and abandoning module AndroidMediaFactory (784)
[2026.01.07-15.32.32:785][566]LogModuleManager: Shutting down and abandoning module AndroidMediaEditor (782)
[2026.01.07-15.32.32:785][566]LogModuleManager: Shutting down and abandoning module CameraShakePreviewer (780)
[2026.01.07-15.32.32:785][566]LogModuleManager: Shutting down and abandoning module SmartSnapping (778)
[2026.01.07-15.32.32:785][566]LogModuleManager: Shutting down and abandoning module SessionServices (776)
[2026.01.07-15.32.32:786][566]LogModuleManager: Shutting down and abandoning module MeshPaint (774)
[2026.01.07-15.32.32:786][566]LogModuleManager: Shutting down and abandoning module VirtualTexturingEditor (772)
[2026.01.07-15.32.32:786][566]LogModuleManager: Shutting down and abandoning module FoliageEdit (770)
[2026.01.07-15.32.32:786][566]LogModuleManager: Shutting down and abandoning module LandscapeEditor (768)
[2026.01.07-15.32.32:786][566]LogModuleManager: Shutting down and abandoning module MeshPaintMode (766)
[2026.01.07-15.32.32:786][566]LogModuleManager: Shutting down and abandoning module SceneDepthPickerMode (764)
[2026.01.07-15.32.32:786][566]LogModuleManager: Shutting down and abandoning module ActorPickerMode (762)
[2026.01.07-15.32.32:786][566]LogModuleManager: Shutting down and abandoning module PlacementMode (760)
[2026.01.07-15.32.32:786][566]LogModuleManager: Shutting down and abandoning module ViewportSnapping (758)
[2026.01.07-15.32.32:786][566]LogModuleManager: Shutting down and abandoning module ViewportInteraction (756)
[2026.01.07-15.32.32:786][566]LogModuleManager: Shutting down and abandoning module ClothPainter (754)
[2026.01.07-15.32.32:786][566]LogModuleManager: Shutting down and abandoning module SkeletalMeshEditor (753)
[2026.01.07-15.32.32:786][566]LogModuleManager: Shutting down and abandoning module LogVisualizer (750)
[2026.01.07-15.32.32:786][566]LogModuleManager: Shutting down and abandoning module IntroTutorials (748)
[2026.01.07-15.32.32:786][566]LogModuleManager: Shutting down and abandoning module GameProjectGeneration (747)
[2026.01.07-15.32.32:786][566]LogModuleManager: Shutting down and abandoning module LuminPlatformEditor (744)
[2026.01.07-15.32.32:786][566]LogModuleManager: Shutting down and abandoning module IOSPlatformEditor (742)
[2026.01.07-15.32.32:786][566]LogModuleManager: Shutting down and abandoning module AndroidPlatformEditor (740)
[2026.01.07-15.32.32:786][566]LogModuleManager: Shutting down and abandoning module AndroidDeviceDetection (739)
[2026.01.07-15.32.33:178][566]LogModuleManager: Shutting down and abandoning module WindowsPlatformEditor (736)
[2026.01.07-15.32.33:178][566]LogModuleManager: Shutting down and abandoning module LuminRuntimeSettings (734)
[2026.01.07-15.32.33:178][566]LogModuleManager: Shutting down and abandoning module IOSRuntimeSettings (732)
[2026.01.07-15.32.33:178][566]LogModuleManager: Shutting down and abandoning module AndroidRuntimeSettings (730)
[2026.01.07-15.32.33:178][566]LogModuleManager: Shutting down and abandoning module TraceInsights (728)
[2026.01.07-15.32.33:178][566]MemoryProfiler: Shutdown
[2026.01.07-15.32.33:178][566]NetworkingProfiler: Shutdown
[2026.01.07-15.32.33:178][566]LoadingProfiler: Shutdown
[2026.01.07-15.32.33:178][566]TimingProfiler: Shutdown
[2026.01.07-15.32.33:178][566]LogModuleManager: Shutting down and abandoning module TraceServices (727)
[2026.01.07-15.32.33:178][566]LogModuleManager: Shutting down and abandoning module EditorInteractiveToolsFramework (724)
[2026.01.07-15.32.33:179][566]LogModuleManager: Shutting down and abandoning module TimeManagementEditor (722)
[2026.01.07-15.32.33:179][566]LogModuleManager: Shutting down and abandoning module InputBindingEditor (720)
[2026.01.07-15.32.33:179][566]LogModuleManager: Shutting down and abandoning module MergeActors (718)
[2026.01.07-15.32.33:179][566]LogModuleManager: Shutting down and abandoning module LocalizationDashboard (716)
[2026.01.07-15.32.33:179][566]LogModuleManager: Shutting down and abandoning module LocalizationService (715)
[2026.01.07-15.32.33:179][566]LogModuleManager: Shutting down and abandoning module HardwareTargeting (712)
[2026.01.07-15.32.33:179][566]LogModuleManager: Shutting down and abandoning module DeviceProfileEditor (710)
[2026.01.07-15.32.33:179][566]LogModuleManager: Shutting down and abandoning module UndoHistory (708)
[2026.01.07-15.32.33:179][566]LogModuleManager: Shutting down and abandoning module XmlParser (706)
[2026.01.07-15.32.33:179][566]LogModuleManager: Shutting down and abandoning module Blutility (704)
[2026.01.07-15.32.33:179][566]LogModuleManager: Shutting down and abandoning module ProjectSettingsViewer (702)
[2026.01.07-15.32.33:179][566]LogModuleManager: Shutting down and abandoning module ProjectTargetPlatformEditor (701)
[2026.01.07-15.32.33:179][566]LogModuleManager: Shutting down and abandoning module EditorSettingsViewer (698)
[2026.01.07-15.32.33:179][566]LogModuleManager: Shutting down and abandoning module InternationalizationSettings (697)
[2026.01.07-15.32.33:180][566]LogModuleManager: Shutting down and abandoning module SettingsEditor (694)
[2026.01.07-15.32.33:180][566]LogModuleManager: Shutting down and abandoning module ProjectLauncher (692)
[2026.01.07-15.32.33:180][566]LogModuleManager: Shutting down and abandoning module SessionFrontend (690)
[2026.01.07-15.32.33:180][566]LogModuleManager: Shutting down and abandoning module ProfilerClient (688)
[2026.01.07-15.32.33:180][566]LogModuleManager: Shutting down and abandoning module DeviceManager (686)
[2026.01.07-15.32.33:180][566]LogModuleManager: Shutting down and abandoning module TargetDeviceServices (685)
[2026.01.07-15.32.33:213][566]LogModuleManager: Shutting down and abandoning module AutomationController (682)
[2026.01.07-15.32.33:213][566]LogModuleManager: Shutting down and abandoning module AutomationWindow (680)
[2026.01.07-15.32.33:213][566]LogModuleManager: Shutting down and abandoning module Layers (678)
[2026.01.07-15.32.33:213][566]LogModuleManager: Shutting down and abandoning module ComponentVisualizers (676)
[2026.01.07-15.32.33:213][566]LogModuleManager: Shutting down and abandoning module DetailCustomizations (674)
[2026.01.07-15.32.33:213][566]LogModuleManager: Shutting down and abandoning module PackagesDialog (672)
[2026.01.07-15.32.33:213][566]LogModuleManager: Shutting down and abandoning module AnimationBlueprintEditor (670)
[2026.01.07-15.32.33:214][566]LogModuleManager: Shutting down and abandoning module Persona (668)
[2026.01.07-15.32.33:214][566]LogModuleManager: Shutting down and abandoning module AdvancedPreviewScene (667)
[2026.01.07-15.32.33:214][566]LogModuleManager: Shutting down and abandoning module AnimGraph (665)
[2026.01.07-15.32.33:214][566]LogModuleManager: Shutting down and abandoning module Kismet (662)
[2026.01.07-15.32.33:221][566]LogModuleManager: Shutting down and abandoning module KismetWidgets (661)
[2026.01.07-15.32.33:221][566]LogModuleManager: Shutting down and abandoning module GraphEditor (658)
[2026.01.07-15.32.33:221][566]LogModuleManager: Shutting down and abandoning module StructViewer (656)
[2026.01.07-15.32.33:221][566]LogModuleManager: Shutting down and abandoning module ClassViewer (654)
[2026.01.07-15.32.33:222][566]LogModuleManager: Shutting down and abandoning module Toolbox (652)
[2026.01.07-15.32.33:222][566]LogModuleManager: Shutting down and abandoning module ModuleUI (650)
[2026.01.07-15.32.33:222][566]LogModuleManager: Shutting down and abandoning module OutputLog (648)
[2026.01.07-15.32.33:222][566]LogModuleManager: Shutting down and abandoning module GammaUI (646)
[2026.01.07-15.32.33:222][566]LogModuleManager: Shutting down and abandoning module Documentation (644)
[2026.01.07-15.32.33:223][566]LogModuleManager: Shutting down and abandoning module LiveCoding (642)
[2026.01.07-15.32.33:223][566]LogModuleManager: Shutting down and abandoning module LevelSequence (640)
[2026.01.07-15.32.33:223][566]LogModuleManager: Shutting down and abandoning module MovieSceneTracks (638)
[2026.01.07-15.32.33:223][566]LogModuleManager: Shutting down and abandoning module MovieScene (636)
[2026.01.07-15.32.33:223][566]LogModuleManager: Shutting down and abandoning module StreamingPauseRendering (634)
[2026.01.07-15.32.33:223][566]LogModuleManager: Shutting down and abandoning module LauncherPlatform (632)
[2026.01.07-15.32.33:223][566]LogModuleManager: Shutting down and abandoning module AnalyticsET (630)
[2026.01.07-15.32.33:223][566]LogModuleManager: Shutting down and abandoning module PortalServices (628)
[2026.01.07-15.32.33:223][566]LogModuleManager: Shutting down and abandoning module PortalRpc (626)
[2026.01.07-15.32.33:223][566]LogModuleManager: Shutting down and abandoning module MessagingRpc (624)
[2026.01.07-15.32.33:223][566]LogModuleManager: Shutting down and abandoning module AudioMixerXAudio2 (622)
[2026.01.07-15.32.33:223][566]LogModuleManager: Shutting down and abandoning module AudioMixerCore (621)
[2026.01.07-15.32.33:223][566]LogModuleManager: Shutting down and abandoning module AIModule (618)
[2026.01.07-15.32.33:223][566]LogModuleManager: Shutting down and abandoning module GameplayDebugger (617)
[2026.01.07-15.32.33:223][566]LogModuleManager: Shutting down and abandoning module AITestSuite (615)
[2026.01.07-15.32.33:223][566]LogModuleManager: Shutting down and abandoning module NavigationSystem (613)
[2026.01.07-15.32.33:223][566]LogModuleManager: Shutting down and abandoning module ImageWriteQueue (610)
[2026.01.07-15.32.33:226][566]LogModuleManager: Shutting down and abandoning module ProfilerService (608)
[2026.01.07-15.32.33:230][566]LogModuleManager: Shutting down and abandoning module TaskGraph (606)
[2026.01.07-15.32.33:230][566]LogModuleManager: Shutting down and abandoning module AudioSynesthesiaEditor (604)
[2026.01.07-15.32.33:230][566]LogModuleManager: Shutting down and abandoning module ContentBrowserAssetDataSource (602)
[2026.01.07-15.32.33:230][566]LogModuleManager: Shutting down and abandoning module ContentBrowserFileDataSource (600)
[2026.01.07-15.32.33:230][566]LogModuleManager: Shutting down and abandoning module ContentBrowserClassDataSource (598)
[2026.01.07-15.32.33:230][566]LogModuleManager: Shutting down and abandoning module CollectionManager (597)
[2026.01.07-15.32.33:230][566]LogModuleManager: Shutting down and abandoning module OculusEditor (594)
[2026.01.07-15.32.33:230][566]LogModuleManager: Shutting down and abandoning module OculusInput (592)
[2026.01.07-15.32.33:230][566]LogModuleManager: Shutting down and abandoning module SpeedTreeImporter (590)
[2026.01.07-15.32.33:230][566]LogModuleManager: Shutting down and abandoning module PluginBrowser (588)
[2026.01.07-15.32.33:230][566]LogModuleManager: Shutting down and abandoning module MobileLauncherProfileWizard (586)
[2026.01.07-15.32.33:230][566]LogModuleManager: Shutting down and abandoning module MaterialAnalyzer (584)
[2026.01.07-15.32.33:230][566]LogModuleManager: Shutting down and abandoning module CurveEditorTools (582)
[2026.01.07-15.32.33:230][566]LogModuleManager: Shutting down and abandoning module CryptoKeysOpenSSL (580)
[2026.01.07-15.32.33:230][566]LogModuleManager: Shutting down and abandoning module CryptoKeys (578)
[2026.01.07-15.32.33:230][566]LogModuleManager: Shutting down and abandoning module TakeSequencer (576)
[2026.01.07-15.32.33:230][566]LogModuleManager: Shutting down and abandoning module TakeMovieScene (574)
[2026.01.07-15.32.33:230][566]LogModuleManager: Shutting down and abandoning module TemplateSequence (572)
[2026.01.07-15.32.33:230][566]LogModuleManager: Shutting down and abandoning module SynthesisEditor (570)
[2026.01.07-15.32.33:230][566]LogModuleManager: Shutting down and abandoning module Synthesis (568)
[2026.01.07-15.32.33:230][566]LogModuleManager: Shutting down and abandoning module ProceduralMeshComponentEditor (566)
[2026.01.07-15.32.33:230][566]LogModuleManager: Shutting down and abandoning module ProceduralMeshComponent (564)
[2026.01.07-15.32.33:230][566]LogModuleManager: Shutting down and abandoning module OpenXREditor (562)
[2026.01.07-15.32.33:230][566]LogModuleManager: Shutting down and abandoning module ScreenshotTools (560)
[2026.01.07-15.32.33:230][566]LogModuleManager: Shutting down and abandoning module MobilePatchingUtils (558)
[2026.01.07-15.32.33:230][566]LogModuleManager: Shutting down and abandoning module GooglePAD (556)
[2026.01.07-15.32.33:230][566]LogModuleManager: Shutting down and abandoning module EditableMesh (554)
[2026.01.07-15.32.33:230][566]LogModuleManager: Shutting down and abandoning module CustomMeshComponent (552)
[2026.01.07-15.32.33:230][566]LogModuleManager: Shutting down and abandoning module AssetTags (550)
[2026.01.07-15.32.33:230][566]LogModuleManager: Shutting down and abandoning module AudioCapture (548)
[2026.01.07-15.32.33:230][566]LogModuleManager: Shutting down and abandoning module AudioCaptureRtAudio (547)
[2026.01.07-15.32.33:230][566]LogModuleManager: Shutting down and abandoning module CableComponent (544)
[2026.01.07-15.32.33:230][566]LogModuleManager: Shutting down and abandoning module ArchVisCharacter (542)
[2026.01.07-15.32.33:230][566]LogModuleManager: Shutting down and abandoning module AppleImageUtilsBlueprintSupport (540)
[2026.01.07-15.32.33:230][566]LogModuleManager: Shutting down and abandoning module AppleImageUtils (538)
[2026.01.07-15.32.33:230][566]LogModuleManager: Shutting down and abandoning module AndroidPermission (536)
[2026.01.07-15.32.33:230][566]LogModuleManager: Shutting down and abandoning module ActorLayerUtilitiesEditor (534)
[2026.01.07-15.32.33:230][566]LogModuleManager: Shutting down and abandoning module ActorLayerUtilities (532)
[2026.01.07-15.32.33:230][566]LogModuleManager: Shutting down and abandoning module OpenImageDenoise (530)
[2026.01.07-15.32.33:230][566]LogOpenImageDenoise: OIDN shutting down
[2026.01.07-15.32.33:230][566]LogModuleManager: Shutting down and abandoning module MotoSynthEditor (528)
[2026.01.07-15.32.33:230][566]LogModuleManager: Shutting down and abandoning module MotoSynth (526)
[2026.01.07-15.32.33:230][566]LogModuleManager: Shutting down and abandoning module MeshConversion (524)
[2026.01.07-15.32.33:230][566]LogModuleManager: Shutting down and abandoning module DynamicMesh (522)
[2026.01.07-15.32.33:230][566]LogModuleManager: Shutting down and abandoning module GeometryAlgorithms (520)
[2026.01.07-15.32.33:230][566]LogModuleManager: Shutting down and abandoning module GeometricObjects (518)
[2026.01.07-15.32.33:230][566]LogModuleManager: Shutting down and abandoning module GeometryCollectionTracks (516)
[2026.01.07-15.32.33:230][566]LogModuleManager: Shutting down and abandoning module GeometryCollectionSequencer (515)
[2026.01.07-15.32.33:230][566]LogModuleManager: Shutting down and abandoning module GeometryCollectionEditor (512)
[2026.01.07-15.32.33:230][566]LogModuleManager: Shutting down and abandoning module GeometryCacheTracks (510)
[2026.01.07-15.32.33:230][566]LogModuleManager: Shutting down and abandoning module GeometryCacheStreamer (508)
[2026.01.07-15.32.33:230][566]LogModuleManager: Shutting down and abandoning module GeometryCacheSequencer (506)
[2026.01.07-15.32.33:230][566]LogModuleManager: Shutting down and abandoning module ChaosSolverEditor (504)
[2026.01.07-15.32.33:230][566]LogModuleManager: Shutting down and abandoning module ChaosNiagara (502)
[2026.01.07-15.32.33:230][566]LogModuleManager: Shutting down and abandoning module ChaosClothEditor (500)
[2026.01.07-15.32.33:230][566]LogModuleManager: Shutting down and abandoning module FractureEditor (498)
[2026.01.07-15.32.33:230][566]LogModuleManager: Shutting down and abandoning module FieldSystemEngine (497)
[2026.01.07-15.32.33:230][566]LogModuleManager: Shutting down and abandoning module BackChannel (494)
[2026.01.07-15.32.33:230][566]LogModuleManager: Shutting down and abandoning module AutomationUtilsEditor (492)
[2026.01.07-15.32.33:230][566]LogModuleManager: Shutting down and abandoning module AutomationUtils (490)
[2026.01.07-15.32.33:230][566]LogModuleManager: Shutting down and abandoning module AlembicImporter (488)
[2026.01.07-15.32.33:230][566]LogModuleManager: Shutting down and abandoning module AlembicLibrary (487)
[2026.01.07-15.32.33:230][566]LogModuleManager: Shutting down and abandoning module GeometryCache (486)
[2026.01.07-15.32.33:230][566]LogModuleManager: Shutting down and abandoning module GeometryCacheEd (485)
[2026.01.07-15.32.33:230][566]LogModuleManager: Shutting down and abandoning module MagicLeapSharedWorld (480)
[2026.01.07-15.32.33:230][566]LogModuleManager: Shutting down and abandoning module MagicLeapLightEstimation (478)
[2026.01.07-15.32.33:230][566]LogModuleManager: Shutting down and abandoning module MagicLeapHelperVulkan (476)
[2026.01.07-15.32.33:230][566]LogModuleManager: Shutting down and abandoning module MagicLeapHelperOpenGL (474)
[2026.01.07-15.32.33:230][566]LogModuleManager: Shutting down and abandoning module MagicLeapAudio (472)
[2026.01.07-15.32.33:230][566]LogModuleManager: Shutting down and abandoning module MediaCompositing (470)
[2026.01.07-15.32.33:231][566]LogModuleManager: Shutting down and abandoning module ImgMedia (468)
[2026.01.07-15.32.33:231][566]LogModuleManager: Shutting down and abandoning module OodleNetworkHandlerComponent (466)
[2026.01.07-15.32.33:231][566]LogModuleManager: Shutting down and abandoning module VisualStudioSourceCodeAccess (464)
[2026.01.07-15.32.33:231][566]LogModuleManager: Shutting down and abandoning module VisualStudioCodeSourceCodeAccess (462)
[2026.01.07-15.32.33:231][566]LogModuleManager: Shutting down and abandoning module NiagaraEditorWidgets (460)
[2026.01.07-15.32.33:231][566]LogModuleManager: Shutting down and abandoning module UObjectPlugin (458)
[2026.01.07-15.32.33:231][566]LogModuleManager: Shutting down and abandoning module SubversionSourceControl (456)
[2026.01.07-15.32.33:231][566]LogModuleManager: Shutting down and abandoning module RiderSourceCodeAccess (454)
[2026.01.07-15.32.33:231][566]LogModuleManager: Shutting down and abandoning module PluginUtils (452)
[2026.01.07-15.32.33:231][566]LogModuleManager: Shutting down and abandoning module PlasticSourceControl (450)
[2026.01.07-15.32.33:231][566]LogModuleManager: Shutting down and abandoning module PerforceSourceControl (448)
[2026.01.07-15.32.33:231][566]LogModuleManager: Shutting down and abandoning module VariantManagerContentEditor (446)
[2026.01.07-15.32.33:231][566]LogModuleManager: Shutting down and abandoning module GitSourceControl (444)
[2026.01.07-15.32.33:231][566]LogModuleManager: Shutting down and abandoning module SourceControl (443)
[2026.01.07-15.32.33:231][566]LogModuleManager: Shutting down and abandoning module CLionSourceCodeAccess (440)
[2026.01.07-15.32.33:231][566]LogModuleManager: Shutting down and abandoning module AnimationSharingEd (438)
[2026.01.07-15.32.33:231][566]LogModuleManager: Shutting down and abandoning module DatasmithContentEditor (436)
[2026.01.07-15.32.33:231][566]LogModuleManager: Shutting down and abandoning module LightPropagationVolumeEditor (434)
[2026.01.07-15.32.33:231][566]LogModuleManager: Shutting down and abandoning module LiveLinkSequencer (432)
[2026.01.07-15.32.33:231][566]LogModuleManager: Shutting down and abandoning module LiveLinkMovieScene (430)
[2026.01.07-15.32.33:231][566]LogModuleManager: Shutting down and abandoning module LiveLinkGraphNode (428)
[2026.01.07-15.32.33:231][566]LogModuleManager: Shutting down and abandoning module LiveLinkEditor (426)
[2026.01.07-15.32.33:231][566]LogModuleManager: Shutting down and abandoning module LiveLinkComponents (424)
[2026.01.07-15.32.33:231][566]LogModuleManager: Shutting down and abandoning module LiveLink (422)
[2026.01.07-15.32.33:234][566]LogModuleManager: Shutting down and abandoning module PaperTiledImporter (420)
[2026.01.07-15.32.33:234][566]LogModuleManager: Shutting down and abandoning module PaperSpriteSheetImporter (418)
[2026.01.07-15.32.33:234][566]LogModuleManager: Shutting down and abandoning module Paper2DEditor (416)
[2026.01.07-15.32.33:234][566]LogModuleManager: Shutting down and abandoning module MeshPaintingToolset (414)
[2026.01.07-15.32.33:234][566]LogModuleManager: Shutting down and abandoning module MeshPaintEditorMode (412)
[2026.01.07-15.32.33:234][566]LogModuleManager: Shutting down and abandoning module EnvironmentQueryEditor (410)
[2026.01.07-15.32.33:234][566]LogModuleManager: Shutting down and abandoning module GameplayTagsEditor (408)
[2026.01.07-15.32.33:234][566]LogModuleManager: Shutting down and abandoning module FacialAnimationEditor (406)
[2026.01.07-15.32.33:234][566]LogModuleManager: Shutting down and abandoning module FacialAnimation (404)
[2026.01.07-15.32.33:234][566]LogModuleManager: Shutting down and abandoning module DataValidation (402)
[2026.01.07-15.32.33:234][566]LogModuleManager: Shutting down and abandoning module AssetManagerEditor (400)
[2026.01.07-15.32.33:235][566]LogModuleManager: Shutting down and abandoning module LevelEditor (399)
[2026.01.07-15.32.33:235][566]LogModuleManager: Shutting down and abandoning module PixelInspectorModule (398)
[2026.01.07-15.32.33:236][566]LogModuleManager: Shutting down and abandoning module CommonMenuExtensions (396)
[2026.01.07-15.32.33:236][566]LogModuleManager: Shutting down and abandoning module MainFrame (394)
[2026.01.07-15.32.33:236][566]LogModuleManager: Shutting down and abandoning module HotReload (393)
[2026.01.07-15.32.33:236][566]LogModuleManager: Shutting down and abandoning module ToolMenus (389)
[2026.01.07-15.32.33:236][566]LogModuleManager: Shutting down and abandoning module TreeMap (387)
[2026.01.07-15.32.33:236][566]LogModuleManager: Shutting down and abandoning module ActorSequence (384)
[2026.01.07-15.32.33:236][566]LogModuleManager: Shutting down and abandoning module SoundFields (382)
[2026.01.07-15.32.33:236][566]LogModuleManager: Shutting down and abandoning module SignificanceManager (380)
[2026.01.07-15.32.33:236][566]LogModuleManager: Shutting down and abandoning module RuntimePhysXCooking (378)
[2026.01.07-15.32.33:236][566]LogModuleManager: Shutting down and abandoning module PhysXVehiclesEditor (376)
[2026.01.07-15.32.33:236][566]LogModuleManager: Shutting down and abandoning module PropertyAccessEditor (372)
[2026.01.07-15.32.33:236][566]LogModuleManager: Shutting down and abandoning module LocationServicesBPLibrary (370)
[2026.01.07-15.32.33:236][566]LogModuleManager: Shutting down and abandoning module AudioSynesthesia (368)
[2026.01.07-15.32.33:236][566]LogModuleManager: Shutting down and abandoning module AudioSynesthesiaCore (366)
[2026.01.07-15.32.33:236][566]LogModuleManager: Shutting down and abandoning module PythonScriptPlugin (364)
[2026.01.07-15.32.33:236][566]LogModuleManager: Shutting down and abandoning module UdpMessaging (362)
[2026.01.07-15.32.33:338][566]LogModuleManager: Shutting down and abandoning module TcpMessaging (360)
[2026.01.07-15.32.33:438][566]LogModuleManager: Shutting down and abandoning module MagicLeapARPin (358)
[2026.01.07-15.32.33:438][566]LogModuleManager: Shutting down and abandoning module MagicLeapHandMeshing (356)
[2026.01.07-15.32.33:438][566]LogModuleManager: Shutting down and abandoning module MagicLeapSecureStorage (354)
[2026.01.07-15.32.33:438][566]LogModuleManager: Shutting down and abandoning module MagicLeapPrivileges (352)
[2026.01.07-15.32.33:438][566]LogModuleManager: Shutting down and abandoning module MagicLeapPlanes (350)
[2026.01.07-15.32.33:438][566]LogMagicLeapPlanes: Planes tracker already destroyed.
[2026.01.07-15.32.33:438][566]LogModuleManager: Shutting down and abandoning module MagicLeapImageTracker (348)
[2026.01.07-15.32.33:438][566]LogModuleManager: Shutting down and abandoning module MagicLeapIdentity (346)
[2026.01.07-15.32.33:438][566]LogModuleManager: Shutting down and abandoning module MagicLeapHandTracking (344)
[2026.01.07-15.32.33:438][566]LogModuleManager: Shutting down and abandoning module MagicLeapEyeTracker (342)
[2026.01.07-15.32.33:438][566]LogModuleManager: Shutting down and abandoning module MagicLeapController (340)
[2026.01.07-15.32.33:438][566]LogModuleManager: Shutting down and abandoning module MagicLeapARPinImpl (338)
[2026.01.07-15.32.33:438][566]LogModuleManager: Shutting down and abandoning module MagicLeapAR (336)
[2026.01.07-15.32.33:438][566]LogModuleManager: Shutting down and abandoning module ImgMediaEngine (334)
[2026.01.07-15.32.33:438][566]LogModuleManager: Shutting down and abandoning module GameplayCameras (332)
[2026.01.07-15.32.33:438][566]LogModuleManager: Shutting down and abandoning module NiagaraAnimNotifies (330)
[2026.01.07-15.32.33:438][566]LogModuleManager: Shutting down and abandoning module Niagara (328)
[2026.01.07-15.32.33:439][566]LogModuleManager: Shutting down and abandoning module SignalProcessing (327)
[2026.01.07-15.32.33:439][566]LogModuleManager: Shutting down and abandoning module NiagaraEditor (325)
[2026.01.07-15.32.33:439][566]LogModuleManager: Shutting down and abandoning module ContentBrowser (324)
[2026.01.07-15.32.33:439][566]LogModuleManager: Shutting down and abandoning module ContentBrowserData (323)
[2026.01.07-15.32.33:439][566]LogModuleManager: Shutting down and abandoning module NiagaraCore (318)
[2026.01.07-15.32.33:439][566]LogModuleManager: Shutting down and abandoning module PropertyAccessNode (316)
[2026.01.07-15.32.33:439][566]LogModuleManager: Shutting down and abandoning module AnimationSharing (314)
[2026.01.07-15.32.33:439][566]LogModuleManager: Shutting down and abandoning module LightPropagationVolumeRuntime (312)
[2026.01.07-15.32.33:439][566]LogModuleManager: Shutting down and abandoning module Paper2D (310)
[2026.01.07-15.32.33:440][566]LogModuleManager: Shutting down and abandoning module WindowsMoviePlayer (308)
[2026.01.07-15.32.33:442][566]LogModuleManager: Shutting down and abandoning module WebMMoviePlayer (306)
[2026.01.07-15.32.33:442][566]LogModuleManager: Shutting down and abandoning module NetworkReplayStreaming (304)
[2026.01.07-15.32.33:442][566]LogModuleManager: Shutting down and abandoning module PacketHandler (302)
[2026.01.07-15.32.33:442][566]LogModuleManager: Shutting down and abandoning module ClothingSystemEditor (300)
[2026.01.07-15.32.33:442][566]LogModuleManager: Shutting down and abandoning module ClothingSystemRuntimeNv (298)
[2026.01.07-15.32.33:443][566]LogModuleManager: Shutting down and abandoning module MediaAssets (296)
[2026.01.07-15.32.33:443][566]LogModuleManager: Shutting down and abandoning module Overlay (294)
[2026.01.07-15.32.33:443][566]LogModuleManager: Shutting down and abandoning module OverlayEditor (293)
[2026.01.07-15.32.33:443][566]LogModuleManager: Shutting down and abandoning module VREditor (290)
[2026.01.07-15.32.33:443][566]LogModuleManager: Shutting down and abandoning module StringTableEditor (288)
[2026.01.07-15.32.33:443][566]LogModuleManager: Shutting down and abandoning module GameplayTasksEditor (286)
[2026.01.07-15.32.33:443][566]LogModuleManager: Shutting down and abandoning module BehaviorTreeEditor (284)
[2026.01.07-15.32.33:443][566]LogModuleManager: Shutting down and abandoning module FunctionalTesting (282)
[2026.01.07-15.32.33:443][566]LogModuleManager: Shutting down and abandoning module CollisionAnalyzer (280)
[2026.01.07-15.32.33:443][566]LogModuleManager: Shutting down and abandoning module WorkspaceMenuStructure (279)
[2026.01.07-15.32.33:443][566]LogModuleManager: Shutting down and abandoning module UMG (276)
[2026.01.07-15.32.33:443][566]LogModuleManager: Shutting down and abandoning module UMGEditor (275)
[2026.01.07-15.32.33:443][566]LogModuleManager: Shutting down and abandoning module MessageLog (273)
[2026.01.07-15.32.33:443][566]LogModuleManager: Shutting down and abandoning module SlateReflector (268)
[2026.01.07-15.32.33:443][566]LogModuleManager: Shutting down and abandoning module Slate (266)
[2026.01.07-15.32.33:443][566]LogModuleManager: Shutting down and abandoning module SlateCore (264)
[2026.01.07-15.32.33:444][566]LogModuleManager: Shutting down and abandoning module LandscapeEditorUtilities (262)
[2026.01.07-15.32.33:444][566]LogModuleManager: Shutting down and abandoning module UnrealEd (260)
[2026.01.07-15.32.33:444][566]LogModuleManager: Shutting down and abandoning module MRMesh (258)
[2026.01.07-15.32.33:444][566]LogModuleManager: Shutting down and abandoning module SourceCodeAccess (256)
[2026.01.07-15.32.33:444][566]LogModuleManager: Shutting down and abandoning module HeadMountedDisplay (254)
[2026.01.07-15.32.33:444][566]LogModuleManager: Shutting down and abandoning module XAudio2 (252)
[2026.01.07-15.32.33:444][566]LogModuleManager: Shutting down and abandoning module Networking (250)
[2026.01.07-15.32.33:444][566]LogModuleManager: Shutting down and abandoning module Core (248)
[2026.01.07-15.32.33:444][566]LogModuleManager: Shutting down and abandoning module MaterialEditor (246)
[2026.01.07-15.32.33:444][566]LogModuleManager: Shutting down and abandoning module MovieSceneTools (244)
[2026.01.07-15.32.33:444][566]LogModuleManager: Shutting down and abandoning module CurveEditor (243)
[2026.01.07-15.32.33:444][566]LogModuleManager: Shutting down and abandoning module Sequencer (241)
[2026.01.07-15.32.33:444][566]LogModuleManager: Shutting down and abandoning module EditorStyle (240)
[2026.01.07-15.32.33:444][566]LogModuleManager: Shutting down and abandoning module KismetCompiler (236)
[2026.01.07-15.32.33:444][566]LogModuleManager: Shutting down and abandoning module MeshBuilder (234)
[2026.01.07-15.32.33:444][566]LogModuleManager: Shutting down and abandoning module MeshUtilities (232)
[2026.01.07-15.32.33:444][566]LogModuleManager: Shutting down and abandoning module MeshMergeUtilities (231)
[2026.01.07-15.32.33:444][566]LogModuleManager: Shutting down and abandoning module MeshReductionInterface (230)
[2026.01.07-15.32.33:444][566]LogModuleManager: Shutting down and abandoning module MeshBoneReduction (229)
[2026.01.07-15.32.33:444][566]LogModuleManager: Shutting down and abandoning module SkeletalMeshReduction (227)
[2026.01.07-15.32.33:444][566]LogModuleManager: Shutting down and abandoning module ProxyLODMeshReduction (225)
[2026.01.07-15.32.33:444][566]LogModuleManager: Shutting down and abandoning module QuadricMeshReduction (223)
[2026.01.07-15.32.33:444][566]LogModuleManager: Shutting down and abandoning module MaterialBaking (219)
[2026.01.07-15.32.33:444][566]LogModuleManager: Shutting down and abandoning module NullInstallBundleManager (214)
[2026.01.07-15.32.33:444][566]LogModuleManager: Shutting down and abandoning module DerivedDataCache (212)
[2026.01.07-15.32.33:444][566]LogModuleManager: Shutting down and abandoning module TargetPlatform (210)
[2026.01.07-15.32.33:444][566]LogModuleManager: Shutting down and abandoning module VulkanShaderFormat (209)
[2026.01.07-15.32.33:445][566]LogModuleManager: Shutting down and abandoning module ShaderFormatVectorVM (207)
[2026.01.07-15.32.33:445][566]LogModuleManager: Shutting down and abandoning module ShaderFormatOpenGL (205)
[2026.01.07-15.32.33:445][566]LogModuleManager: Shutting down and abandoning module ShaderFormatD3D (203)
[2026.01.07-15.32.33:445][566]LogModuleManager: Shutting down and abandoning module MetalShaderFormat (201)
[2026.01.07-15.32.33:445][566]LogModuleManager: Shutting down and abandoning module TextureFormatOodle (199)
[2026.01.07-15.32.33:445][566]LogModuleManager: Shutting down and abandoning module TextureFormatUncompressed (197)
[2026.01.07-15.32.33:445][566]LogModuleManager: Shutting down and abandoning module TextureFormatPVR (195)
[2026.01.07-15.32.33:445][566]LogModuleManager: Shutting down and abandoning module TextureFormatETC2 (193)
[2026.01.07-15.32.33:445][566]LogModuleManager: Shutting down and abandoning module TextureFormatDXT (191)
[2026.01.07-15.32.33:445][566]LogModuleManager: Shutting down and abandoning module TextureFormatIntelISPCTexComp (189)
[2026.01.07-15.32.33:445][566]LogModuleManager: Shutting down and abandoning module TextureFormatASTC (187)
[2026.01.07-15.32.33:445][566]LogModuleManager: Shutting down and abandoning module ImageWrapper (186)
[2026.01.07-15.32.33:445][566]LogModuleManager: Shutting down and abandoning module AudioFormatOpus (183)
[2026.01.07-15.32.33:445][566]LogModuleManager: Shutting down and abandoning module AudioFormatOgg (181)
[2026.01.07-15.32.33:445][566]LogModuleManager: Shutting down and abandoning module AudioFormatADPCM (179)
[2026.01.07-15.32.33:445][566]LogModuleManager: Shutting down and abandoning module WindowsServerTargetPlatform (177)
[2026.01.07-15.32.33:445][566]LogModuleManager: Shutting down and abandoning module WindowsClientTargetPlatform (175)
[2026.01.07-15.32.33:445][566]LogModuleManager: Shutting down and abandoning module WindowsTargetPlatform (173)
[2026.01.07-15.32.33:445][566]LogModuleManager: Shutting down and abandoning module WindowsNoEditorTargetPlatform (171)
[2026.01.07-15.32.33:445][566]LogModuleManager: Shutting down and abandoning module TVOSTargetPlatform (169)
[2026.01.07-15.32.33:445][566]LogModuleManager: Shutting down and abandoning module MacServerTargetPlatform (167)
[2026.01.07-15.32.33:445][566]LogModuleManager: Shutting down and abandoning module MacClientTargetPlatform (165)
[2026.01.07-15.32.33:445][566]LogModuleManager: Shutting down and abandoning module MacTargetPlatform (163)
[2026.01.07-15.32.33:445][566]LogModuleManager: Shutting down and abandoning module MacNoEditorTargetPlatform (161)
[2026.01.07-15.32.33:445][566]LogModuleManager: Shutting down and abandoning module LuminTargetPlatform (159)
[2026.01.07-15.32.33:446][566]LogModuleManager: Shutting down and abandoning module LinuxAArch64ServerTargetPlatform (157)
[2026.01.07-15.32.33:446][566]LogModuleManager: Shutting down and abandoning module LinuxAArch64ClientTargetPlatform (155)
[2026.01.07-15.32.33:446][566]LogModuleManager: Shutting down and abandoning module LinuxAArch64NoEditorTargetPlatform (153)
[2026.01.07-15.32.33:446][566]LogModuleManager: Shutting down and abandoning module LinuxServerTargetPlatform (151)
[2026.01.07-15.32.33:446][566]LogModuleManager: Shutting down and abandoning module LinuxClientTargetPlatform (149)
[2026.01.07-15.32.33:446][566]LogModuleManager: Shutting down and abandoning module LinuxNoEditorTargetPlatform (147)
[2026.01.07-15.32.33:446][566]LogModuleManager: Shutting down and abandoning module LinuxTargetPlatform (145)
[2026.01.07-15.32.33:446][566]LogModuleManager: Shutting down and abandoning module Messaging (143)
[2026.01.07-15.32.33:446][566]LogModuleManager: Shutting down and abandoning module IOSTargetPlatform (141)
[2026.01.07-15.32.33:446][566]LogModuleManager: Shutting down and abandoning module AndroidTargetPlatform (139)
[2026.01.07-15.32.33:448][566]LogModuleManager: Shutting down and abandoning module AllDesktopTargetPlatform (137)
[2026.01.07-15.32.33:448][566]LogModuleManager: Shutting down and abandoning module D3D11RHI (134)
[2026.01.07-15.32.33:448][566]LogModuleManager: Shutting down and abandoning module InputCore (132)
[2026.01.07-15.32.33:448][566]LogModuleManager: Shutting down and abandoning module Settings (130)
[2026.01.07-15.32.33:448][566]LogModuleManager: Shutting down and abandoning module DirectoryWatcher (128)
[2026.01.07-15.32.33:448][566]LogModuleManager: Shutting down and abandoning module PhysXCooking (126)
[2026.01.07-15.32.33:448][566]LogModuleManager: Shutting down and abandoning module Chaos (124)
[2026.01.07-15.32.33:448][566]LogModuleManager: Shutting down and abandoning module WindowsPlatformFeatures (122)
[2026.01.07-15.32.33:448][566]LogModuleManager: Shutting down and abandoning module GameplayMediaEncoder (121)
[2026.01.07-15.32.33:448][566]LogModuleManager: Shutting down and abandoning module AVEncoder (120)
[2026.01.07-15.32.33:448][566]LogModuleManager: Shutting down and abandoning module SteamVRInputDevice (116)
[2026.01.07-15.32.33:448][566]LogModuleManager: Shutting down and abandoning module SteamVRInput (114)
[2026.01.07-15.32.33:448][566]LogModuleManager: Shutting down and abandoning module SteamVR (112)
[2026.01.07-15.32.33:448][566]LogHMD: Freeing OpenVRDLLHandle.
[2026.01.07-15.32.33:448][566]LogModuleManager: Shutting down and abandoning module OculusHMD (110)
[2026.01.07-15.32.33:448][566]LogModuleManager: Shutting down and abandoning module AISupportModule (108)
[2026.01.07-15.32.33:448][566]LogModuleManager: Shutting down and abandoning module OpenXRHandTracking (106)
[2026.01.07-15.32.33:448][566]LogSlate: Slate User Destroyed.  User Index 0, Is Virtual User: 0
[2026.01.07-15.32.33:448][566]LogModuleManager: Shutting down and abandoning module OpenXREyeTracker (104)
[2026.01.07-15.32.33:448][566]LogModuleManager: Shutting down and abandoning module OpenXRAR (102)
[2026.01.07-15.32.33:448][566]LogModuleManager: Shutting down and abandoning module AugmentedReality (101)
[2026.01.07-15.32.33:448][566]LogModuleManager: Shutting down and abandoning module OpenXRHMD (98)
[2026.01.07-15.32.33:449][566]LogModuleManager: Shutting down and abandoning module ChunkDownloader (96)
[2026.01.07-15.32.33:449][566]LogModuleManager: Shutting down and abandoning module ExampleDeviceProfileSelector (94)
[2026.01.07-15.32.33:449][566]LogModuleManager: Shutting down and abandoning module LauncherChunkInstaller (92)
[2026.01.07-15.32.33:449][566]LogModuleManager: Shutting down and abandoning module OnlineBlueprintSupport (90)
[2026.01.07-15.32.33:449][566]LogModuleManager: Shutting down and abandoning module OnlineSubsystem (86)
[2026.01.07-15.32.33:450][566]LogModuleManager: Shutting down and abandoning module XMPP (81)
[2026.01.07-15.32.33:450][566]LogModuleManager: Shutting down and abandoning module WebSockets (80)
[2026.01.07-15.32.33:473][566]LogModuleManager: Shutting down and abandoning module HTTP (77)
[2026.01.07-15.32.33:473][566]LogHttp: Display: Http module shutting down, but needs to wait on 1 outstanding Http requests:
[2026.01.07-15.32.33:473][566]LogHttp: Display: 	verb=[POST] url=[https://datarouter.ol.epicgames.com/datarouter/api/v1/public/data?SessionID=%7B451D5FE6-4B3D-C18B-DEB2-0AABF80EFA92%7D&AppID=UEEditor.Rocket.Release&AppVersion=4.27.2-18319896%2B%2B%2BUE4%2BRelease-4.27&UserID=b3054aa44b0b5390746a0e86d9f0a1f0%7C0dac5ba5e0424d72abe55398be510165%7C172ba42e-47bd-4b87-a3d7-5ad34345227c&AppEnvironment=datacollector-binary&UploadType=eteventstream] refs=[1] status=Processing
[2026.01.07-15.32.33:473][566]LogHttp: Display: cleaning up 1 outstanding Http requests.
[2026.01.07-15.32.33:484][566]LogModuleManager: Shutting down and abandoning module SSL (76)
[2026.01.07-15.32.33:486][566]LogModuleManager: Shutting down and abandoning module ChaosCloth (72)
[2026.01.07-15.32.33:486][566]LogModuleManager: Shutting down and abandoning module MLSDK (70)
[2026.01.07-15.32.33:486][566]LogModuleManager: Shutting down and abandoning module MagicLeap (68)
[2026.01.07-15.32.33:486][566]LogModuleManager: Shutting down and abandoning module WmfMedia (66)
[2026.01.07-15.32.33:489][566]LogModuleManager: Shutting down and abandoning module Media (65)
[2026.01.07-15.32.33:491][566]LogModuleManager: Shutting down and abandoning module MediaInfo (64)
[2026.01.07-15.32.33:491][566]LogModuleManager: Shutting down and abandoning module ExrReaderGpu (60)
[2026.01.07-15.32.33:491][566]LogModuleManager: Shutting down and abandoning module NiagaraVertexFactories (58)
[2026.01.07-15.32.33:491][566]LogModuleManager: Shutting down and abandoning module NiagaraShader (56)
[2026.01.07-15.32.33:491][566]LogModuleManager: Shutting down and abandoning module PixWinPlugin (54)
[2026.01.07-15.32.33:491][566]LogModuleManager: Shutting down and abandoning module VariantManagerContent (52)
[2026.01.07-15.32.33:491][566]LogModuleManager: Shutting down and abandoning module DatasmithContent (50)
[2026.01.07-15.32.33:493][566]LogModuleManager: Shutting down and abandoning module DesktopPlatform (48)
[2026.01.07-15.32.33:493][566]LogModuleManager: Shutting down and abandoning module PythonScriptPluginPreload (46)
[2026.01.07-15.32.33:493][566]LogModuleManager: Shutting down and abandoning module PlatformCryptoOpenSSL (44)
[2026.01.07-15.32.33:493][566]LogModuleManager: Shutting down and abandoning module PlatformCryptoTypes (42)
[2026.01.07-15.32.33:493][566]LogModuleManager: Shutting down and abandoning module PlatformCrypto (40)
[2026.01.07-15.32.33:493][566]LogModuleManager: Shutting down and abandoning module OodleDataCompressionFormat (38)
[2026.01.07-15.32.33:493][566]LogModuleManager: Shutting down and abandoning module XGEController (36)
[2026.01.07-15.32.33:493][566]LogModuleManager: Shutting down and abandoning module AnimationModifiers (34)
[2026.01.07-15.32.33:493][566]LogModuleManager: Shutting down and abandoning module AudioEditor (32)
[2026.01.07-15.32.33:493][566]LogModuleManager: Shutting down and abandoning module PropertyEditor (31)
[2026.01.07-15.32.33:493][566]LogModuleManager: Shutting down and abandoning module TextureCompressor (28)
[2026.01.07-15.32.33:493][566]LogModuleManager: Shutting down and abandoning module RenderCore (26)
[2026.01.07-15.32.33:493][566]LogModuleManager: Shutting down and abandoning module Landscape (24)
[2026.01.07-15.32.33:493][566]LogModuleManager: Shutting down and abandoning module SlateRHIRenderer (22)
[2026.01.07-15.32.33:494][566]LogModuleManager: Shutting down and abandoning module AnimGraphRuntime (20)
[2026.01.07-15.32.33:494][566]LogModuleManager: Shutting down and abandoning module Renderer (18)
[2026.01.07-15.32.33:494][566]LogModuleManager: Shutting down and abandoning module Engine (16)
[2026.01.07-15.32.33:494][566]LogModuleManager: Shutting down and abandoning module CoreUObject (14)
[2026.01.07-15.32.33:494][566]LogModuleManager: Shutting down and abandoning module NetworkFile (12)
[2026.01.07-15.32.33:494][566]LogModuleManager: Shutting down and abandoning module CookedIterativeFile (10)
[2026.01.07-15.32.33:494][566]LogModuleManager: Shutting down and abandoning module StreamingFile (8)
[2026.01.07-15.32.33:494][566]LogModuleManager: Shutting down and abandoning module SandboxFile (6)
[2026.01.07-15.32.33:494][566]LogModuleManager: Shutting down and abandoning module PakFile (4)
[2026.01.07-15.32.33:494][566]LogModuleManager: Shutting down and abandoning module RSA (3)
[2026.01.07-15.32.33:495][566]LogContentStreaming: Display: There are 1 unreleased StreamingManagers
[2026.01.07-15.32.33:508][566]LogD3D11RHI: Shutdown
[2026.01.07-15.32.33:509][566]LogD3D11RHI: CleanupD3DDevice
[2026.01.07-15.32.33:512][566]LogExit: Exiting.
[2026.01.07-15.32.33:526][566]Log file closed, 01/07/26 16:32:33
