Log file open, 01/05/26 17:19:28
LogWindows: Failed to load 'aqProf.dll' (GetLastError=126)
LogWindows: File 'aqProf.dll' does not exist
LogWindows: Failed to load 'VtuneApi.dll' (GetLastError=126)
LogWindows: File 'VtuneApi.dll' does not exist
LogWindows: Failed to load 'VtuneApi32e.dll' (GetLastError=126)
LogWindows: File 'VtuneApi32e.dll' does not exist
LogConsoleResponse: Display: Failed to find resolution value strings in scalability ini. Falling back to default.
LogConsoleResponse: Display: Failed to find resolution value strings in scalability ini. Falling back to default.
LogInit: Display: Running engine for game: ligma_3rd_person
LogPlatformFile: Not using cached read wrapper
LogTaskGraph: Started task graph with 5 named threads and 14 total threads with 3 sets of task threads.
LogStats: Stats thread started at 0.268140
LogICUInternationalization: ICU TimeZone Detection - Raw Offset: +1:00, Platform Override: ''
LogInit: Display: Loading text-based GConfig....
LogPluginManager: Mounting plugin MeshPainting
LogPluginManager: Mounting plugin XGEController
LogPluginManager: Mounting plugin Paper2D
LogPluginManager: Mounting plugin LiveLink
LogPluginManager: Mounting plugin AISupport
LogPluginManager: Mounting plugin EnvironmentQueryEditor
LogPluginManager: Mounting plugin LightPropagationVolume
LogPluginManager: Mounting plugin CameraShakePreviewer
LogPluginManager: Mounting plugin GameplayCameras
LogPluginManager: Mounting plugin OodleData
LogPluginManager: Mounting plugin OodleNetwork
LogPluginManager: Mounting plugin AnimationSharing
LogPluginManager: Mounting plugin CLionSourceCodeAccess
LogPluginManager: Mounting plugin CodeLiteSourceCodeAccess
LogPluginManager: Mounting plugin GitSourceControl
LogPluginManager: Mounting plugin KDevelopSourceCodeAccess
LogPluginManager: Mounting plugin NullSourceCodeAccess
LogPluginManager: Mounting plugin PerforceSourceControl
LogPluginManager: Mounting plugin PixWinPlugin
LogPluginManager: Mounting plugin PlasticSourceControl
LogPluginManager: Mounting plugin PluginUtils
LogPluginManager: Mounting plugin PropertyAccessNode
LogPluginManager: Mounting plugin RiderSourceCodeAccess
LogPluginManager: Mounting plugin SubversionSourceControl
LogPluginManager: Mounting plugin TextureFormatOodle
LogPluginManager: Mounting plugin UObjectPlugin
LogPluginManager: Mounting plugin VisualStudioCodeSourceCodeAccess
LogPluginManager: Mounting plugin VisualStudioSourceCodeAccess
LogPluginManager: Mounting plugin XCodeSourceCodeAccess
LogPluginManager: Mounting plugin AssetManagerEditor
LogPluginManager: Mounting plugin CryptoKeys
LogPluginManager: Mounting plugin CurveEditorTools
LogPluginManager: Mounting plugin DataValidation
LogPluginManager: Mounting plugin FacialAnimation
LogPluginManager: Mounting plugin GameplayTagsEditor
LogPluginManager: Mounting plugin GeometryMode
LogPluginManager: Mounting plugin MacGraphicsSwitching
LogPluginManager: Mounting plugin MaterialAnalyzer
LogPluginManager: Mounting plugin MobileLauncherProfileWizard
LogPluginManager: Mounting plugin PluginBrowser
LogPluginManager: Mounting plugin SpeedTreeImporter
LogPluginManager: Mounting plugin DatasmithContent
LogPluginManager: Mounting plugin VariantManagerContent
LogPluginManager: Mounting plugin AlembicImporter
LogPluginManager: Mounting plugin AutomationUtils
LogPluginManager: Mounting plugin BackChannel
LogPluginManager: Mounting plugin ChaosCloth
LogPluginManager: Mounting plugin Niagara
LogPluginManager: Mounting plugin ChaosClothEditor
LogPluginManager: Mounting plugin ChaosEditor
LogPluginManager: Mounting plugin ChaosNiagara
LogPluginManager: Mounting plugin ChaosSolverPlugin
LogPluginManager: Mounting plugin CharacterAI
LogPluginManager: Mounting plugin GeometryCollectionPlugin
LogPluginManager: Mounting plugin GeometryProcessing
LogPluginManager: Mounting plugin MotoSynth
LogPluginManager: Mounting plugin OpenImageDenoise
LogPluginManager: Mounting plugin PlanarCut
LogPluginManager: Mounting plugin PlatformCrypto
LogPluginManager: Mounting plugin ProxyLODPlugin
LogPluginManager: Mounting plugin PythonScriptPlugin
LogPluginManager: Mounting plugin SkeletalReduction
LogPluginManager: Mounting plugin LuminPlatformFeatures
LogPluginManager: Mounting plugin MagicLeap
LogPluginManager: Mounting plugin MagicLeapLightEstimation
LogPluginManager: Mounting plugin MagicLeapMedia
LogPluginManager: Mounting plugin MagicLeapPassableWorld
LogPluginManager: Mounting plugin MLSDK
LogPluginManager: Mounting plugin AndroidMedia
LogPluginManager: Mounting plugin AvfMedia
LogPluginManager: Mounting plugin ImgMedia
LogPluginManager: Mounting plugin MediaCompositing
LogPluginManager: Mounting plugin MediaPlayerEditor
LogPluginManager: Mounting plugin WebMMedia
LogPluginManager: Mounting plugin WmfMedia
LogPluginManager: Mounting plugin TcpMessaging
LogPluginManager: Mounting plugin UdpMessaging
LogPluginManager: Mounting plugin ActorSequence
LogPluginManager: Mounting plugin LevelSequenceEditor
LogPluginManager: Mounting plugin MatineeToLevelSequence
LogPluginManager: Mounting plugin TemplateSequence
LogPluginManager: Mounting plugin OnlineSubsystem
LogPluginManager: Mounting plugin OnlineSubsystemNull
LogPluginManager: Mounting plugin OnlineSubsystemUtils
LogPluginManager: Mounting plugin LauncherChunkInstaller
LogPluginManager: Mounting plugin ActorLayerUtilities
LogPluginManager: Mounting plugin AndroidDeviceProfileSelector
LogPluginManager: Mounting plugin AndroidMoviePlayer
LogPluginManager: Mounting plugin AndroidPermission
LogPluginManager: Mounting plugin AppleImageUtils
LogPluginManager: Mounting plugin AppleMoviePlayer
LogPluginManager: Mounting plugin ArchVisCharacter
LogPluginManager: Mounting plugin AssetTags
LogPluginManager: Mounting plugin AudioCapture
LogPluginManager: Mounting plugin AudioSynesthesia
LogPluginManager: Mounting plugin CableComponent
LogPluginManager: Mounting plugin ChunkDownloader
LogPluginManager: Mounting plugin CustomMeshComponent
LogPluginManager: Mounting plugin EditableMesh
LogPluginManager: Mounting plugin ExampleDeviceProfileSelector
LogPluginManager: Mounting plugin GoogleCloudMessaging
LogPluginManager: Mounting plugin GooglePAD
LogPluginManager: Mounting plugin IOSDeviceProfileSelector
LogPluginManager: Mounting plugin LinuxDeviceProfileSelector
LogPluginManager: Mounting plugin LocationServicesBPLibrary
LogPluginManager: Mounting plugin MobilePatchingUtils
LogPluginManager: Mounting plugin OpenXR
LogPluginManager: Mounting plugin OpenXREyeTracker
LogPluginManager: Mounting plugin OpenXRHandTracking
LogPluginManager: Mounting plugin PostSplashScreen
LogPluginManager: Mounting plugin PhysXVehicles
LogPluginManager: Mounting plugin PropertyAccessEditor
LogPluginManager: Mounting plugin ProceduralMeshComponent
LogPluginManager: Mounting plugin RuntimePhysXCooking
LogPluginManager: Mounting plugin SignificanceManager
LogPluginManager: Mounting plugin SoundFields
LogPluginManager: Mounting plugin Synthesis
LogPluginManager: Mounting plugin WebMMoviePlayer
LogPluginManager: Mounting plugin WindowsMoviePlayer
LogPluginManager: Mounting plugin ScreenshotTools
LogPluginManager: Mounting plugin Takes
LogPluginManager: Mounting plugin GeometryCache
LogPluginManager: Mounting plugin ContentBrowserAssetDataSource
LogPluginManager: Mounting plugin ContentBrowserClassDataSource
LogPluginManager: Mounting plugin ContentBrowserFileDataSource
LogPluginManager: Mounting plugin OnlineSubsystemGooglePlay
LogPluginManager: Mounting plugin OnlineSubsystemIOS
LogPluginManager: Mounting plugin OculusVR
LogPluginManager: Mounting plugin SteamVR
PixWinPlugin: PIX capture plugin failed to initialize! Check that the process is launched from PIX.
LogInit: Using libcurl 7.55.1-DEV
LogInit:  - built for x86_64-pc-win32
LogInit:  - supports SSL with OpenSSL/1.1.1
LogInit:  - supports HTTP deflate (compression) using libz 1.2.8
LogInit:  - other features:
LogInit:      CURL_VERSION_SSL
LogInit:      CURL_VERSION_LIBZ
LogInit:      CURL_VERSION_IPV6
LogInit:      CURL_VERSION_ASYNCHDNS
LogInit:      CURL_VERSION_LARGEFILE
LogInit:      CURL_VERSION_IDN
LogInit:  CurlRequestOptions (configurable via config and command line):
LogInit:  - bVerifyPeer = true  - Libcurl will verify peer certificate
LogInit:  - bUseHttpProxy = false  - Libcurl will NOT use HTTP proxy
LogInit:  - bDontReuseConnections = false  - Libcurl will reuse connections
LogInit:  - MaxHostConnections = 16  - Libcurl will limit the number of connections to a host
LogInit:  - LocalHostAddr = Default
LogInit:  - BufferSize = 65536
LogOnline: OSS: Creating online subsystem instance for: NULL
LogInit: WinSock: version 1.1 (2.2), MaxSocks=32767, MaxUdp=65467
LogOnline: OSS: TryLoadSubsystemAndSetDefault: Loaded subsystem for module [NULL]
LogOculusPluginWrapper: OculusPlugin initialized successfully
LogHMD: Failed initializing OVRPlugin 1.59.0
LogInit: Build: ++UE4+Release-4.27-CL-18319896
LogInit: Engine Version: 4.27.2-18319896+++UE4+Release-4.27
LogInit: Compatible Engine Version: 4.27.0-17155196+++UE4+Release-4.27
LogInit: Net CL: 17155196
LogInit: OS: Windows 10 (Release 2009) (), CPU: Intel(R) Core(TM) i5-6600 CPU @ 3.30GHz, GPU: NVIDIA GeForce GTX 1650
LogInit: Compiled (64-bit): Nov 30 2021 07:12:08
LogInit: Compiled with Visual C++: 19.24.28315.00
LogInit: Build Configuration: Development
LogInit: Branch Name: ++UE4+Release-4.27
LogInit: Command Line:  -AUTH_LOGIN=unused -AUTH_PASSWORD=d674083452514405b90e9c2946e00939 -AUTH_TYPE=exchangecode -epicapp=UE_4.27 -epicenv=Prod -EpicPortal -epicusername=rob4k314 -epicuserid=0dac5ba5e0424d72abe55398be510165 -epiclocale=pl -epicsandboxid=ue
LogInit: Base Directory: C:/Program Files/Epic Games/UE_4.27/Engine/Binaries/Win64/
LogInit: Allocator: TBB
LogInit: Installed Engine Build: 1
LogDevObjectVersion: Number of dev versions registered: 29
LogDevObjectVersion:   Dev-Blueprints (B0D832E4-1F89-4F0D-ACCF-7EB736FD4AA2): 10
LogDevObjectVersion:   Dev-Build (E1C64328-A22C-4D53-A36C-8E866417BD8C): 0
LogDevObjectVersion:   Dev-Core (375EC13C-06E4-48FB-B500-84F0262A717E): 4
LogDevObjectVersion:   Dev-Editor (E4B068ED-F494-42E9-A231-DA0B2E46BB41): 40
LogDevObjectVersion:   Dev-Framework (CFFC743F-43B0-4480-9391-14DF171D2073): 37
LogDevObjectVersion:   Dev-Mobile (B02B49B5-BB20-44E9-A304-32B752E40360): 3
LogDevObjectVersion:   Dev-Networking (A4E4105C-59A1-49B5-A7C5-40C4547EDFEE): 0
LogDevObjectVersion:   Dev-Online (39C831C9-5AE6-47DC-9A44-9C173E1C8E7C): 0
LogDevObjectVersion:   Dev-Physics (78F01B33-EBEA-4F98-B9B4-84EACCB95AA2): 14
LogDevObjectVersion:   Dev-Platform (6631380F-2D4D-43E0-8009-CF276956A95A): 0
LogDevObjectVersion:   Dev-Rendering (12F88B9F-8875-4AFC-A67C-D90C383ABD29): 45
LogDevObjectVersion:   Dev-Sequencer (7B5AE74C-D270-4C10-A958-57980B212A5A): 13
LogDevObjectVersion:   Dev-VR (D7296918-1DD6-4BDD-9DE2-64A83CC13884): 3
LogDevObjectVersion:   Dev-LoadTimes (C2A15278-BFE7-4AFE-6C17-90FF531DF755): 1
LogDevObjectVersion:   Private-Geometry (6EACA3D4-40EC-4CC1-B786-8BED09428FC5): 3
LogDevObjectVersion:   Dev-AnimPhys (29E575DD-E0A3-4627-9D10-D276232CDCEA): 17
LogDevObjectVersion:   Dev-Anim (AF43A65D-7FD3-4947-9873-3E8ED9C1BB05): 15
LogDevObjectVersion:   Dev-ReflectionCapture (6B266CEC-1EC7-4B8F-A30B-E4D90942FC07): 1
LogDevObjectVersion:   Dev-Automation (0DF73D61-A23F-47EA-B727-89E90C41499A): 1
LogDevObjectVersion:   FortniteMain (601D1886-AC64-4F84-AA16-D3DE0DEAC7D6): 47
LogDevObjectVersion:   FortniteRelease (E7086368-6B23-4C58-8439-1B7016265E91): 1
LogDevObjectVersion:   Dev-Enterprise (9DFFBCD6-494F-0158-E221-12823C92A888): 10
LogDevObjectVersion:   Dev-Niagara (F2AED0AC-9AFE-416F-8664-AA7FFA26D6FC): 1
LogDevObjectVersion:   Dev-Destruction (174F1F0B-B4C6-45A5-B13F-2EE8D0FB917D): 10
LogDevObjectVersion:   Dev-Physics-Ext (35F94A83-E258-406C-A318-09F59610247C): 41
LogDevObjectVersion:   Dev-PhysicsMaterial-Chaos (B68FC16E-8B1B-42E2-B453-215C058844FE): 1
LogDevObjectVersion:   Dev-CineCamera (B2E18506-4273-CFC2-A54E-F4BB758BBA07): 1
LogDevObjectVersion:   Dev-VirtualProduction (64F58936-FD1B-42BA-BA96-7289D5D0FA4E): 1
LogDevObjectVersion:   Dev-MediaFramework (6F0ED827-A609-4895-9C91-998D90180EA4): 2
LogInit: Presizing for max 25165824 objects, including 0 objects not considered by GC, pre-allocating 0 bytes for permanent pool.
LogConfig: Applying CVar settings from Section [/Script/Engine.StreamingSettings] File [F:/rejp/ripositor/ligma_3rd_person/Saved/Config/Windows/Engine.ini]
LogConfig: Setting CVar [[s.MinBulkDataSizeForAsyncLoading:131072]]
LogConfig: Setting CVar [[s.AsyncLoadingThreadEnabled:0]]
LogConfig: Setting CVar [[s.EventDrivenLoaderEnabled:1]]
LogConfig: Setting CVar [[s.WarnIfTimeLimitExceeded:0]]
LogConfig: Setting CVar [[s.TimeLimitExceededMultiplier:1.5]]
LogConfig: Setting CVar [[s.TimeLimitExceededMinTime:0.005]]
LogConfig: Setting CVar [[s.UseBackgroundLevelStreaming:1]]
LogConfig: Setting CVar [[s.PriorityAsyncLoadingExtraTime:15.0]]
LogConfig: Setting CVar [[s.LevelStreamingActorsUpdateTimeLimit:5.0]]
LogConfig: Setting CVar [[s.PriorityLevelStreamingActorsUpdateExtraTime:5.0]]
LogConfig: Setting CVar [[s.LevelStreamingComponentsRegistrationGranularity:10]]
LogConfig: Setting CVar [[s.UnregisterComponentsTimeLimit:1.0]]
LogConfig: Setting CVar [[s.LevelStreamingComponentsUnregistrationGranularity:5]]
LogConfig: Setting CVar [[s.FlushStreamingOnExit:1]]
LogInit: Object subsystem initialized
LogConfig: Setting CVar [[con.DebugEarlyDefault:1]]
LogConfig: Setting CVar [[r.setres:1280x720]]
[2026.01.05-16.19.29:128][  0]LogConfig: Setting CVar [[r.VSync:0]]
[2026.01.05-16.19.29:128][  0]LogConfig: Setting CVar [[r.RHICmdBypass:0]]
[2026.01.05-16.19.29:128][  0]LogConfig: Applying CVar settings from Section [/Script/Engine.RendererSettings] File [F:/rejp/ripositor/ligma_3rd_person/Saved/Config/Windows/Engine.ini]
[2026.01.05-16.19.29:128][  0]LogConfig: Setting CVar [[r.GPUCrashDebugging:0]]
[2026.01.05-16.19.29:128][  0]LogConfig: Applying CVar settings from Section [/Script/Engine.RendererOverrideSettings] File [F:/rejp/ripositor/ligma_3rd_person/Saved/Config/Windows/Engine.ini]
[2026.01.05-16.19.29:128][  0]LogConfig: Applying CVar settings from Section [/Script/Engine.StreamingSettings] File [F:/rejp/ripositor/ligma_3rd_person/Saved/Config/Windows/Engine.ini]
[2026.01.05-16.19.29:128][  0]LogConfig: Setting CVar [[s.MinBulkDataSizeForAsyncLoading:131072]]
[2026.01.05-16.19.29:128][  0]LogConfig: Setting CVar [[s.AsyncLoadingThreadEnabled:0]]
[2026.01.05-16.19.29:128][  0]LogConfig: Setting CVar [[s.EventDrivenLoaderEnabled:1]]
[2026.01.05-16.19.29:128][  0]LogConfig: Setting CVar [[s.WarnIfTimeLimitExceeded:0]]
[2026.01.05-16.19.29:128][  0]LogConfig: Setting CVar [[s.TimeLimitExceededMultiplier:1.5]]
[2026.01.05-16.19.29:128][  0]LogConfig: Setting CVar [[s.TimeLimitExceededMinTime:0.005]]
[2026.01.05-16.19.29:128][  0]LogConfig: Setting CVar [[s.UseBackgroundLevelStreaming:1]]
[2026.01.05-16.19.29:128][  0]LogConfig: Setting CVar [[s.PriorityAsyncLoadingExtraTime:15.0]]
[2026.01.05-16.19.29:128][  0]LogConfig: Setting CVar [[s.LevelStreamingActorsUpdateTimeLimit:5.0]]
[2026.01.05-16.19.29:128][  0]LogConfig: Setting CVar [[s.PriorityLevelStreamingActorsUpdateExtraTime:5.0]]
[2026.01.05-16.19.29:128][  0]LogConfig: Setting CVar [[s.LevelStreamingComponentsRegistrationGranularity:10]]
[2026.01.05-16.19.29:128][  0]LogConfig: Setting CVar [[s.UnregisterComponentsTimeLimit:1.0]]
[2026.01.05-16.19.29:128][  0]LogConfig: Setting CVar [[s.LevelStreamingComponentsUnregistrationGranularity:5]]
[2026.01.05-16.19.29:128][  0]LogConfig: Setting CVar [[s.FlushStreamingOnExit:1]]
[2026.01.05-16.19.29:128][  0]LogConfig: Applying CVar settings from Section [/Script/Engine.GarbageCollectionSettings] File [F:/rejp/ripositor/ligma_3rd_person/Saved/Config/Windows/Engine.ini]
[2026.01.05-16.19.29:128][  0]LogConfig: Setting CVar [[gc.MaxObjectsNotConsideredByGC:1]]
[2026.01.05-16.19.29:128][  0]LogConfig: Setting CVar [[gc.SizeOfPermanentObjectPool:0]]
[2026.01.05-16.19.29:128][  0]LogConfig: Setting CVar [[gc.FlushStreamingOnGC:0]]
[2026.01.05-16.19.29:128][  0]LogConfig: Setting CVar [[gc.NumRetriesBeforeForcingGC:10]]
[2026.01.05-16.19.29:128][  0]LogConfig: Setting CVar [[gc.AllowParallelGC:1]]
[2026.01.05-16.19.29:128][  0]LogConfig: Setting CVar [[gc.TimeBetweenPurgingPendingKillObjects:61.1]]
[2026.01.05-16.19.29:128][  0]LogConfig: Setting CVar [[gc.MaxObjectsInEditor:25165824]]
[2026.01.05-16.19.29:128][  0]LogConfig: Setting CVar [[gc.IncrementalBeginDestroyEnabled:1]]
[2026.01.05-16.19.29:128][  0]LogConfig: Setting CVar [[gc.CreateGCClusters:1]]
[2026.01.05-16.19.29:128][  0]LogConfig: Setting CVar [[gc.MinGCClusterSize:5]]
[2026.01.05-16.19.29:128][  0]LogConfig: Setting CVar [[gc.ActorClusteringEnabled:0]]
[2026.01.05-16.19.29:128][  0]LogConfig: Setting CVar [[gc.BlueprintClusteringEnabled:0]]
[2026.01.05-16.19.29:128][  0]LogConfig: Setting CVar [[gc.UseDisregardForGCOnDedicatedServers:0]]
[2026.01.05-16.19.29:128][  0]LogConfig: Setting CVar [[gc.MultithreadedDestructionEnabled:1]]
[2026.01.05-16.19.29:128][  0]LogConfig: Applying CVar settings from Section [/Script/Engine.NetworkSettings] File [F:/rejp/ripositor/ligma_3rd_person/Saved/Config/Windows/Engine.ini]
[2026.01.05-16.19.29:129][  0]LogConfig: Applying CVar settings from Section [/Script/UnrealEd.CookerSettings] File [F:/rejp/ripositor/ligma_3rd_person/Saved/Config/Windows/Engine.ini]
[2026.01.05-16.19.29:148][  0]LogConfig: Applying CVar settings from Section [ViewDistanceQuality@3] File [F:/rejp/ripositor/ligma_3rd_person/Saved/Config/Windows/Scalability.ini]
[2026.01.05-16.19.29:148][  0]LogConfig: Setting CVar [[r.SkeletalMeshLODBias:0]]
[2026.01.05-16.19.29:148][  0]LogConfig: Setting CVar [[r.ViewDistanceScale:1.0]]
[2026.01.05-16.19.29:148][  0]LogConfig: Applying CVar settings from Section [AntiAliasingQuality@3] File [F:/rejp/ripositor/ligma_3rd_person/Saved/Config/Windows/Scalability.ini]
[2026.01.05-16.19.29:148][  0]LogConfig: Setting CVar [[r.PostProcessAAQuality:4]]
[2026.01.05-16.19.29:149][  0]LogConfig: Applying CVar settings from Section [ShadowQuality@3] File [F:/rejp/ripositor/ligma_3rd_person/Saved/Config/Windows/Scalability.ini]
[2026.01.05-16.19.29:149][  0]LogConfig: Setting CVar [[r.LightFunctionQuality:1]]
[2026.01.05-16.19.29:149][  0]LogConfig: Setting CVar [[r.ShadowQuality:5]]
[2026.01.05-16.19.29:149][  0]LogConfig: Setting CVar [[r.Shadow.CSM.MaxCascades:10]]
[2026.01.05-16.19.29:149][  0]LogConfig: Setting CVar [[r.Shadow.MaxResolution:2048]]
[2026.01.05-16.19.29:149][  0]LogConfig: Setting CVar [[r.Shadow.MaxCSMResolution:2048]]
[2026.01.05-16.19.29:149][  0]LogConfig: Setting CVar [[r.Shadow.RadiusThreshold:0.01]]
[2026.01.05-16.19.29:149][  0]LogConfig: Setting CVar [[r.Shadow.DistanceScale:1.0]]
[2026.01.05-16.19.29:149][  0]LogConfig: Setting CVar [[r.Shadow.CSM.TransitionScale:1.0]]
[2026.01.05-16.19.29:149][  0]LogConfig: Setting CVar [[r.Shadow.PreShadowResolutionFactor:1.0]]
[2026.01.05-16.19.29:149][  0]LogConfig: Setting CVar [[r.DistanceFieldShadowing:1]]
[2026.01.05-16.19.29:149][  0]LogConfig: Setting CVar [[r.DistanceFieldAO:1]]
[2026.01.05-16.19.29:149][  0]LogConfig: Setting CVar [[r.AOQuality:2]]
[2026.01.05-16.19.29:149][  0]LogConfig: Setting CVar [[r.VolumetricFog:1]]
[2026.01.05-16.19.29:149][  0]LogConfig: Setting CVar [[r.VolumetricFog.GridPixelSize:8]]
[2026.01.05-16.19.29:149][  0]LogConfig: Setting CVar [[r.VolumetricFog.GridSizeZ:128]]
[2026.01.05-16.19.29:149][  0]LogConfig: Setting CVar [[r.VolumetricFog.HistoryMissSupersampleCount:4]]
[2026.01.05-16.19.29:149][  0]LogConfig: Setting CVar [[r.LightMaxDrawDistanceScale:1]]
[2026.01.05-16.19.29:149][  0]LogConfig: Setting CVar [[r.CapsuleShadows:1]]
[2026.01.05-16.19.29:149][  0]LogConfig: Applying CVar settings from Section [PostProcessQuality@3] File [F:/rejp/ripositor/ligma_3rd_person/Saved/Config/Windows/Scalability.ini]
[2026.01.05-16.19.29:149][  0]LogConfig: Setting CVar [[r.MotionBlurQuality:4]]
[2026.01.05-16.19.29:149][  0]LogConfig: Setting CVar [[r.AmbientOcclusionMipLevelFactor:0.4]]
[2026.01.05-16.19.29:149][  0]LogConfig: Setting CVar [[r.AmbientOcclusionMaxQuality:100]]
[2026.01.05-16.19.29:149][  0]LogConfig: Setting CVar [[r.AmbientOcclusionLevels:-1]]
[2026.01.05-16.19.29:149][  0]LogConfig: Setting CVar [[r.AmbientOcclusionRadiusScale:1.0]]
[2026.01.05-16.19.29:149][  0]LogConfig: Setting CVar [[r.DepthOfFieldQuality:2]]
[2026.01.05-16.19.29:149][  0]LogConfig: Setting CVar [[r.RenderTargetPoolMin:400]]
[2026.01.05-16.19.29:149][  0]LogConfig: Setting CVar [[r.LensFlareQuality:2]]
[2026.01.05-16.19.29:149][  0]LogConfig: Setting CVar [[r.SceneColorFringeQuality:1]]
[2026.01.05-16.19.29:149][  0]LogConfig: Setting CVar [[r.EyeAdaptationQuality:2]]
[2026.01.05-16.19.29:149][  0]LogConfig: Setting CVar [[r.BloomQuality:5]]
[2026.01.05-16.19.29:149][  0]LogConfig: Setting CVar [[r.FastBlurThreshold:100]]
[2026.01.05-16.19.29:149][  0]LogConfig: Setting CVar [[r.Upscale.Quality:3]]
[2026.01.05-16.19.29:149][  0]LogConfig: Setting CVar [[r.Tonemapper.GrainQuantization:1]]
[2026.01.05-16.19.29:149][  0]LogConfig: Setting CVar [[r.LightShaftQuality:1]]
[2026.01.05-16.19.29:149][  0]LogConfig: Setting CVar [[r.Filter.SizeScale:1]]
[2026.01.05-16.19.29:149][  0]LogConfig: Setting CVar [[r.Tonemapper.Quality:5]]
[2026.01.05-16.19.29:149][  0]LogConfig: Setting CVar [[r.DOF.Gather.AccumulatorQuality:1        ; higher gathering accumulator quality]]
[2026.01.05-16.19.29:149][  0]LogConfig: Setting CVar [[r.DOF.Gather.PostfilterMethod:1          ; Median3x3 postfilering method]]
[2026.01.05-16.19.29:149][  0]LogConfig: Setting CVar [[r.DOF.Gather.EnableBokehSettings:0       ; no bokeh simulation when gathering]]
[2026.01.05-16.19.29:149][  0]LogConfig: Setting CVar [[r.DOF.Gather.RingCount:4                 ; medium number of samples when gathering]]
[2026.01.05-16.19.29:149][  0]LogConfig: Setting CVar [[r.DOF.Scatter.ForegroundCompositing:1    ; additive foreground scattering]]
[2026.01.05-16.19.29:149][  0]LogConfig: Setting CVar [[r.DOF.Scatter.BackgroundCompositing:2    ; additive background scattering]]
[2026.01.05-16.19.29:149][  0]LogConfig: Setting CVar [[r.DOF.Scatter.EnableBokehSettings:1      ; bokeh simulation when scattering]]
[2026.01.05-16.19.29:149][  0]LogConfig: Setting CVar [[r.DOF.Scatter.MaxSpriteRatio:0.1         ; only a maximum of 10% of scattered bokeh]]
[2026.01.05-16.19.29:149][  0]LogConfig: Setting CVar [[r.DOF.Recombine.Quality:1                ; cheap slight out of focus]]
[2026.01.05-16.19.29:149][  0]LogConfig: Setting CVar [[r.DOF.Recombine.EnableBokehSettings:0    ; no bokeh simulation on slight out of focus]]
[2026.01.05-16.19.29:149][  0]LogConfig: Setting CVar [[r.DOF.TemporalAAQuality:1                ; more stable temporal accumulation]]
[2026.01.05-16.19.29:149][  0]LogConfig: Setting CVar [[r.DOF.Kernel.MaxForegroundRadius:0.025]]
[2026.01.05-16.19.29:149][  0]LogConfig: Setting CVar [[r.DOF.Kernel.MaxBackgroundRadius:0.025]]
[2026.01.05-16.19.29:149][  0]LogConfig: Applying CVar settings from Section [TextureQuality@3] File [F:/rejp/ripositor/ligma_3rd_person/Saved/Config/Windows/Scalability.ini]
[2026.01.05-16.19.29:149][  0]LogConfig: Setting CVar [[r.Streaming.MipBias:0]]
[2026.01.05-16.19.29:149][  0]LogConfig: Setting CVar [[r.Streaming.AmortizeCPUToGPUCopy:0]]
[2026.01.05-16.19.29:149][  0]LogConfig: Setting CVar [[r.Streaming.MaxNumTexturesToStreamPerFrame:0]]
[2026.01.05-16.19.29:149][  0]LogConfig: Setting CVar [[r.Streaming.Boost:1]]
[2026.01.05-16.19.29:149][  0]LogConfig: Setting CVar [[r.MaxAnisotropy:8]]
[2026.01.05-16.19.29:149][  0]LogConfig: Setting CVar [[r.VT.MaxAnisotropy:8]]
[2026.01.05-16.19.29:149][  0]LogConfig: Setting CVar [[r.Streaming.LimitPoolSizeToVRAM:0]]
[2026.01.05-16.19.29:149][  0]LogConfig: Setting CVar [[r.Streaming.PoolSize:1000]]
[2026.01.05-16.19.29:149][  0]LogConfig: Setting CVar [[r.Streaming.MaxEffectiveScreenSize:0]]
[2026.01.05-16.19.29:149][  0]LogConfig: Applying CVar settings from Section [EffectsQuality@3] File [F:/rejp/ripositor/ligma_3rd_person/Saved/Config/Windows/Scalability.ini]
[2026.01.05-16.19.29:149][  0]LogConfig: Setting CVar [[r.TranslucencyLightingVolumeDim:64]]
[2026.01.05-16.19.29:149][  0]LogConfig: Setting CVar [[r.RefractionQuality:2]]
[2026.01.05-16.19.29:149][  0]LogConfig: Setting CVar [[r.SSR.Quality:3]]
[2026.01.05-16.19.29:149][  0]LogConfig: Setting CVar [[r.SSR.HalfResSceneColor:0]]
[2026.01.05-16.19.29:149][  0]LogConfig: Setting CVar [[r.SceneColorFormat:4]]
[2026.01.05-16.19.29:149][  0]LogConfig: Setting CVar [[r.DetailMode:2]]
[2026.01.05-16.19.29:149][  0]LogConfig: Setting CVar [[r.TranslucencyVolumeBlur:1]]
[2026.01.05-16.19.29:149][  0]LogConfig: Setting CVar [[r.MaterialQualityLevel:1 ; High quality]]
[2026.01.05-16.19.29:149][  0]LogConfig: Setting CVar [[r.AnisotropicMaterials:1]]
[2026.01.05-16.19.29:149][  0]LogConfig: Setting CVar [[r.SSS.Scale:1]]
[2026.01.05-16.19.29:150][  0]LogConfig: Setting CVar [[r.SSS.SampleSet:2]]
[2026.01.05-16.19.29:150][  0]LogConfig: Setting CVar [[r.SSS.Quality:1]]
[2026.01.05-16.19.29:150][  0]LogConfig: Setting CVar [[r.SSS.HalfRes:0]]
[2026.01.05-16.19.29:150][  0]LogConfig: Setting CVar [[r.SSGI.Quality:3]]
[2026.01.05-16.19.29:150][  0]LogConfig: Setting CVar [[r.EmitterSpawnRateScale:1.0]]
[2026.01.05-16.19.29:150][  0]LogConfig: Setting CVar [[r.ParticleLightQuality:2]]
[2026.01.05-16.19.29:150][  0]LogConfig: Setting CVar [[r.SkyAtmosphere.AerialPerspectiveLUT.FastApplyOnOpaque:1 ; Always have FastSkyLUT 1 in this case to avoid wrong sky]]
[2026.01.05-16.19.29:150][  0]LogConfig: Setting CVar [[r.SkyAtmosphere.AerialPerspectiveLUT.SampleCountMaxPerSlice:4]]
[2026.01.05-16.19.29:150][  0]LogConfig: Setting CVar [[r.SkyAtmosphere.AerialPerspectiveLUT.DepthResolution:16.0]]
[2026.01.05-16.19.29:150][  0]LogConfig: Setting CVar [[r.SkyAtmosphere.FastSkyLUT:1]]
[2026.01.05-16.19.29:150][  0]LogConfig: Setting CVar [[r.SkyAtmosphere.FastSkyLUT.SampleCountMin:4.0]]
[2026.01.05-16.19.29:150][  0]LogConfig: Setting CVar [[r.SkyAtmosphere.FastSkyLUT.SampleCountMax:128.0]]
[2026.01.05-16.19.29:150][  0]LogConfig: Setting CVar [[r.SkyAtmosphere.SampleCountMin:4.0]]
[2026.01.05-16.19.29:150][  0]LogConfig: Setting CVar [[r.SkyAtmosphere.SampleCountMax:128.0]]
[2026.01.05-16.19.29:150][  0]LogConfig: Setting CVar [[r.SkyAtmosphere.TransmittanceLUT.UseSmallFormat:0]]
[2026.01.05-16.19.29:150][  0]LogConfig: Setting CVar [[r.SkyAtmosphere.TransmittanceLUT.SampleCount:10.0]]
[2026.01.05-16.19.29:150][  0]LogConfig: Setting CVar [[r.SkyAtmosphere.MultiScatteringLUT.SampleCount:15.0]]
[2026.01.05-16.19.29:150][  0]LogConfig: Setting CVar [[r.SkyLight.RealTimeReflectionCapture:1]]
[2026.01.05-16.19.29:150][  0]LogConfig: Applying CVar settings from Section [FoliageQuality@3] File [F:/rejp/ripositor/ligma_3rd_person/Saved/Config/Windows/Scalability.ini]
[2026.01.05-16.19.29:150][  0]LogConfig: Setting CVar [[foliage.DensityScale:1.0]]
[2026.01.05-16.19.29:150][  0]LogConfig: Setting CVar [[grass.DensityScale:1.0]]
[2026.01.05-16.19.29:150][  0]LogConfig: Applying CVar settings from Section [ShadingQuality@3] File [F:/rejp/ripositor/ligma_3rd_person/Saved/Config/Windows/Scalability.ini]
[2026.01.05-16.19.29:150][  0]LogConfig: Setting CVar [[r.HairStrands.SkyLighting.IntegrationType:2]]
[2026.01.05-16.19.29:150][  0]LogConfig: Setting CVar [[r.HairStrands.SkyAO.SampleCount:4]]
[2026.01.05-16.19.29:150][  0]LogConfig: Setting CVar [[r.HairStrands.Visibility.MSAA.SamplePerPixel:4]]
[2026.01.05-16.19.29:150][  0]LogInit: Selected Device Profile: [Windows]
[2026.01.05-16.19.29:150][  0]LogInit: Applying CVar settings loaded from the selected device profile: [Windows]
[2026.01.05-16.19.29:150][  0]LogHAL: Display: Platform has ~ 16 GB [16986357760 / 17179869184 / 16], which maps to Larger [LargestMinGB=32, LargerMinGB=12, DefaultMinGB=8, SmallerMinGB=6, SmallestMinGB=0)
[2026.01.05-16.19.29:150][  0]LogInit: Going up to parent DeviceProfile []
[2026.01.05-16.19.29:150][  0]LogConfig: Applying CVar settings from Section [ViewDistanceQuality@3] File [F:/rejp/ripositor/ligma_3rd_person/Saved/Config/Windows/Scalability.ini]
[2026.01.05-16.19.29:150][  0]LogConfig: Setting CVar [[r.SkeletalMeshLODBias:0]]
[2026.01.05-16.19.29:150][  0]LogConfig: Setting CVar [[r.ViewDistanceScale:1.0]]
[2026.01.05-16.19.29:150][  0]LogConfig: Applying CVar settings from Section [AntiAliasingQuality@3] File [F:/rejp/ripositor/ligma_3rd_person/Saved/Config/Windows/Scalability.ini]
[2026.01.05-16.19.29:150][  0]LogConfig: Setting CVar [[r.PostProcessAAQuality:4]]
[2026.01.05-16.19.29:150][  0]LogConfig: Applying CVar settings from Section [ShadowQuality@3] File [F:/rejp/ripositor/ligma_3rd_person/Saved/Config/Windows/Scalability.ini]
[2026.01.05-16.19.29:150][  0]LogConfig: Setting CVar [[r.LightFunctionQuality:1]]
[2026.01.05-16.19.29:150][  0]LogConfig: Setting CVar [[r.ShadowQuality:5]]
[2026.01.05-16.19.29:150][  0]LogConfig: Setting CVar [[r.Shadow.CSM.MaxCascades:10]]
[2026.01.05-16.19.29:150][  0]LogConfig: Setting CVar [[r.Shadow.MaxResolution:2048]]
[2026.01.05-16.19.29:150][  0]LogConfig: Setting CVar [[r.Shadow.MaxCSMResolution:2048]]
[2026.01.05-16.19.29:150][  0]LogConfig: Setting CVar [[r.Shadow.RadiusThreshold:0.01]]
[2026.01.05-16.19.29:150][  0]LogConfig: Setting CVar [[r.Shadow.DistanceScale:1.0]]
[2026.01.05-16.19.29:150][  0]LogConfig: Setting CVar [[r.Shadow.CSM.TransitionScale:1.0]]
[2026.01.05-16.19.29:150][  0]LogConfig: Setting CVar [[r.Shadow.PreShadowResolutionFactor:1.0]]
[2026.01.05-16.19.29:150][  0]LogConfig: Setting CVar [[r.DistanceFieldShadowing:1]]
[2026.01.05-16.19.29:150][  0]LogConfig: Setting CVar [[r.DistanceFieldAO:1]]
[2026.01.05-16.19.29:150][  0]LogConfig: Setting CVar [[r.AOQuality:2]]
[2026.01.05-16.19.29:150][  0]LogConfig: Setting CVar [[r.VolumetricFog:1]]
[2026.01.05-16.19.29:150][  0]LogConfig: Setting CVar [[r.VolumetricFog.GridPixelSize:8]]
[2026.01.05-16.19.29:150][  0]LogConfig: Setting CVar [[r.VolumetricFog.GridSizeZ:128]]
[2026.01.05-16.19.29:150][  0]LogConfig: Setting CVar [[r.VolumetricFog.HistoryMissSupersampleCount:4]]
[2026.01.05-16.19.29:150][  0]LogConfig: Setting CVar [[r.LightMaxDrawDistanceScale:1]]
[2026.01.05-16.19.29:150][  0]LogConfig: Setting CVar [[r.CapsuleShadows:1]]
[2026.01.05-16.19.29:150][  0]LogConfig: Applying CVar settings from Section [PostProcessQuality@3] File [F:/rejp/ripositor/ligma_3rd_person/Saved/Config/Windows/Scalability.ini]
[2026.01.05-16.19.29:150][  0]LogConfig: Setting CVar [[r.MotionBlurQuality:4]]
[2026.01.05-16.19.29:150][  0]LogConfig: Setting CVar [[r.AmbientOcclusionMipLevelFactor:0.4]]
[2026.01.05-16.19.29:150][  0]LogConfig: Setting CVar [[r.AmbientOcclusionMaxQuality:100]]
[2026.01.05-16.19.29:150][  0]LogConfig: Setting CVar [[r.AmbientOcclusionLevels:-1]]
[2026.01.05-16.19.29:150][  0]LogConfig: Setting CVar [[r.AmbientOcclusionRadiusScale:1.0]]
[2026.01.05-16.19.29:150][  0]LogConfig: Setting CVar [[r.DepthOfFieldQuality:2]]
[2026.01.05-16.19.29:150][  0]LogConfig: Setting CVar [[r.RenderTargetPoolMin:400]]
[2026.01.05-16.19.29:150][  0]LogConfig: Setting CVar [[r.LensFlareQuality:2]]
[2026.01.05-16.19.29:150][  0]LogConfig: Setting CVar [[r.SceneColorFringeQuality:1]]
[2026.01.05-16.19.29:150][  0]LogConfig: Setting CVar [[r.EyeAdaptationQuality:2]]
[2026.01.05-16.19.29:151][  0]LogConfig: Setting CVar [[r.BloomQuality:5]]
[2026.01.05-16.19.29:151][  0]LogConfig: Setting CVar [[r.FastBlurThreshold:100]]
[2026.01.05-16.19.29:151][  0]LogConfig: Setting CVar [[r.Upscale.Quality:3]]
[2026.01.05-16.19.29:151][  0]LogConfig: Setting CVar [[r.Tonemapper.GrainQuantization:1]]
[2026.01.05-16.19.29:151][  0]LogConfig: Setting CVar [[r.LightShaftQuality:1]]
[2026.01.05-16.19.29:151][  0]LogConfig: Setting CVar [[r.Filter.SizeScale:1]]
[2026.01.05-16.19.29:151][  0]LogConfig: Setting CVar [[r.Tonemapper.Quality:5]]
[2026.01.05-16.19.29:151][  0]LogConfig: Setting CVar [[r.DOF.Gather.AccumulatorQuality:1        ; higher gathering accumulator quality]]
[2026.01.05-16.19.29:151][  0]LogConfig: Setting CVar [[r.DOF.Gather.PostfilterMethod:1          ; Median3x3 postfilering method]]
[2026.01.05-16.19.29:151][  0]LogConfig: Setting CVar [[r.DOF.Gather.EnableBokehSettings:0       ; no bokeh simulation when gathering]]
[2026.01.05-16.19.29:151][  0]LogConfig: Setting CVar [[r.DOF.Gather.RingCount:4                 ; medium number of samples when gathering]]
[2026.01.05-16.19.29:151][  0]LogConfig: Setting CVar [[r.DOF.Scatter.ForegroundCompositing:1    ; additive foreground scattering]]
[2026.01.05-16.19.29:151][  0]LogConfig: Setting CVar [[r.DOF.Scatter.BackgroundCompositing:2    ; additive background scattering]]
[2026.01.05-16.19.29:151][  0]LogConfig: Setting CVar [[r.DOF.Scatter.EnableBokehSettings:1      ; bokeh simulation when scattering]]
[2026.01.05-16.19.29:151][  0]LogConfig: Setting CVar [[r.DOF.Scatter.MaxSpriteRatio:0.1         ; only a maximum of 10% of scattered bokeh]]
[2026.01.05-16.19.29:151][  0]LogConfig: Setting CVar [[r.DOF.Recombine.Quality:1                ; cheap slight out of focus]]
[2026.01.05-16.19.29:151][  0]LogConfig: Setting CVar [[r.DOF.Recombine.EnableBokehSettings:0    ; no bokeh simulation on slight out of focus]]
[2026.01.05-16.19.29:151][  0]LogConfig: Setting CVar [[r.DOF.TemporalAAQuality:1                ; more stable temporal accumulation]]
[2026.01.05-16.19.29:151][  0]LogConfig: Setting CVar [[r.DOF.Kernel.MaxForegroundRadius:0.025]]
[2026.01.05-16.19.29:151][  0]LogConfig: Setting CVar [[r.DOF.Kernel.MaxBackgroundRadius:0.025]]
[2026.01.05-16.19.29:151][  0]LogConfig: Applying CVar settings from Section [TextureQuality@3] File [F:/rejp/ripositor/ligma_3rd_person/Saved/Config/Windows/Scalability.ini]
[2026.01.05-16.19.29:151][  0]LogConfig: Setting CVar [[r.Streaming.MipBias:0]]
[2026.01.05-16.19.29:151][  0]LogConfig: Setting CVar [[r.Streaming.AmortizeCPUToGPUCopy:0]]
[2026.01.05-16.19.29:151][  0]LogConfig: Setting CVar [[r.Streaming.MaxNumTexturesToStreamPerFrame:0]]
[2026.01.05-16.19.29:151][  0]LogConfig: Setting CVar [[r.Streaming.Boost:1]]
[2026.01.05-16.19.29:151][  0]LogConfig: Setting CVar [[r.MaxAnisotropy:8]]
[2026.01.05-16.19.29:151][  0]LogConfig: Setting CVar [[r.VT.MaxAnisotropy:8]]
[2026.01.05-16.19.29:151][  0]LogConfig: Setting CVar [[r.Streaming.LimitPoolSizeToVRAM:0]]
[2026.01.05-16.19.29:151][  0]LogConfig: Setting CVar [[r.Streaming.PoolSize:1000]]
[2026.01.05-16.19.29:151][  0]LogConfig: Setting CVar [[r.Streaming.MaxEffectiveScreenSize:0]]
[2026.01.05-16.19.29:151][  0]LogConfig: Applying CVar settings from Section [EffectsQuality@3] File [F:/rejp/ripositor/ligma_3rd_person/Saved/Config/Windows/Scalability.ini]
[2026.01.05-16.19.29:151][  0]LogConfig: Setting CVar [[r.TranslucencyLightingVolumeDim:64]]
[2026.01.05-16.19.29:151][  0]LogConfig: Setting CVar [[r.RefractionQuality:2]]
[2026.01.05-16.19.29:151][  0]LogConfig: Setting CVar [[r.SSR.Quality:3]]
[2026.01.05-16.19.29:151][  0]LogConfig: Setting CVar [[r.SSR.HalfResSceneColor:0]]
[2026.01.05-16.19.29:151][  0]LogConfig: Setting CVar [[r.SceneColorFormat:4]]
[2026.01.05-16.19.29:151][  0]LogConfig: Setting CVar [[r.DetailMode:2]]
[2026.01.05-16.19.29:151][  0]LogConfig: Setting CVar [[r.TranslucencyVolumeBlur:1]]
[2026.01.05-16.19.29:151][  0]LogConfig: Setting CVar [[r.MaterialQualityLevel:1 ; High quality]]
[2026.01.05-16.19.29:151][  0]LogConfig: Setting CVar [[r.AnisotropicMaterials:1]]
[2026.01.05-16.19.29:151][  0]LogConfig: Setting CVar [[r.SSS.Scale:1]]
[2026.01.05-16.19.29:151][  0]LogConfig: Setting CVar [[r.SSS.SampleSet:2]]
[2026.01.05-16.19.29:151][  0]LogConfig: Setting CVar [[r.SSS.Quality:1]]
[2026.01.05-16.19.29:151][  0]LogConfig: Setting CVar [[r.SSS.HalfRes:0]]
[2026.01.05-16.19.29:151][  0]LogConfig: Setting CVar [[r.SSGI.Quality:3]]
[2026.01.05-16.19.29:151][  0]LogConfig: Setting CVar [[r.EmitterSpawnRateScale:1.0]]
[2026.01.05-16.19.29:151][  0]LogConfig: Setting CVar [[r.ParticleLightQuality:2]]
[2026.01.05-16.19.29:151][  0]LogConfig: Setting CVar [[r.SkyAtmosphere.AerialPerspectiveLUT.FastApplyOnOpaque:1 ; Always have FastSkyLUT 1 in this case to avoid wrong sky]]
[2026.01.05-16.19.29:151][  0]LogConfig: Setting CVar [[r.SkyAtmosphere.AerialPerspectiveLUT.SampleCountMaxPerSlice:4]]
[2026.01.05-16.19.29:151][  0]LogConfig: Setting CVar [[r.SkyAtmosphere.AerialPerspectiveLUT.DepthResolution:16.0]]
[2026.01.05-16.19.29:151][  0]LogConfig: Setting CVar [[r.SkyAtmosphere.FastSkyLUT:1]]
[2026.01.05-16.19.29:151][  0]LogConfig: Setting CVar [[r.SkyAtmosphere.FastSkyLUT.SampleCountMin:4.0]]
[2026.01.05-16.19.29:151][  0]LogConfig: Setting CVar [[r.SkyAtmosphere.FastSkyLUT.SampleCountMax:128.0]]
[2026.01.05-16.19.29:151][  0]LogConfig: Setting CVar [[r.SkyAtmosphere.SampleCountMin:4.0]]
[2026.01.05-16.19.29:151][  0]LogConfig: Setting CVar [[r.SkyAtmosphere.SampleCountMax:128.0]]
[2026.01.05-16.19.29:151][  0]LogConfig: Setting CVar [[r.SkyAtmosphere.TransmittanceLUT.UseSmallFormat:0]]
[2026.01.05-16.19.29:151][  0]LogConfig: Setting CVar [[r.SkyAtmosphere.TransmittanceLUT.SampleCount:10.0]]
[2026.01.05-16.19.29:151][  0]LogConfig: Setting CVar [[r.SkyAtmosphere.MultiScatteringLUT.SampleCount:15.0]]
[2026.01.05-16.19.29:151][  0]LogConfig: Setting CVar [[r.SkyLight.RealTimeReflectionCapture:1]]
[2026.01.05-16.19.29:151][  0]LogConfig: Applying CVar settings from Section [FoliageQuality@3] File [F:/rejp/ripositor/ligma_3rd_person/Saved/Config/Windows/Scalability.ini]
[2026.01.05-16.19.29:151][  0]LogConfig: Setting CVar [[foliage.DensityScale:1.0]]
[2026.01.05-16.19.29:151][  0]LogConfig: Setting CVar [[grass.DensityScale:1.0]]
[2026.01.05-16.19.29:151][  0]LogConfig: Applying CVar settings from Section [ShadingQuality@3] File [F:/rejp/ripositor/ligma_3rd_person/Saved/Config/Windows/Scalability.ini]
[2026.01.05-16.19.29:151][  0]LogConfig: Setting CVar [[r.HairStrands.SkyLighting.IntegrationType:2]]
[2026.01.05-16.19.29:151][  0]LogConfig: Setting CVar [[r.HairStrands.SkyAO.SampleCount:4]]
[2026.01.05-16.19.29:151][  0]LogConfig: Setting CVar [[r.HairStrands.Visibility.MSAA.SamplePerPixel:4]]
[2026.01.05-16.19.29:151][  0]LogConfig: Applying CVar settings from Section [Startup] File [../../../Engine/Config/ConsoleVariables.ini]
[2026.01.05-16.19.29:152][  0]LogConfig: Setting CVar [[net.UseAdaptiveNetUpdateFrequency:0]]
[2026.01.05-16.19.29:152][  0]LogConfig: Setting CVar [[p.chaos.AllowCreatePhysxBodies:1]]
[2026.01.05-16.19.29:152][  0]LogConfig: Setting CVar [[fx.SkipVectorVMBackendOptimizations:1]]
[2026.01.05-16.19.29:152][  0]LogConfig: Applying CVar settings from Section [ConsoleVariables] File [F:/rejp/ripositor/ligma_3rd_person/Saved/Config/Windows/Engine.ini]
[2026.01.05-16.19.29:152][  0]LogConfig: Applying CVar settings from Section [ConsoleVariables] File [F:/rejp/ripositor/ligma_3rd_person/Saved/Config/Windows/Editor.ini]
[2026.01.05-16.19.29:152][  0]LogInit: Computer: DESKTOP-FFQQ38C
[2026.01.05-16.19.29:152][  0]LogInit: User: koguc
[2026.01.05-16.19.29:152][  0]LogInit: CPU Page size=4096, Cores=4
[2026.01.05-16.19.29:152][  0]LogInit: High frequency timer resolution =10.000000 MHz
[2026.01.05-16.19.29:152][  0]LogMemory: Memory total: Physical=15.8GB (16GB approx)
[2026.01.05-16.19.29:152][  0]LogMemory: Platform Memory Stats for Windows
[2026.01.05-16.19.29:152][  0]LogMemory: Process Physical Memory: 140.10 MB used, 140.10 MB peak
[2026.01.05-16.19.29:152][  0]LogMemory: Process Virtual Memory: 125.06 MB used, 125.06 MB peak
[2026.01.05-16.19.29:152][  0]LogMemory: Physical Memory: 9228.78 MB used,  6970.67 MB free, 16199.45 MB total
[2026.01.05-16.19.29:152][  0]LogMemory: Virtual Memory: 134213448.00 MB used,  4282.94 MB free, 134217728.00 MB total
[2026.01.05-16.19.29:158][  0]LogWindows: WindowsPlatformFeatures enabled
[2026.01.05-16.19.29:179][  0]LogInit: Physics initialised using underlying interface: PhysX
[2026.01.05-16.19.29:180][  0]LogInit: Using OS detected language (pl-PL).
[2026.01.05-16.19.29:180][  0]LogInit: Using OS detected locale (pl-PL).
[2026.01.05-16.19.29:182][  0]LogTextLocalizationManager: No specific localization for 'pl-PL' exists, so the 'pl' localization will be used.
[2026.01.05-16.19.29:183][  0]LogTextLocalizationResource: LocRes '../../../Engine/Content/Localization/Editor/pl/Editor.locres' could not be opened for reading!
[2026.01.05-16.19.29:183][  0]LogTextLocalizationResource: LocRes '../../../Engine/Content/Localization/EditorTutorials/pl/EditorTutorials.locres' could not be opened for reading!
[2026.01.05-16.19.29:183][  0]LogTextLocalizationResource: LocRes '../../../Engine/Content/Localization/Keywords/pl/Keywords.locres' could not be opened for reading!
[2026.01.05-16.19.29:183][  0]LogTextLocalizationResource: LocRes '../../../Engine/Content/Localization/Category/pl/Category.locres' could not be opened for reading!
[2026.01.05-16.19.29:183][  0]LogTextLocalizationResource: LocRes '../../../Engine/Content/Localization/ToolTips/pl/ToolTips.locres' could not be opened for reading!
[2026.01.05-16.19.29:183][  0]LogTextLocalizationResource: LocRes '../../../Engine/Content/Localization/PropertyNames/pl/PropertyNames.locres' could not be opened for reading!
[2026.01.05-16.19.29:183][  0]LogTextLocalizationResource: LocRes '../../../Engine/Content/Localization/Engine/pl/Engine.locres' could not be opened for reading!
[2026.01.05-16.19.29:184][  0]LogInit: Setting process to per monitor DPI aware
[2026.01.05-16.19.29:198][  0]LogWindowsTextInputMethodSystem: Display: IME system deactivated.
[2026.01.05-16.19.29:214][  0]LogSlate: New Slate User Created.  User Index 0, Is Virtual User: 0
[2026.01.05-16.19.29:214][  0]LogSlate: Slate User Registered.  User Index 0, Is Virtual User: 0
[2026.01.05-16.19.29:355][  0]LogD3D11RHI: Loaded GFSDK_Aftermath_Lib.x64.dll
[2026.01.05-16.19.29:358][  0]LogHMD: Failed to initialize OpenVR with code 110
[2026.01.05-16.19.29:358][  0]LogD3D11RHI: D3D11 min allowed feature level: 11_0
[2026.01.05-16.19.29:358][  0]LogD3D11RHI: D3D11 max allowed feature level: 11_0
[2026.01.05-16.19.29:358][  0]LogD3D11RHI: D3D11 adapters:
[2026.01.05-16.19.29:576][  0]LogD3D11RHI:    0. 'NVIDIA GeForce GTX 1650' (Feature Level 11_0)
[2026.01.05-16.19.29:576][  0]LogD3D11RHI:       3935/0/8099 MB DedicatedVideo/DedicatedSystem/SharedSystem, Outputs:1, VendorId:0x10de
[2026.01.05-16.19.29:579][  0]LogD3D11RHI:    1. 'Microsoft Basic Render Driver' (Feature Level 11_0)
[2026.01.05-16.19.29:579][  0]LogD3D11RHI:       0/0/8099 MB DedicatedVideo/DedicatedSystem/SharedSystem, Outputs:0, VendorId:0x1414
[2026.01.05-16.19.29:579][  0]LogD3D11RHI: Chosen D3D11 Adapter:
[2026.01.05-16.19.29:579][  0]LogD3D11RHI:     Description : NVIDIA GeForce GTX 1650
[2026.01.05-16.19.29:579][  0]LogD3D11RHI:     VendorId    : 10de
[2026.01.05-16.19.29:579][  0]LogD3D11RHI:     DeviceId    : 1f82
[2026.01.05-16.19.29:579][  0]LogD3D11RHI:     SubSysId    : 136310de
[2026.01.05-16.19.29:579][  0]LogD3D11RHI:     Revision    : 00a1
[2026.01.05-16.19.29:579][  0]LogD3D11RHI:     DedicatedVideoMemory : 4126146560 bytes
[2026.01.05-16.19.29:579][  0]LogD3D11RHI:     DedicatedSystemMemory : 0 bytes
[2026.01.05-16.19.29:579][  0]LogD3D11RHI:     SharedSystemMemory : 8493178880 bytes
[2026.01.05-16.19.29:579][  0]LogD3D11RHI:     AdapterLuid : 0 45687
[2026.01.05-16.19.29:585][  0]LogD3D11RHI: Creating new Direct3DDevice
[2026.01.05-16.19.29:585][  0]LogD3D11RHI:     GPU DeviceId: 0x1f82 (for the marketing name, search the web for "GPU Device Id")
[2026.01.05-16.19.29:585][  0]LogWindows: EnumDisplayDevices:
[2026.01.05-16.19.29:585][  0]LogWindows:    0. 'NVIDIA GeForce GTX 1650' (P:1 D:1)
[2026.01.05-16.19.29:586][  0]LogWindows:    1. 'NVIDIA GeForce GTX 1650' (P:0 D:0)
[2026.01.05-16.19.29:586][  0]LogWindows:    2. 'NVIDIA GeForce GTX 1650' (P:0 D:0)
[2026.01.05-16.19.29:586][  0]LogWindows:    3. 'NVIDIA GeForce GTX 1650' (P:0 D:0)
[2026.01.05-16.19.29:586][  0]LogWindows: DebugString: FoundDriverCount:4 
[2026.01.05-16.19.29:586][  0]LogD3D11RHI:     Adapter Name: NVIDIA GeForce GTX 1650
[2026.01.05-16.19.29:586][  0]LogD3D11RHI:   Driver Version: 581.57 (internal:32.0.15.8157, unified:581.57)
[2026.01.05-16.19.29:586][  0]LogD3D11RHI:      Driver Date: 10-9-2025
[2026.01.05-16.19.29:587][  0]LogRHI: Texture pool is 2754 MB (70% of 3935 MB)
[2026.01.05-16.19.29:587][  0]LogD3D11RHI: Creating D3DDevice using adapter:
[2026.01.05-16.19.29:587][  0]LogD3D11RHI:     Description : NVIDIA GeForce GTX 1650
[2026.01.05-16.19.29:587][  0]LogD3D11RHI:     VendorId    : 10de
[2026.01.05-16.19.29:587][  0]LogD3D11RHI:     DeviceId    : 1f82
[2026.01.05-16.19.29:587][  0]LogD3D11RHI:     SubSysId    : 136310de
[2026.01.05-16.19.29:587][  0]LogD3D11RHI:     Revision    : 00a1
[2026.01.05-16.19.29:587][  0]LogD3D11RHI:     DedicatedVideoMemory : 4126146560 bytes
[2026.01.05-16.19.29:587][  0]LogD3D11RHI:     DedicatedSystemMemory : 0 bytes
[2026.01.05-16.19.29:587][  0]LogD3D11RHI:     SharedSystemMemory : 8493178880 bytes
[2026.01.05-16.19.29:587][  0]LogD3D11RHI:     AdapterLuid : 0 45687
[2026.01.05-16.19.29:760][  0]LogD3D11RHI: RHI has support for 64 bit atomics
[2026.01.05-16.19.29:760][  0]LogD3D11RHI: Async texture creation enabled
[2026.01.05-16.19.29:760][  0]LogD3D11RHI: Array index from any shader is supported
[2026.01.05-16.19.29:762][  0]LogD3D11RHI: HDR output is supported on display 0 (NvId: 0x80061087).
[2026.01.05-16.19.29:794][  0]LogD3D11RHI: GPU Timing Frequency: 1000.000000 (Debug: 2 2)
[2026.01.05-16.19.29:843][  0]LogRHI: GeForceNow SDK initialized: 1
[2026.01.05-16.19.30:200][  0]LogTargetPlatformManager: Display: Loaded TargetPlatform 'AllDesktop'
[2026.01.05-16.19.30:224][  0]LogTargetPlatformManager: Display: Loaded TargetPlatform 'Android'
[2026.01.05-16.19.30:224][  0]LogTargetPlatformManager: Display: Loaded TargetPlatform 'Android_ASTC'
[2026.01.05-16.19.30:224][  0]LogTargetPlatformManager: Display: Loaded TargetPlatform 'Android_DXT'
[2026.01.05-16.19.30:224][  0]LogTargetPlatformManager: Display: Loaded TargetPlatform 'Android_ETC2'
[2026.01.05-16.19.30:224][  0]LogTargetPlatformManager: Display: Loaded TargetPlatform 'AndroidClient'
[2026.01.05-16.19.30:224][  0]LogTargetPlatformManager: Display: Loaded TargetPlatform 'Android_ASTCClient'
[2026.01.05-16.19.30:224][  0]LogTargetPlatformManager: Display: Loaded TargetPlatform 'Android_DXTClient'
[2026.01.05-16.19.30:224][  0]LogTargetPlatformManager: Display: Loaded TargetPlatform 'Android_ETC2Client'
[2026.01.05-16.19.30:224][  0]LogTargetPlatformManager: Display: Loaded TargetPlatform 'Android_Multi'
[2026.01.05-16.19.30:224][  0]LogTargetPlatformManager: Display: Loaded TargetPlatform 'Android_MultiClient'
[2026.01.05-16.19.30:242][  0]LogTargetPlatformManager: Display: Loaded TargetPlatform 'IOSClient'
[2026.01.05-16.19.30:242][  0]LogTargetPlatformManager: Display: Loaded TargetPlatform 'IOS'
[2026.01.05-16.19.30:251][  0]LogTargetPlatformManager: Display: Loaded TargetPlatform 'Linux'
[2026.01.05-16.19.30:255][  0]LogTargetPlatformManager: Display: Loaded TargetPlatform 'LinuxNoEditor'
[2026.01.05-16.19.30:260][  0]LogTargetPlatformManager: Display: Loaded TargetPlatform 'LinuxClient'
[2026.01.05-16.19.30:265][  0]LogTargetPlatformManager: Display: Loaded TargetPlatform 'LinuxServer'
[2026.01.05-16.19.30:274][  0]LogTargetPlatformManager: Display: Loaded TargetPlatform 'LinuxAArch64NoEditor'
[2026.01.05-16.19.30:279][  0]LogTargetPlatformManager: Display: Loaded TargetPlatform 'LinuxAArch64Client'
[2026.01.05-16.19.30:283][  0]LogTargetPlatformManager: Display: Loaded TargetPlatform 'LinuxAArch64Server'
[2026.01.05-16.19.30:308][  0]LogTargetPlatformManager: Display: Loaded TargetPlatform 'Lumin'
[2026.01.05-16.19.30:308][  0]LogTargetPlatformManager: Display: Loaded TargetPlatform 'LuminClient'
[2026.01.05-16.19.30:317][  0]LogTargetPlatformManager: Display: Loaded TargetPlatform 'MacNoEditor'
[2026.01.05-16.19.30:321][  0]LogTargetPlatformManager: Display: Loaded TargetPlatform 'Mac'
[2026.01.05-16.19.30:326][  0]LogTargetPlatformManager: Display: Loaded TargetPlatform 'MacClient'
[2026.01.05-16.19.30:331][  0]LogTargetPlatformManager: Display: Loaded TargetPlatform 'MacServer'
[2026.01.05-16.19.30:341][  0]LogTargetPlatformManager: Display: Loaded TargetPlatform 'TVOSClient'
[2026.01.05-16.19.30:341][  0]LogTargetPlatformManager: Display: Loaded TargetPlatform 'TVOS'
[2026.01.05-16.19.30:350][  0]LogTargetPlatformManager: Display: Loaded TargetPlatform 'WindowsNoEditor'
[2026.01.05-16.19.30:355][  0]LogTargetPlatformManager: Display: Loaded TargetPlatform 'Windows'
[2026.01.05-16.19.30:360][  0]LogTargetPlatformManager: Display: Loaded TargetPlatform 'WindowsClient'
[2026.01.05-16.19.30:364][  0]LogTargetPlatformManager: Display: Loaded TargetPlatform 'WindowsServer'
[2026.01.05-16.19.30:364][  0]LogTargetPlatformManager: Display: Building Assets For Windows
[2026.01.05-16.19.30:373][  0]LogAudioDebug: Display: Lib vorbis DLL was dynamically loaded.
[2026.01.05-16.19.30:406][  0]LogTextureFormatOodle: Display: Oodle Texture 2.9.0 init RDO Off
[2026.01.05-16.19.30:437][  0]LogRendererCore: Ray tracing is disabled. Reason: r.RayTracing=0.
[2026.01.05-16.19.30:437][  0]LogShaderCompilers: Guid format shader working directory is 11 characters bigger than the processId version (F:/rejp/ripositor/ligma_3rd_person/Intermediate/Shaders/WorkingDirectory/22404/).
[2026.01.05-16.19.30:437][  0]LogShaderCompilers: Cleaned the shader compiler working directory 'C:/Users/koguc/AppData/Local/Temp/UnrealShaderWorkingDir/3A0E8E79496D982AB86DC0BE843C9E3D/'.
[2026.01.05-16.19.30:437][  0]LogXGEController: Cannot use XGE Controller as Incredibuild is not installed on this machine.
[2026.01.05-16.19.30:438][  0]LogShaderCompilers: Cannot use XGE Shader Compiler as Incredibuild is not installed on this machine.
[2026.01.05-16.19.30:438][  0]LogShaderCompilers: Display: Using Local Shader Compiler.
[2026.01.05-16.19.31:252][  0]LogDerivedDataCache: Display: Max Cache Size: 512 MB
[2026.01.05-16.19.31:312][  0]LogDerivedDataCache: Loaded boot cache 0.06s 96MB C:/Users/koguc/AppData/Local/UnrealEngine/4.27/DerivedDataCache/Boot.ddc.
[2026.01.05-16.19.31:312][  0]LogDerivedDataCache: Display: Loaded Boot cache: C:/Users/koguc/AppData/Local/UnrealEngine/4.27/DerivedDataCache/Boot.ddc
[2026.01.05-16.19.31:313][  0]LogDerivedDataCache: FDerivedDataBackendGraph:  Pak pak cache file F:/rejp/ripositor/ligma_3rd_person/DerivedDataCache/DDC.ddp not found, will not use a pak cache.
[2026.01.05-16.19.31:313][  0]LogDerivedDataCache: Unable to find inner node Pak for hierarchical cache Hierarchy.
[2026.01.05-16.19.31:313][  0]LogDerivedDataCache: FDerivedDataBackendGraph:  CompressedPak pak cache file F:/rejp/ripositor/ligma_3rd_person/DerivedDataCache/Compressed.ddp not found, will not use a pak cache.
[2026.01.05-16.19.31:313][  0]LogDerivedDataCache: Unable to find inner node CompressedPak for hierarchical cache Hierarchy.
[2026.01.05-16.19.31:332][  0]LogDerivedDataCache: Display: Pak cache opened for reading ../../../Engine/DerivedDataCache/Compressed.ddp.
[2026.01.05-16.19.31:332][  0]LogDerivedDataCache: FDerivedDataBackendGraph:  EnterprisePak pak cache file ../../../Enterprise/DerivedDataCache/Compressed.ddp not found, will not use a pak cache.
[2026.01.05-16.19.31:332][  0]LogDerivedDataCache: Unable to find inner node EnterprisePak for hierarchical cache Hierarchy.
[2026.01.05-16.19.31:339][  0]LogDerivedDataCache: Speed tests for C:/Users/koguc/AppData/Local/UnrealEngine/Common/DerivedDataCache took 0.01 seconds
[2026.01.05-16.19.31:339][  0]LogDerivedDataCache: Display: Performance to C:/Users/koguc/AppData/Local/UnrealEngine/Common/DerivedDataCache: Latency=0.03ms. RandomReadSpeed=674.66MBs, RandomWriteSpeed=178.92MBs. Assigned SpeedClass 'Local'
[2026.01.05-16.19.31:339][  0]LogDerivedDataCache: Using Local data cache path C:/Users/koguc/AppData/Local/UnrealEngine/Common/DerivedDataCache: Writable
[2026.01.05-16.19.31:340][  0]LogDerivedDataCache: Shared data cache path not found in *engine.ini, will not use an Shared cache.
[2026.01.05-16.19.31:340][  0]LogDerivedDataCache: Unable to find inner node Shared for hierarchical cache Hierarchy.
[2026.01.05-16.19.31:393][  0]LogSlate: Using FreeType 2.10.0
[2026.01.05-16.19.31:394][  0]LogSlate: SlateFontServices - WITH_FREETYPE: 1, WITH_HARFBUZZ: 1
[2026.01.05-16.19.31:420][  0]LogAssetRegistry: FAssetRegistry took 0.0031 seconds to start up
[2026.01.05-16.19.31:679][  0]LogInit: Selected Device Profile: [Windows]
[2026.01.05-16.19.31:679][  0]LogInit: Active device profile: [0000015B166EEE00][0000015B14C4D600 49] Windows
[2026.01.05-16.19.31:679][  0]LogInit: Profiles: [0000015B166EEE00][0000015B14C4D600 49] Windows, [0000015B1669D400][0000015B14C55780 49] WindowsNoEditor, [0000015B166ED400][0000015B14C59900 49] WindowsServer, [0000015B1669E700][0000015B14C5DA80 49] WindowsClient, [0000015B166EE600][0000015B14C61C00 49] IOS, [0000015B1669DC00][0000015B14C64200 49] iPadAir, [0000015B166EDB00][0000015B14C68380 49] iPadAir2, [0000015B1665B700][0000015B14C70640 49] IPadPro, [0000015B1665B800][0000015B14C6C680 49] iPadAir3, [0000015B166EF000][0000015B14C507C0 49] iPadAir4, [0000015B16659900][0000015B14C74900 49] iPadMini2, [0000015B166ED200][0000015B14C78A40 49] iPadMini3, [0000015B1665BA00][0000015B14C7CB80 49] iPadMini4, [0000015B166EE700][0000015B14C84D00 49] iPadMini5, [0000015B1669B000][0000015B14C8CFC0 49] iPhone6, [0000015B1669B100][0000015B14C89000 49] iPodTouch6, [0000015B16658800][0000015B0F57B2C0 49] iPhone7, [0000015B16658700][0000015B0F577300 49] iPodTouch7, [0000015B16699800][0000015B0F57F480 49] iPhone5S, [0000015B1665AF00][0000015B0F583600 49] iPhone6Plus, [0000015B1669B400][0000015B0F587780 49] iPhone6S, [0000015B16659500][0000015B0F58B900 49] iPhone6SPlus, [0000015B16699600][0000015B0F58FA80 49] iPhone7Plus, [0000015B16658300][0000015B0F593C00 49] iPhoneSE, [0000015B1669A300][0000015B0F596200 49] iPhone8, [0000015B1665B600][0000015B0F59A380 49] iPhone8Plus, [0000015B16698900][0000015B0F59E500 49] iPhoneX, [0000015B1665A800][0000015B0F5A2680 49] iPhoneXS, [0000015B16699700][0000015B0F5A6800 49] iPhoneXSMax, [0000015B16658200][0000015B14C80940 49] iPhoneXR, [0000015B1669BC00][0000015B0F5AAA80 49] iPhone11, [0000015B1665BC00][0000015B0F5AEBC0 49] iPhone11Pro, [0000015B16699B00][0000015B0F5B2D00 49] iPhone11ProMax, [0000015B16659200][0000015B0F5BAE80 49] iPhoneSE2, [0000015B16699400][0000015B0F5BF000 49] iPhone12Mini, [0000015B1665B500][0000015B09A01180 49] iPhone12, [0000015B16698300][0000015B09A05300 49] iPhone12Pro, [0000015B1665AB00][0000015B09A09480 49] iPhone12ProMax, [0000015B1669B900][0000015B09A0D600 49] iPadPro105, [0000015B1665A700][0000015B09A11780 49] iPadPro129, [0000015B16698C00][0000015B09A15900 49] iPadPro97, [0000015B1665A200][0000015B09A19A80 49] iPadPro2_129, [0000015B1669BD00][0000015B09A1DC00 49] iPad5, [0000015B16659600][0000015B09A24200 49] iPad6, [0000015B1669A200][0000015B09A28380 49] iPad7, [0000015B16658100][0000015B16CA0500 49] iPad8, [0000015B1669BF00][0000015B16CA4680 49] iPadPro11, [0000015B1665B300][0000015B16CAC800 49] iPadPro2_11, [0000015B1669A600][0000015B16CB4980 49] iPadPro3_129, [0000015B16659C00][0000015B16CB8B00 49] iPadPro4_129, [0000015B16699500][0000015B0F5B6C40 49] AppleTV, [0000015B16658900][0000015B16CD0D80 49] AppleTV4K, [0000015B1669FD00][0000015B16CF4EC0 49] TVOS, [0000015B1672D300][0000015B16D1D040 49] Mac, [0000015B1669FC00][0000015B16D251C0 49] MacClient, [0000015B1672D900][0000015B16D29340 49] MacNoEditor, [0000015B1669EF00][0000015B16D2D4C0 49] MacServer, [0000015B1672D200][0000015B16D31640 49] Linux, [0000015B1669E300][0000015B16D357C0 49] LinuxAArch64, [0000015B1672C500][0000015B16D39940 49] LinuxNoEditor, [0000015B1669C700][0000015B16D3DAC0 49] LinuxAArch64NoEditor, [0000015B1672D700][0000015B16D400C0 49] LinuxClient, [0000015B1669F300][0000015B16D48240 49] LinuxAArch64Client, [0000015B1672D400][0000015B16D4C3C0 49] LinuxServer, [0000015B1669E400][0000015B16D50540 49] LinuxAArch64Server, [0000015B1672D800][0000015B16D546C0 49] Android, [0000015B1669FE00][0000015B16D64840 49] Android_Low, [0000015B1672CE00][0000015B16D689C0 49] Android_Mid, [0000015B1669F000][0000015B7DE50B40 49] Android_High, [0000015B1672DB00][0000015B7DE60CC0 49] Android_Default, [0000015B1669F900][0000015B16D18E00 49] Android_Adreno4xx, [0000015B1672C100][0000015B16D86F40 49] Android_Adreno5xx_Low, [0000015B16659F00][0000015B16D8B080 49] Android_Adreno5xx, [0000015B16698D00][0000015B16D8F1C0 49] Android_Adreno6xx, [0000015B1665BD00][0000015B16D97340 49] Android_Adreno6xx_Vulkan, [0000015B16699F00][0000015B16D9B4C0 49] Android_Mali_T6xx, [0000015B16659300][0000015B16D9F640 49] Android_Mali_T7xx, [0000015B1669B300][0000015B16DA37C0 49] Android_Mali_T8xx, [0000015B16659800][0000015B16DA7940 49] Android_Mali_G71, [0000015B1669A700][0000015B16DABAC0 49] Android_Mali_G72, [0000015B1665B900][0000015B16DAE0C0 49] Android_Mali_G72_Vulkan, [0000015B1669AB00][0000015B16DB2240 49] Android_Mali_G76, [0000015B16658E00][0000015B16DB63C0 49] Android_Mali_G76_Vulkan, [0000015B1669A500][0000015B16DBA540 49] Android_Mali_G77, [0000015B1665BB00][0000015B16DBE6C0 49] Android_Mali_G77_Vulkan, [0000015B1669B200][0000015B16DC2840 49] Android_Mali_G78, [0000015B16659B00][0000015B16DC69C0 49] Android_Mali_G78_Vulkan, [0000015B16698A00][0000015B16DCAB40 49] Android_Mali_G710, [0000015B16658600][0000015B16DCECC0 49] Android_Mali_G710_Vulkan, [0000015B16698600][0000015B16DD2E40 49] Android_Vulkan_SM5, [0000015B16659D00][0000015B16D92F80 49] Android_PowerVR_G6xxx, [0000015B16699200][0000015B16DD70C0 49] Android_PowerVR_GT7xxx, [0000015B16658400][0000015B16DDB200 49] Android_PowerVR_GE8xxx, [0000015B1672C300][0000015B16DDF340 49] Android_PowerVR_GM9xxx, [0000015B16658A00][0000015B16F6B4C0 49] Android_PowerVR_GM9xxx_Vulkan, [0000015B1672C200][0000015B16F6F640 49] Android_TegraK1, [0000015B1665AC00][0000015B16F737C0 49] Android_Unknown_Vulkan, [0000015B1672CF00][0000015B16F77940 49] Lumin, [0000015B1665A000][0000015B16F7BAC0 49] Lumin_Desktop, [0000015B166EEC00][0000015B16F7E0C0 49] HoloLens, 
[2026.01.05-16.19.31:822][  0]LogMeshReduction: Using QuadricMeshReduction for automatic static mesh reduction
[2026.01.05-16.19.31:822][  0]LogMeshReduction: Using SimplygonMeshReduction for automatic skeletal mesh reduction
[2026.01.05-16.19.31:822][  0]LogMeshReduction: Using ProxyLODMeshReduction for automatic mesh merging
[2026.01.05-16.19.31:822][  0]LogMeshReduction: No distributed automatic mesh merging module available
[2026.01.05-16.19.31:822][  0]LogMeshMerging: No distributed automatic mesh merging module available
[2026.01.05-16.19.31:839][  0]LogNetVersion: ligma_3rd_person 1.0.0, NetCL: 17155196, EngineNetVer: 17, GameNetVer: 0 (Checksum: 903395399)
[2026.01.05-16.19.32:290][  0]LogTexture: Default maximum texture size for cubemaps generated from long-lat sources has been changed from 512 to unlimited. In order to preserve old behaiour for '/Engine/MapTemplates/Sky/DaylightAmbientCubemap.DaylightAmbientCubemap', its maximum texture size has been explicitly set to 512.
[2026.01.05-16.19.32:356][  0]LogHMD: PokeAHoleMaterial loaded successfully
[2026.01.05-16.19.32:362][  0]LogUObjectArray: 17178 objects as part of root set at end of initial load.
[2026.01.05-16.19.32:362][  0]LogUObjectAllocator: 4302048 out of 0 bytes used by permanent object pool.
[2026.01.05-16.19.32:362][  0]LogUObjectArray: CloseDisregardForGC: 0/0 objects in disregard for GC pool
[2026.01.05-16.19.32:672][  0]LogNiagaraDebuggerClient: Niagara Debugger Client Initialized | Session: 83A2C915418794B3260C0792131C5CE4 | Instance: 97F177A04759A068E2B3CA9BAE163B01 (DESKTOP-FFQQ38C-22404).
[2026.01.05-16.19.32:709][  0]LogPython: Using Python 3.7.7
[2026.01.05-16.19.33:388][  0]LogTcpMessaging: Initializing TcpMessaging bridge
[2026.01.05-16.19.33:393][  0]LogUdpMessaging: Initializing bridge on interface 0.0.0.0:0 to multicast group 230.0.0.1:6666.
[2026.01.05-16.19.33:559][  0]SourceControl: Source control is disabled
[2026.01.05-16.19.33:559][  0]SourceControl: Source control is disabled
[2026.01.05-16.19.33:562][  0]SourceControl: Source control is disabled
[2026.01.05-16.19.33:565][  0]SourceControl: Source control is disabled
[2026.01.05-16.19.33:575][  0]SourceControl: Source control is disabled
[2026.01.05-16.19.33:581][  0]LogUProjectInfo: Found projects:
[2026.01.05-16.19.33:591][  0]LogVSAccessor: Display: Unable to create Visual Studio setup instance: 80040154
[2026.01.05-16.19.33:592][  0]LogVSAccessor: Display: Unable to create Visual Studio setup instance: 80040154
[2026.01.05-16.19.33:592][  0]LogVSAccessor: Display: Unable to create Visual Studio setup instance: 80040154
[2026.01.05-16.19.33:798][  0]LogOpenImageDenoise: OIDN starting up
[2026.01.05-16.19.33:845][  0]LogAndroidPermission: UAndroidPermissionCallbackProxy::GetInstance
[2026.01.05-16.19.33:869][  0]LogAudioCaptureCore: Display: No Audio Capture implementations found. Audio input will be silent.
[2026.01.05-16.19.33:869][  0]LogAudioCaptureCore: Display: No Audio Capture implementations found. Audio input will be silent.
[2026.01.05-16.19.34:019][  0]LogCollectionManager: Loaded 0 collections in 0.001877 seconds
[2026.01.05-16.19.34:050][  0]LogFileCache: Scanning file cache for directory 'F:/rejp/ripositor/ligma_3rd_person/Saved/Collections/' took 0.00s
[2026.01.05-16.19.34:050][  0]LogFileCache: Scanning file cache for directory 'F:/rejp/ripositor/ligma_3rd_person/Content/Developers/koguc/Collections/' took 0.00s
[2026.01.05-16.19.34:050][  0]LogFileCache: Scanning file cache for directory 'F:/rejp/ripositor/ligma_3rd_person/Content/Collections/' took 0.00s
[2026.01.05-16.19.34:050][  0]LogOcInput: OculusInput pre-init called
[2026.01.05-16.19.34:330][  0]LogEngine: Initializing Engine...
[2026.01.05-16.19.34:422][  0]LogHMD: Failed to enumerate extensions. Please check that you have a valid OpenXR runtime installed.
[2026.01.05-16.19.34:423][  0]LogHMD: Failed to initialize OpenVR with code 110
[2026.01.05-16.19.34:423][  0]LogMagicLeap: Warning: VR disabled because ZI is not enabled.  To enable, in the editor, Edit -> Project Settings -> Plugins -> Magic Leap Plugin -> Enable Zero Iteration
[2026.01.05-16.19.34:424][  0]LogStats: UGameplayTagsManager::InitializeManager -  0.000 s
[2026.01.05-16.19.34:568][  0]LogInit: Initializing FReadOnlyCVARCache
[2026.01.05-16.19.34:576][  0]LogAIModule: Creating AISystem for world Untitled
[2026.01.05-16.19.34:592][  0]LogAudio: Display: Initializing Audio Device Manager...
[2026.01.05-16.19.34:596][  0]LogAudio: Display: Loading Default Audio Settings Objects...
[2026.01.05-16.19.34:596][  0]LogAudio: Display: No default SoundConcurrencyObject specified (or failed to load).
[2026.01.05-16.19.34:597][  0]LogAudio: Display: Audio Device Manager Initialized
[2026.01.05-16.19.34:597][  0]LogAudio: Display: Creating Audio Device:                 Id: 1, Scope: Shared, Realtime: True
[2026.01.05-16.19.34:597][  0]LogAudioMixer: Display: Audio Mixer Platform Settings:
[2026.01.05-16.19.34:597][  0]LogAudioMixer: Display: 	Sample Rate:						  48000
[2026.01.05-16.19.34:597][  0]LogAudioMixer: Display: 	Callback Buffer Frame Size Requested: 1024
[2026.01.05-16.19.34:597][  0]LogAudioMixer: Display: 	Callback Buffer Frame Size To Use:	  1024
[2026.01.05-16.19.34:597][  0]LogAudioMixer: Display: 	Number of buffers to queue:			  2
[2026.01.05-16.19.34:597][  0]LogAudioMixer: Display: 	Max Channels (voices):				  32
[2026.01.05-16.19.34:597][  0]LogAudioMixer: Display: 	Number of Async Source Workers:		  0
[2026.01.05-16.19.34:597][  0]LogAudio: Display: AudioDevice MaxSources: 32
[2026.01.05-16.19.34:597][  0]LogAudio: Display: Audio Spatialization Plugin: None (built-in).
[2026.01.05-16.19.34:597][  0]LogAudio: Display: Audio Reverb Plugin: None (built-in).
[2026.01.05-16.19.34:597][  0]LogAudio: Display: Audio Occlusion Plugin: None (built-in).
[2026.01.05-16.19.34:597][  0]LogAudioMixer: Display: Initializing audio mixer.
[2026.01.05-16.19.34:635][  0]LogAudioMixer: Display: 0: FrontLeft
[2026.01.05-16.19.34:635][  0]LogAudioMixer: Display: 1: FrontRight
[2026.01.05-16.19.34:688][  0]LogAudioMixer: Display: Using Audio Device Słuchawki (JBL Tune 720BT Stereo)
[2026.01.05-16.19.34:691][  0]LogAudioMixer: Display: Initializing Sound Submixes...
[2026.01.05-16.19.34:694][  0]LogAudioMixer: Display: Creating Master Submix 'MasterSubmixDefault'
[2026.01.05-16.19.34:694][  0]LogAudioMixer: Display: Creating Master Submix 'MasterReverbSubmixDefault'
[2026.01.05-16.19.34:695][  0]LogAudioMixer: Display: Creating Master Submix 'MasterEQSubmixDefault'
[2026.01.05-16.19.34:695][  0]LogAudioMixer: FMixerPlatformXAudio2::StartAudioStream() called
[2026.01.05-16.19.34:695][  0]LogAudioMixer: Display: Output buffers initialized: Frames=1024, Channels=2, Samples=2048
[2026.01.05-16.19.34:696][  0]LogAudioMixer: Display: Starting AudioMixerPlatformInterface::RunInternal()
[2026.01.05-16.19.34:696][  0]LogAudioMixer: Display: FMixerPlatformXAudio2::SubmitBuffer() called for the first time
[2026.01.05-16.19.34:696][  0]LogInit: FAudioDevice initialized.
[2026.01.05-16.19.34:697][  0]LogAudio: Display: Audio Device (ID: 1) registered with world 'Untitled'.
[2026.01.05-16.19.34:697][  0]LogNetVersion: Set ProjectVersion to 1.0.0.0. Version Checksum will be recalculated on next use.
[2026.01.05-16.19.34:776][  0]LogDerivedDataCache: Saved boot cache 0.08s 94MB C:/Users/koguc/AppData/Local/UnrealEngine/4.27/DerivedDataCache/Boot.ddc.
[2026.01.05-16.19.34:777][  0]LogInit: Texture streaming: Enabled
[2026.01.05-16.19.34:789][  0]LogAnalytics: Display: [UEEditor.Rocket.Release] APIServer = https://datarouter.ol.epicgames.com/. AppVersion = 4.27.2-18319896+++UE4+Release-4.27
[2026.01.05-16.19.34:793][  0]LogEngineSessionManager: EngineSessionManager initialized
[2026.01.05-16.19.34:793][  0]LogEditorSessionSummary: Verbose: Initializing EditorSessionSummaryWriter for editor session tracking
[2026.01.05-16.19.34:796][  0]LogEditorSessionSummary: EditorSessionSummaryWriter initialized
[2026.01.05-16.19.34:880][  0]LogInit: Transaction tracking system initialized
[2026.01.05-16.19.34:903][  0]BlueprintLog: New page: Editor Load
[2026.01.05-16.19.34:973][  0]LocalizationService: Localization service is disabled
[2026.01.05-16.19.35:001][  0]TimingProfiler: Initialize
[2026.01.05-16.19.35:001][  0]TimingProfiler: OnSessionChanged
[2026.01.05-16.19.35:001][  0]LoadingProfiler: Initialize
[2026.01.05-16.19.35:001][  0]LoadingProfiler: OnSessionChanged
[2026.01.05-16.19.35:001][  0]NetworkingProfiler: Initialize
[2026.01.05-16.19.35:001][  0]NetworkingProfiler: OnSessionChanged
[2026.01.05-16.19.35:001][  0]MemoryProfiler: Initialize
[2026.01.05-16.19.35:001][  0]MemoryProfiler: OnSessionChanged
[2026.01.05-16.19.35:066][  0]LogVSAccessor: Display: Unable to create Visual Studio setup instance: 80040154
[2026.01.05-16.19.35:066][  0]LogVSAccessor: Display: Unable to create Visual Studio setup instance: 80040154
[2026.01.05-16.19.35:067][  0]LogVSAccessor: Display: Unable to create Visual Studio setup instance: 80040154
[2026.01.05-16.19.35:181][  0]LogCook: Display: CookSettings for Memory: MemoryMaxUsedVirtual 0MiB, MemoryMaxUsedPhysical 16384MiB, MemoryMinFreeVirtual 0MiB, MemoryMinFreePhysical 1024MiB
[2026.01.05-16.19.35:181][  0]LogCook: Display: Mobile HDR setting 1
[2026.01.05-16.19.35:362][  0]LogFileCache: Scanning file cache for directory 'F:/rejp/ripositor/ligma_3rd_person/Content/' took 0.01s
[2026.01.05-16.19.35:627][  0]LogInit: Display: Engine is initialized. Leaving FEngineLoop::Init()
[2026.01.05-16.19.35:631][  0]SourceControl: Source control is disabled
[2026.01.05-16.19.35:631][  0]LogUnrealEdMisc: Loading editor; pre map load, took 8.008
[2026.01.05-16.19.35:631][  0]Cmd: MAP LOAD FILE="F:/rejp/ripositor/ligma_3rd_person/Content/ThirdPersonBP/Maps/ThirdPersonExampleMap.umap" TEMPLATE=0 SHOWPROGRESS=1 FEATURELEVEL=3
[2026.01.05-16.19.35:648][  0]LightingResults: New page: Lighting Build
[2026.01.05-16.19.35:649][  0]LogWorld: UWorld::CleanupWorld for Untitled, bSessionEnded=true, bCleanupResources=true
[2026.01.05-16.19.35:649][  0]LogSlate: InvalidateAllWidgets triggered.  All widgets were invalidated
[2026.01.05-16.19.35:649][  0]MapCheck: New page: Map Check
[2026.01.05-16.19.35:649][  0]LightingResults: New page: Lighting Build
[2026.01.05-16.19.35:834][  0]LogAudio: Display: Audio Device unregistered from world 'None'.
[2026.01.05-16.19.35:837][  0]LogUObjectHash: Compacting FUObjectHashTables data took   0.81ms
[2026.01.05-16.19.37:399][  0]LogAudio: Display: Audio Device (ID: 1) registered with world 'ThirdPersonExampleMap'.
[2026.01.05-16.19.37:400][  0]LogAIModule: Creating AISystem for world ThirdPersonExampleMap
[2026.01.05-16.19.37:454][  0]LogEditorServer: Finished looking for orphan Actors (0.000 secs)
[2026.01.05-16.19.38:732][  0]LogUObjectHash: Compacting FUObjectHashTables data took   1.10ms
[2026.01.05-16.19.38:732][  0]Cmd: MAP CHECKDEP NOCLEARLOG
[2026.01.05-16.19.38:733][  0]MapCheck: Map check complete: 0 Error(s), 0 Warning(s), took 0,145ms to complete.
[2026.01.05-16.19.38:733][  0]LogFileHelpers: Loading map 'ThirdPersonExampleMap' took 3.102
[2026.01.05-16.19.38:735][  0]LogUnrealEdMisc: Total Editor Startup Time, took 11.112
[2026.01.05-16.19.39:100][  0]LogSlate: Updating window title bar state: overlay mode, drag disabled, window buttons hidden, title bar hidden
[2026.01.05-16.19.39:108][  0]LogSlate: Updating window title bar state: overlay mode, drag disabled, window buttons hidden, title bar hidden
[2026.01.05-16.19.39:116][  0]LogSlate: Updating window title bar state: overlay mode, drag disabled, window buttons hidden, title bar hidden
[2026.01.05-16.19.39:124][  0]LogSlate: Updating window title bar state: overlay mode, drag disabled, window buttons hidden, title bar hidden
[2026.01.05-16.19.39:168][  0]LogNativeClassHierarchy: Verbose: Native class hierarchy populated in 0.0103 seconds. Added 3822 classes and 928 folders.
[2026.01.05-16.19.39:176][  0]LogNativeClassHierarchy: Verbose: Native class hierarchy updated for 'WidgetCarousel' in 0.0003 seconds. Added 0 classes and 0 folders.
[2026.01.05-16.19.39:195][  0]LogPakFile: PakFile PrimaryIndexSize=187
[2026.01.05-16.19.39:195][  0]LogPakFile: PakFile PathHashIndexSize=101
[2026.01.05-16.19.39:195][  0]LogPakFile: PakFile FullDirectoryIndexSize=148
[2026.01.05-16.19.39:195][  0]LogShaderLibrary: Display: ShaderCodeLibraryPakFileMountedCallback: PakFile 'C:/Program Files/Epic Games/UE_4.27/FeaturePacks/FP_FirstPerson.upack' (chunk index -1, root 'root:/') mounted
[2026.01.05-16.19.39:195][  0]LogShaderLibrary: Display: ShaderCodeLibraryPakFileMountedCallback: pending pak file info (ChunkID:-1 Root:root:/ File:C:/Program Files/Epic Games/UE_4.27/FeaturePacks/FP_FirstPerson.upack)
[2026.01.05-16.19.39:195][  0]LogPakFile: OnPakFileMounted2Time == 0.000067
[2026.01.05-16.19.39:211][  0]LogPakFile: PakFile PrimaryIndexSize=189
[2026.01.05-16.19.39:211][  0]LogPakFile: PakFile PathHashIndexSize=101
[2026.01.05-16.19.39:211][  0]LogPakFile: PakFile FullDirectoryIndexSize=152
[2026.01.05-16.19.39:211][  0]LogShaderLibrary: Display: ShaderCodeLibraryPakFileMountedCallback: PakFile 'C:/Program Files/Epic Games/UE_4.27/FeaturePacks/FP_FirstPersonBP.upack' (chunk index -1, root 'root:/') mounted
[2026.01.05-16.19.39:211][  0]LogShaderLibrary: Display: ShaderCodeLibraryPakFileMountedCallback: pending pak file info (ChunkID:-1 Root:root:/ File:C:/Program Files/Epic Games/UE_4.27/FeaturePacks/FP_FirstPersonBP.upack)
[2026.01.05-16.19.39:211][  0]LogPakFile: OnPakFileMounted2Time == 0.000058
[2026.01.05-16.19.39:221][  0]LogPakFile: PakFile PrimaryIndexSize=191
[2026.01.05-16.19.39:221][  0]LogPakFile: PakFile PathHashIndexSize=101
[2026.01.05-16.19.39:221][  0]LogPakFile: PakFile FullDirectoryIndexSize=160
[2026.01.05-16.19.39:221][  0]LogShaderLibrary: Display: ShaderCodeLibraryPakFileMountedCallback: PakFile 'C:/Program Files/Epic Games/UE_4.27/FeaturePacks/MobileStarterContent.upack' (chunk index -1, root 'root:/') mounted
[2026.01.05-16.19.39:221][  0]LogShaderLibrary: Display: ShaderCodeLibraryPakFileMountedCallback: pending pak file info (ChunkID:-1 Root:root:/ File:C:/Program Files/Epic Games/UE_4.27/FeaturePacks/MobileStarterContent.upack)
[2026.01.05-16.19.39:221][  0]LogPakFile: OnPakFileMounted2Time == 0.000051
[2026.01.05-16.19.39:232][  0]LogPakFile: PakFile PrimaryIndexSize=185
[2026.01.05-16.19.39:232][  0]LogPakFile: PakFile PathHashIndexSize=101
[2026.01.05-16.19.39:232][  0]LogPakFile: PakFile FullDirectoryIndexSize=148
[2026.01.05-16.19.39:232][  0]LogShaderLibrary: Display: ShaderCodeLibraryPakFileMountedCallback: PakFile 'C:/Program Files/Epic Games/UE_4.27/FeaturePacks/StarterContent.upack' (chunk index -1, root 'root:/') mounted
[2026.01.05-16.19.39:232][  0]LogShaderLibrary: Display: ShaderCodeLibraryPakFileMountedCallback: pending pak file info (ChunkID:-1 Root:root:/ File:C:/Program Files/Epic Games/UE_4.27/FeaturePacks/StarterContent.upack)
[2026.01.05-16.19.39:232][  0]LogPakFile: OnPakFileMounted2Time == 0.000051
[2026.01.05-16.19.39:242][  0]LogPakFile: PakFile PrimaryIndexSize=190
[2026.01.05-16.19.39:242][  0]LogPakFile: PakFile PathHashIndexSize=101
[2026.01.05-16.19.39:242][  0]LogPakFile: PakFile FullDirectoryIndexSize=154
[2026.01.05-16.19.39:242][  0]LogShaderLibrary: Display: ShaderCodeLibraryPakFileMountedCallback: PakFile 'C:/Program Files/Epic Games/UE_4.27/FeaturePacks/TP_2DSideScroller.upack' (chunk index -1, root 'root:/') mounted
[2026.01.05-16.19.39:242][  0]LogShaderLibrary: Display: ShaderCodeLibraryPakFileMountedCallback: pending pak file info (ChunkID:-1 Root:root:/ File:C:/Program Files/Epic Games/UE_4.27/FeaturePacks/TP_2DSideScroller.upack)
[2026.01.05-16.19.39:242][  0]LogPakFile: OnPakFileMounted2Time == 0.000050
[2026.01.05-16.19.39:252][  0]LogPakFile: PakFile PrimaryIndexSize=192
[2026.01.05-16.19.39:252][  0]LogPakFile: PakFile PathHashIndexSize=101
[2026.01.05-16.19.39:252][  0]LogPakFile: PakFile FullDirectoryIndexSize=158
[2026.01.05-16.19.39:252][  0]LogShaderLibrary: Display: ShaderCodeLibraryPakFileMountedCallback: PakFile 'C:/Program Files/Epic Games/UE_4.27/FeaturePacks/TP_2DSideScrollerBP.upack' (chunk index -1, root 'root:/') mounted
[2026.01.05-16.19.39:252][  0]LogShaderLibrary: Display: ShaderCodeLibraryPakFileMountedCallback: pending pak file info (ChunkID:-1 Root:root:/ File:C:/Program Files/Epic Games/UE_4.27/FeaturePacks/TP_2DSideScrollerBP.upack)
[2026.01.05-16.19.39:252][  0]LogPakFile: OnPakFileMounted2Time == 0.000050
[2026.01.05-16.19.39:261][  0]LogPakFile: PakFile PrimaryIndexSize=182
[2026.01.05-16.19.39:261][  0]LogPakFile: PakFile PathHashIndexSize=101
[2026.01.05-16.19.39:261][  0]LogPakFile: PakFile FullDirectoryIndexSize=138
[2026.01.05-16.19.39:261][  0]LogShaderLibrary: Display: ShaderCodeLibraryPakFileMountedCallback: PakFile 'C:/Program Files/Epic Games/UE_4.27/FeaturePacks/TP_Flying.upack' (chunk index -1, root 'root:/') mounted
[2026.01.05-16.19.39:261][  0]LogShaderLibrary: Display: ShaderCodeLibraryPakFileMountedCallback: pending pak file info (ChunkID:-1 Root:root:/ File:C:/Program Files/Epic Games/UE_4.27/FeaturePacks/TP_Flying.upack)
[2026.01.05-16.19.39:261][  0]LogPakFile: OnPakFileMounted2Time == 0.000049
[2026.01.05-16.19.39:272][  0]LogPakFile: PakFile PrimaryIndexSize=184
[2026.01.05-16.19.39:273][  0]LogPakFile: PakFile PathHashIndexSize=101
[2026.01.05-16.19.39:273][  0]LogPakFile: PakFile FullDirectoryIndexSize=142
[2026.01.05-16.19.39:273][  0]LogShaderLibrary: Display: ShaderCodeLibraryPakFileMountedCallback: PakFile 'C:/Program Files/Epic Games/UE_4.27/FeaturePacks/TP_FlyingBP.upack' (chunk index -1, root 'root:/') mounted
[2026.01.05-16.19.39:273][  0]LogShaderLibrary: Display: ShaderCodeLibraryPakFileMountedCallback: pending pak file info (ChunkID:-1 Root:root:/ File:C:/Program Files/Epic Games/UE_4.27/FeaturePacks/TP_FlyingBP.upack)
[2026.01.05-16.19.39:273][  0]LogPakFile: OnPakFileMounted2Time == 0.000050
[2026.01.05-16.19.39:285][  0]LogPakFile: PakFile PrimaryIndexSize=188
[2026.01.05-16.19.39:285][  0]LogPakFile: PakFile PathHashIndexSize=101
[2026.01.05-16.19.39:285][  0]LogPakFile: PakFile FullDirectoryIndexSize=150
[2026.01.05-16.19.39:285][  0]LogShaderLibrary: Display: ShaderCodeLibraryPakFileMountedCallback: PakFile 'C:/Program Files/Epic Games/UE_4.27/FeaturePacks/TP_HandheldARBP.upack' (chunk index -1, root 'root:/') mounted
[2026.01.05-16.19.39:285][  0]LogShaderLibrary: Display: ShaderCodeLibraryPakFileMountedCallback: pending pak file info (ChunkID:-1 Root:root:/ File:C:/Program Files/Epic Games/UE_4.27/FeaturePacks/TP_HandheldARBP.upack)
[2026.01.05-16.19.39:285][  0]LogPakFile: OnPakFileMounted2Time == 0.000050
[2026.01.05-16.19.39:299][  0]LogPakFile: PakFile PrimaryIndexSize=182
[2026.01.05-16.19.39:299][  0]LogPakFile: PakFile PathHashIndexSize=101
[2026.01.05-16.19.39:299][  0]LogPakFile: PakFile FullDirectoryIndexSize=138
[2026.01.05-16.19.39:299][  0]LogShaderLibrary: Display: ShaderCodeLibraryPakFileMountedCallback: PakFile 'C:/Program Files/Epic Games/UE_4.27/FeaturePacks/TP_Puzzle.upack' (chunk index -1, root 'root:/') mounted
[2026.01.05-16.19.39:299][  0]LogShaderLibrary: Display: ShaderCodeLibraryPakFileMountedCallback: pending pak file info (ChunkID:-1 Root:root:/ File:C:/Program Files/Epic Games/UE_4.27/FeaturePacks/TP_Puzzle.upack)
[2026.01.05-16.19.39:299][  0]LogPakFile: OnPakFileMounted2Time == 0.000047
[2026.01.05-16.19.39:308][  0]LogPakFile: PakFile PrimaryIndexSize=184
[2026.01.05-16.19.39:308][  0]LogPakFile: PakFile PathHashIndexSize=101
[2026.01.05-16.19.39:308][  0]LogPakFile: PakFile FullDirectoryIndexSize=142
[2026.01.05-16.19.39:308][  0]LogShaderLibrary: Display: ShaderCodeLibraryPakFileMountedCallback: PakFile 'C:/Program Files/Epic Games/UE_4.27/FeaturePacks/TP_PuzzleBP.upack' (chunk index -1, root 'root:/') mounted
[2026.01.05-16.19.39:308][  0]LogShaderLibrary: Display: ShaderCodeLibraryPakFileMountedCallback: pending pak file info (ChunkID:-1 Root:root:/ File:C:/Program Files/Epic Games/UE_4.27/FeaturePacks/TP_PuzzleBP.upack)
[2026.01.05-16.19.39:308][  0]LogPakFile: OnPakFileMounted2Time == 0.000050
[2026.01.05-16.19.39:319][  0]LogPakFile: PakFile PrimaryIndexSize=183
[2026.01.05-16.19.39:319][  0]LogPakFile: PakFile PathHashIndexSize=101
[2026.01.05-16.19.39:319][  0]LogPakFile: PakFile FullDirectoryIndexSize=140
[2026.01.05-16.19.39:319][  0]LogShaderLibrary: Display: ShaderCodeLibraryPakFileMountedCallback: PakFile 'C:/Program Files/Epic Games/UE_4.27/FeaturePacks/TP_Rolling.upack' (chunk index -1, root 'root:/') mounted
[2026.01.05-16.19.39:319][  0]LogShaderLibrary: Display: ShaderCodeLibraryPakFileMountedCallback: pending pak file info (ChunkID:-1 Root:root:/ File:C:/Program Files/Epic Games/UE_4.27/FeaturePacks/TP_Rolling.upack)
[2026.01.05-16.19.39:319][  0]LogPakFile: OnPakFileMounted2Time == 0.000049
[2026.01.05-16.19.39:329][  0]LogPakFile: PakFile PrimaryIndexSize=185
[2026.01.05-16.19.39:329][  0]LogPakFile: PakFile PathHashIndexSize=101
[2026.01.05-16.19.39:329][  0]LogPakFile: PakFile FullDirectoryIndexSize=144
[2026.01.05-16.19.39:329][  0]LogShaderLibrary: Display: ShaderCodeLibraryPakFileMountedCallback: PakFile 'C:/Program Files/Epic Games/UE_4.27/FeaturePacks/TP_RollingBP.upack' (chunk index -1, root 'root:/') mounted
[2026.01.05-16.19.39:329][  0]LogShaderLibrary: Display: ShaderCodeLibraryPakFileMountedCallback: pending pak file info (ChunkID:-1 Root:root:/ File:C:/Program Files/Epic Games/UE_4.27/FeaturePacks/TP_RollingBP.upack)
[2026.01.05-16.19.39:329][  0]LogPakFile: OnPakFileMounted2Time == 0.000052
[2026.01.05-16.19.39:340][  0]LogPakFile: PakFile PrimaryIndexSize=188
[2026.01.05-16.19.39:340][  0]LogPakFile: PakFile PathHashIndexSize=101
[2026.01.05-16.19.39:340][  0]LogPakFile: PakFile FullDirectoryIndexSize=150
[2026.01.05-16.19.39:340][  0]LogShaderLibrary: Display: ShaderCodeLibraryPakFileMountedCallback: PakFile 'C:/Program Files/Epic Games/UE_4.27/FeaturePacks/TP_SideScroller.upack' (chunk index -1, root 'root:/') mounted
[2026.01.05-16.19.39:340][  0]LogShaderLibrary: Display: ShaderCodeLibraryPakFileMountedCallback: pending pak file info (ChunkID:-1 Root:root:/ File:C:/Program Files/Epic Games/UE_4.27/FeaturePacks/TP_SideScroller.upack)
[2026.01.05-16.19.39:340][  0]LogPakFile: OnPakFileMounted2Time == 0.000050
[2026.01.05-16.19.39:349][  0]LogPakFile: PakFile PrimaryIndexSize=190
[2026.01.05-16.19.39:349][  0]LogPakFile: PakFile PathHashIndexSize=101
[2026.01.05-16.19.39:349][  0]LogPakFile: PakFile FullDirectoryIndexSize=154
[2026.01.05-16.19.39:349][  0]LogShaderLibrary: Display: ShaderCodeLibraryPakFileMountedCallback: PakFile 'C:/Program Files/Epic Games/UE_4.27/FeaturePacks/TP_SideScrollerBP.upack' (chunk index -1, root 'root:/') mounted
[2026.01.05-16.19.39:349][  0]LogShaderLibrary: Display: ShaderCodeLibraryPakFileMountedCallback: pending pak file info (ChunkID:-1 Root:root:/ File:C:/Program Files/Epic Games/UE_4.27/FeaturePacks/TP_SideScrollerBP.upack)
[2026.01.05-16.19.39:349][  0]LogPakFile: OnPakFileMounted2Time == 0.000053
[2026.01.05-16.19.39:360][  0]LogPakFile: PakFile PrimaryIndexSize=187
[2026.01.05-16.19.39:360][  0]LogPakFile: PakFile PathHashIndexSize=101
[2026.01.05-16.19.39:360][  0]LogPakFile: PakFile FullDirectoryIndexSize=148
[2026.01.05-16.19.39:360][  0]LogShaderLibrary: Display: ShaderCodeLibraryPakFileMountedCallback: PakFile 'C:/Program Files/Epic Games/UE_4.27/FeaturePacks/TP_ThirdPerson.upack' (chunk index -1, root 'root:/') mounted
[2026.01.05-16.19.39:360][  0]LogShaderLibrary: Display: ShaderCodeLibraryPakFileMountedCallback: pending pak file info (ChunkID:-1 Root:root:/ File:C:/Program Files/Epic Games/UE_4.27/FeaturePacks/TP_ThirdPerson.upack)
[2026.01.05-16.19.39:360][  0]LogPakFile: OnPakFileMounted2Time == 0.000052
[2026.01.05-16.19.39:369][  0]LogPakFile: PakFile PrimaryIndexSize=189
[2026.01.05-16.19.39:369][  0]LogPakFile: PakFile PathHashIndexSize=101
[2026.01.05-16.19.39:369][  0]LogPakFile: PakFile FullDirectoryIndexSize=152
[2026.01.05-16.19.39:369][  0]LogShaderLibrary: Display: ShaderCodeLibraryPakFileMountedCallback: PakFile 'C:/Program Files/Epic Games/UE_4.27/FeaturePacks/TP_ThirdPersonBP.upack' (chunk index -1, root 'root:/') mounted
[2026.01.05-16.19.39:369][  0]LogShaderLibrary: Display: ShaderCodeLibraryPakFileMountedCallback: pending pak file info (ChunkID:-1 Root:root:/ File:C:/Program Files/Epic Games/UE_4.27/FeaturePacks/TP_ThirdPersonBP.upack)
[2026.01.05-16.19.39:369][  0]LogPakFile: OnPakFileMounted2Time == 0.000052
[2026.01.05-16.19.39:380][  0]LogPakFile: PakFile PrimaryIndexSize=183
[2026.01.05-16.19.39:380][  0]LogPakFile: PakFile PathHashIndexSize=101
[2026.01.05-16.19.39:380][  0]LogPakFile: PakFile FullDirectoryIndexSize=140
[2026.01.05-16.19.39:380][  0]LogShaderLibrary: Display: ShaderCodeLibraryPakFileMountedCallback: PakFile 'C:/Program Files/Epic Games/UE_4.27/FeaturePacks/TP_TopDown.upack' (chunk index -1, root 'root:/') mounted
[2026.01.05-16.19.39:380][  0]LogShaderLibrary: Display: ShaderCodeLibraryPakFileMountedCallback: pending pak file info (ChunkID:-1 Root:root:/ File:C:/Program Files/Epic Games/UE_4.27/FeaturePacks/TP_TopDown.upack)
[2026.01.05-16.19.39:380][  0]LogPakFile: OnPakFileMounted2Time == 0.000058
[2026.01.05-16.19.39:390][  0]LogPakFile: PakFile PrimaryIndexSize=185
[2026.01.05-16.19.39:390][  0]LogPakFile: PakFile PathHashIndexSize=101
[2026.01.05-16.19.39:390][  0]LogPakFile: PakFile FullDirectoryIndexSize=144
[2026.01.05-16.19.39:390][  0]LogShaderLibrary: Display: ShaderCodeLibraryPakFileMountedCallback: PakFile 'C:/Program Files/Epic Games/UE_4.27/FeaturePacks/TP_TopDownBP.upack' (chunk index -1, root 'root:/') mounted
[2026.01.05-16.19.39:390][  0]LogShaderLibrary: Display: ShaderCodeLibraryPakFileMountedCallback: pending pak file info (ChunkID:-1 Root:root:/ File:C:/Program Files/Epic Games/UE_4.27/FeaturePacks/TP_TopDownBP.upack)
[2026.01.05-16.19.39:390][  0]LogPakFile: OnPakFileMounted2Time == 0.000049
[2026.01.05-16.19.39:403][  0]LogPakFile: PakFile PrimaryIndexSize=185
[2026.01.05-16.19.39:403][  0]LogPakFile: PakFile PathHashIndexSize=101
[2026.01.05-16.19.39:403][  0]LogPakFile: PakFile FullDirectoryIndexSize=144
[2026.01.05-16.19.39:403][  0]LogShaderLibrary: Display: ShaderCodeLibraryPakFileMountedCallback: PakFile 'C:/Program Files/Epic Games/UE_4.27/FeaturePacks/TP_TwinStick.upack' (chunk index -1, root 'root:/') mounted
[2026.01.05-16.19.39:403][  0]LogShaderLibrary: Display: ShaderCodeLibraryPakFileMountedCallback: pending pak file info (ChunkID:-1 Root:root:/ File:C:/Program Files/Epic Games/UE_4.27/FeaturePacks/TP_TwinStick.upack)
[2026.01.05-16.19.39:403][  0]LogPakFile: OnPakFileMounted2Time == 0.000061
[2026.01.05-16.19.39:413][  0]LogPakFile: PakFile PrimaryIndexSize=187
[2026.01.05-16.19.39:413][  0]LogPakFile: PakFile PathHashIndexSize=101
[2026.01.05-16.19.39:413][  0]LogPakFile: PakFile FullDirectoryIndexSize=148
[2026.01.05-16.19.39:413][  0]LogShaderLibrary: Display: ShaderCodeLibraryPakFileMountedCallback: PakFile 'C:/Program Files/Epic Games/UE_4.27/FeaturePacks/TP_TwinStickBP.upack' (chunk index -1, root 'root:/') mounted
[2026.01.05-16.19.39:413][  0]LogShaderLibrary: Display: ShaderCodeLibraryPakFileMountedCallback: pending pak file info (ChunkID:-1 Root:root:/ File:C:/Program Files/Epic Games/UE_4.27/FeaturePacks/TP_TwinStickBP.upack)
[2026.01.05-16.19.39:413][  0]LogPakFile: OnPakFileMounted2Time == 0.000048
[2026.01.05-16.19.39:423][  0]LogPakFile: PakFile PrimaryIndexSize=183
[2026.01.05-16.19.39:423][  0]LogPakFile: PakFile PathHashIndexSize=101
[2026.01.05-16.19.39:423][  0]LogPakFile: PakFile FullDirectoryIndexSize=140
[2026.01.05-16.19.39:423][  0]LogShaderLibrary: Display: ShaderCodeLibraryPakFileMountedCallback: PakFile 'C:/Program Files/Epic Games/UE_4.27/FeaturePacks/TP_Vehicle.upack' (chunk index -1, root 'root:/') mounted
[2026.01.05-16.19.39:423][  0]LogShaderLibrary: Display: ShaderCodeLibraryPakFileMountedCallback: pending pak file info (ChunkID:-1 Root:root:/ File:C:/Program Files/Epic Games/UE_4.27/FeaturePacks/TP_Vehicle.upack)
[2026.01.05-16.19.39:423][  0]LogPakFile: OnPakFileMounted2Time == 0.000052
[2026.01.05-16.19.39:434][  0]LogPakFile: PakFile PrimaryIndexSize=186
[2026.01.05-16.19.39:434][  0]LogPakFile: PakFile PathHashIndexSize=101
[2026.01.05-16.19.39:434][  0]LogPakFile: PakFile FullDirectoryIndexSize=146
[2026.01.05-16.19.39:434][  0]LogShaderLibrary: Display: ShaderCodeLibraryPakFileMountedCallback: PakFile 'C:/Program Files/Epic Games/UE_4.27/FeaturePacks/TP_VehicleAdv.upack' (chunk index -1, root 'root:/') mounted
[2026.01.05-16.19.39:434][  0]LogShaderLibrary: Display: ShaderCodeLibraryPakFileMountedCallback: pending pak file info (ChunkID:-1 Root:root:/ File:C:/Program Files/Epic Games/UE_4.27/FeaturePacks/TP_VehicleAdv.upack)
[2026.01.05-16.19.39:434][  0]LogPakFile: OnPakFileMounted2Time == 0.000050
[2026.01.05-16.19.39:445][  0]LogPakFile: PakFile PrimaryIndexSize=188
[2026.01.05-16.19.39:445][  0]LogPakFile: PakFile PathHashIndexSize=101
[2026.01.05-16.19.39:445][  0]LogPakFile: PakFile FullDirectoryIndexSize=150
[2026.01.05-16.19.39:445][  0]LogShaderLibrary: Display: ShaderCodeLibraryPakFileMountedCallback: PakFile 'C:/Program Files/Epic Games/UE_4.27/FeaturePacks/TP_VehicleAdvBP.upack' (chunk index -1, root 'root:/') mounted
[2026.01.05-16.19.39:445][  0]LogShaderLibrary: Display: ShaderCodeLibraryPakFileMountedCallback: pending pak file info (ChunkID:-1 Root:root:/ File:C:/Program Files/Epic Games/UE_4.27/FeaturePacks/TP_VehicleAdvBP.upack)
[2026.01.05-16.19.39:445][  0]LogPakFile: OnPakFileMounted2Time == 0.000050
[2026.01.05-16.19.39:455][  0]LogPakFile: PakFile PrimaryIndexSize=185
[2026.01.05-16.19.39:455][  0]LogPakFile: PakFile PathHashIndexSize=101
[2026.01.05-16.19.39:455][  0]LogPakFile: PakFile FullDirectoryIndexSize=144
[2026.01.05-16.19.39:455][  0]LogShaderLibrary: Display: ShaderCodeLibraryPakFileMountedCallback: PakFile 'C:/Program Files/Epic Games/UE_4.27/FeaturePacks/TP_VehicleBP.upack' (chunk index -1, root 'root:/') mounted
[2026.01.05-16.19.39:455][  0]LogShaderLibrary: Display: ShaderCodeLibraryPakFileMountedCallback: pending pak file info (ChunkID:-1 Root:root:/ File:C:/Program Files/Epic Games/UE_4.27/FeaturePacks/TP_VehicleBP.upack)
[2026.01.05-16.19.39:455][  0]LogPakFile: OnPakFileMounted2Time == 0.000052
[2026.01.05-16.19.39:465][  0]LogPakFile: PakFile PrimaryIndexSize=192
[2026.01.05-16.19.39:465][  0]LogPakFile: PakFile PathHashIndexSize=101
[2026.01.05-16.19.39:465][  0]LogPakFile: PakFile FullDirectoryIndexSize=158
[2026.01.05-16.19.39:465][  0]LogShaderLibrary: Display: ShaderCodeLibraryPakFileMountedCallback: PakFile 'C:/Program Files/Epic Games/UE_4.27/FeaturePacks/TP_VirtualRealityBP.upack' (chunk index -1, root 'root:/') mounted
[2026.01.05-16.19.39:465][  0]LogShaderLibrary: Display: ShaderCodeLibraryPakFileMountedCallback: pending pak file info (ChunkID:-1 Root:root:/ File:C:/Program Files/Epic Games/UE_4.27/FeaturePacks/TP_VirtualRealityBP.upack)
[2026.01.05-16.19.39:466][  0]LogPakFile: OnPakFileMounted2Time == 0.000053
[2026.01.05-16.19.39:824][  0]LogNativeClassHierarchy: Verbose: Native class hierarchy updated for 'AddContentDialog' in 0.0003 seconds. Added 0 classes and 0 folders.
[2026.01.05-16.19.39:830][  0]LogNativeClassHierarchy: Verbose: Native class hierarchy updated for 'SceneOutliner' in 0.0003 seconds. Added 2 classes and 0 folders.
[2026.01.05-16.19.39:906][  0]LogSlate: Took 0.000194 seconds to synchronously load lazily loaded font '../../../Engine/Content/Slate/Fonts/Roboto-Regular.ttf' (155K)
[2026.01.05-16.19.39:917][  0]LogSlate: Took 0.009553 seconds to synchronously load lazily loaded font '../../../Engine/Content/Editor/Slate/Fonts/FontAwesome.ttf' (139K)
[2026.01.05-16.19.39:918][  0]LogSlate: Took 0.000168 seconds to synchronously load lazily loaded font '../../../Engine/Content/Slate/Fonts/Roboto-Bold.ttf' (160K)
[2026.01.05-16.19.40:099][  0]LogRenderer: Reallocating scene render targets to support 1208x572 Format 10 NumSamples 1 (Frame:1).
[2026.01.05-16.19.40:745][  0]LogNativeClassHierarchy: Verbose: Native class hierarchy updated for 'HierarchicalLODOutliner' in 0.0003 seconds. Added 0 classes and 0 folders.
[2026.01.05-16.19.40:745][  0]LogInput: Warning: Action Jump uses invalid key OculusGo_Left_Trigger_Click.
[2026.01.05-16.19.40:745][  0]LogInput: Warning: Action ResetVR uses invalid key OculusGo_Left_Trackpad_Click.
[2026.01.05-16.19.40:745][  0]LogInput: Warning: Use -RemoveInvalidKeys to remove instances of these keys from the action mapping.
[2026.01.05-16.19.40:745][  0]LogLoad: (Engine Initialization) Total time: 13.12 seconds
[2026.01.05-16.19.40:745][  0]LogLoad: (Engine Initialization) Total Blueprint compile time: 0.00 seconds
[2026.01.05-16.19.40:787][  0]LogAssetRegistry: Asset discovery search completed in 9.3686 seconds
[2026.01.05-16.19.40:792][  0]LogCollectionManager: Fixed up redirectors for 0 collections in 0.000004 seconds (updated 0 objects)
[2026.01.05-16.19.40:795][  0]LogContentStreaming: Texture pool size now 1000 MB
[2026.01.05-16.19.41:034][  4]LogSlate: Took 0.010136 seconds to synchronously load lazily loaded font '../../../Engine/Content/Slate/Fonts/Roboto-Light.ttf' (167K)
[2026.01.05-16.22.10:452][462]LogSlate: Took 0.000182 seconds to synchronously load lazily loaded font '../../../Engine/Content/Slate/Fonts/Roboto-Light.ttf' (167K)
[2026.01.05-16.22.14:162][886]LogAssetEditorSubsystem: Opening Asset editor for LevelScriptBlueprint /Game/ThirdPersonBP/Maps/ThirdPersonExampleMap.ThirdPersonExampleMap:PersistentLevel.ThirdPersonExampleMap
[2026.01.05-16.22.14:370][886]LogNativeClassHierarchy: Verbose: Native class hierarchy updated for 'BlueprintGraph' in 0.0006 seconds. Added 126 classes and 0 folders.
[2026.01.05-16.22.15:392][886]LogSlate: Took 0.000248 seconds to synchronously load lazily loaded font '../../../Engine/Content/Slate/Fonts/Roboto-BoldCondensed.ttf' (158K)
[2026.01.05-16.22.15:496][887]LogSlate: Took 0.009608 seconds to synchronously load lazily loaded font '../../../Engine/Content/Slate/Fonts/Roboto-Italic.ttf' (157K)
[2026.01.05-16.23.45:908][ 24]Cmd: EDIT COPY
[2026.01.05-16.23.46:615][ 97]Cmd: EDIT PASTE
[2026.01.05-16.24.47:731][ 19]Cmd: EDIT COPY
[2026.01.05-16.24.48:175][ 69]Cmd: EDIT PASTE
[2026.01.05-16.27.55:085][344]LogEditorViewport: Clicking on Actor (LMB): BP_Sky_Sphere_C (SkySphereBlueprint2)
[2026.01.05-16.30.15:827][631]LogUObjectHash: Compacting FUObjectHashTables data took   8.26ms
[2026.01.05-16.30.17:082][631]LogSavePackage: Moving 'F:/rejp/ripositor/ligma_3rd_person/Saved/ThirdPersonExampleMap_Auto1AEB4EAAC4A5659E641EE489418A68056.tmp' to 'F:/rejp/ripositor/ligma_3rd_person/Saved/Autosaves/Game/ThirdPersonBP/Maps/ThirdPersonExampleMap_Auto1.umap'
[2026.01.05-16.30.17:175][631]LogFileHelpers: Editor autosave (incl. external actors) for '/Game/ThirdPersonBP/Maps/ThirdPersonExampleMap' took 1.444
[2026.01.05-16.30.17:175][631]LogFileHelpers: Editor autosave (incl. sublevels & external actors) for all levels took 1.444
[2026.01.05-16.30.46:252][ 74]LogAssetEditorSubsystem: Opening Asset editor for Material /Engine/EngineMaterials/WorldGridMaterial.WorldGridMaterial
[2026.01.05-16.30.46:258][ 74]LogMaterial: Display: Missing cached shadermap for WorldGridMaterial in PCD3D_SM5, Default, SM5 (DDC key hash: 0BB70272DA6A160E94CE0CE993D64A54004D24AC), compiling. 
[2026.01.05-16.30.46:300][ 74]LogShaderCompilers: Display: Submitted 10 shader compile jobs with 'Normal' priority
[2026.01.05-16.30.46:338][ 74]LogTexture: Default maximum texture size for cubemaps generated from long-lat sources has been changed from 512 to unlimited. In order to preserve old behaiour for '/Engine/EditorMaterials/AssetViewer/EpicQuadPanorama_CC+EV1.EpicQuadPanorama_CC+EV1', its maximum texture size has been explicitly set to 512.
[2026.01.05-16.30.46:483][ 74]LogTexture: Default maximum texture size for cubemaps generated from long-lat sources has been changed from 512 to unlimited. In order to preserve old behaiour for '/Engine/MapTemplates/Sky/SunsetAmbientCubemap.SunsetAmbientCubemap', its maximum texture size has been explicitly set to 512.
[2026.01.05-16.30.46:722][ 74]LogMaterial: Display: Missing cached shadermap for WorldGridMaterial in PCD3D_SM5, Default, SM5 (DDC key hash: 801280D4BDF00AF60A5C41CF20448E9C99235CF6), compiling. Is special engine material.
[2026.01.05-16.30.46:724][ 74]LogMaterial: Display: Missing cached shadermap for FMatExpressionPreview MaterialExpressionTextureSample_26 in PCD3D_SM5, Default, SM5 (DDC key hash: BEE15C45F34BC573CC42C14A7DBF28233E9EF065), compiling. 
[2026.01.05-16.30.46:726][ 74]LogMaterial: Display: Missing cached shadermap for FMatExpressionPreview MaterialExpressionTextureSample_27 in PCD3D_SM5, Default, SM5 (DDC key hash: 89E70B717D92F80897F786408AEB236C2D74022E), compiling. 
[2026.01.05-16.30.46:727][ 74]LogMaterial: Display: Missing cached shadermap for FMatExpressionPreview MaterialExpressionTextureSample_28 in PCD3D_SM5, Default, SM5 (DDC key hash: F9371D8C012391AA7698907F4871384450D12129), compiling. 
[2026.01.05-16.30.46:728][ 74]LogMaterial: Display: Missing cached shadermap for FMatExpressionPreview MaterialExpressionConstant3Vector_6 in PCD3D_SM5, Default, SM5 (DDC key hash: 2DB03AE0A4DD7B76807FDF83138BB299198D1692), compiling. 
[2026.01.05-16.30.46:730][ 74]LogMaterial: Display: Missing cached shadermap for FMatExpressionPreview MaterialExpressionTextureSample_29 in PCD3D_SM5, Default, SM5 (DDC key hash: 7A0383AD21C591014BC4E146557603EF378F0DA3), compiling. 
[2026.01.05-16.30.49:638][ 74]LogSlate: Window 'Warning: Editing Default Material' being destroyed
[2026.01.05-16.30.49:667][ 74]MaterialEditorStats: Texture samplers: 0/16
[2026.01.05-16.30.49:667][ 74]MaterialEditorStats: Texture Lookups (Est.): VS(0), PS(4)
[2026.01.05-16.30.49:667][ 74]MaterialEditorStats: User interpolators: 2/4 Scalars (1/4 Vectors) (TexCoords: 2, Custom: 0)
[2026.01.05-16.30.49:793][ 75]LogShaderCompilers: Display: Submitted 2 shader compile jobs with 'ForceLocal' priority
[2026.01.05-16.30.49:793][ 75]LogShaderCompilers: Display: Worker (1/3): shaders left to compile 2
[2026.01.05-16.30.49:793][ 75]LogShaderCompilers: Display: Worker (2/3): shaders left to compile 1
[2026.01.05-16.30.49:793][ 75]LogShaderCompilers: Display: Started 2 'Local' shader compile jobs with 'ForceLocal' priority
[2026.01.05-16.30.49:843][ 76]LogShaderCompilers: Display: Submitted 83 shader compile jobs with 'Normal' priority
[2026.01.05-16.30.49:843][ 76]LogShaderCompilers: Display: Worker (3/3): shaders left to compile 83
[2026.01.05-16.30.49:843][ 76]LogShaderCompilers: Display: Started 10 'Local' shader compile jobs with 'Normal' priority
[2026.01.05-16.30.54:122][380]LogSlate: Window 'WorldGridMaterial' being destroyed
[2026.01.05-16.30.54:127][380]LogSlate: Window 'WorldGridMaterial' being destroyed
[2026.01.05-16.30.54:151][380]LogWorld: UWorld::CleanupWorld for World_5, bSessionEnded=true, bCleanupResources=true
[2026.01.05-16.30.54:151][380]LogSlate: InvalidateAllWidgets triggered.  All widgets were invalidated
[2026.01.05-16.30.57:109][686]LogShaderCompilers: Display: Worker (2/3): shaders left to compile 73
[2026.01.05-16.30.57:109][686]LogShaderCompilers: Display: Started 10 'Local' shader compile jobs with 'Normal' priority
[2026.01.05-16.30.57:109][686]LogShaderCompilers: Display: === FShaderJobCache stats ===
[2026.01.05-16.30.57:109][686]LogShaderCompilers: Display: Total job queries 95, among them cache hits 0 (0.00%)
[2026.01.05-16.30.57:109][686]LogShaderCompilers: Display: Tracking 1 distinct input hashes that result in 1 distinct outputs (100.00%)
[2026.01.05-16.30.57:109][686]LogShaderCompilers: Display: RAM used: 0.00 MB (0.00 GB) of 819.20 MB (0.80 GB) budget. Usage: 0.00%
[2026.01.05-16.30.57:109][686]LogShaderCompilers: Display: ================================================
[2026.01.05-16.30.57:483][724]LogShaderCompilers: Display: Worker (1/3): shaders left to compile 63
[2026.01.05-16.30.57:483][724]LogShaderCompilers: Display: Started 10 'Local' shader compile jobs with 'Normal' priority
[2026.01.05-16.30.59:838][  3]LogShaderCompilers: Display: Worker (3/3): shaders left to compile 53
[2026.01.05-16.30.59:838][  3]LogShaderCompilers: Display: Started 10 'Local' shader compile jobs with 'Normal' priority
[2026.01.05-16.31.02:508][310]LogShaderCompilers: Display: Worker (2/3): shaders left to compile 43
[2026.01.05-16.31.02:509][310]LogShaderCompilers: Display: Started 10 'Local' shader compile jobs with 'Normal' priority
[2026.01.05-16.31.04:492][533]LogShaderCompilers: Display: Worker (1/3): shaders left to compile 33
[2026.01.05-16.31.04:492][533]LogShaderCompilers: Display: Started 10 'Local' shader compile jobs with 'Normal' priority
[2026.01.05-16.31.04:932][578]LogShaderCompilers: Display: Worker (3/3): shaders left to compile 23
[2026.01.05-16.31.04:932][578]LogShaderCompilers: Display: Started 8 'Local' shader compile jobs with 'Normal' priority
[2026.01.05-16.31.10:250][974]LogShaderCompilers: Display: Worker (2/3): shaders left to compile 15
[2026.01.05-16.31.10:250][974]LogShaderCompilers: Display: Started 6 'Local' shader compile jobs with 'Normal' priority
[2026.01.05-16.31.10:706][ 13]LogShaderCompilers: Display: Worker (3/3): shaders left to compile 9
[2026.01.05-16.31.10:706][ 13]LogShaderCompilers: Display: Started 4 'Local' shader compile jobs with 'Normal' priority
[2026.01.05-16.31.14:073][294]LogShaderCompilers: Display: Worker (1/3): shaders left to compile 5
[2026.01.05-16.31.14:073][294]LogShaderCompilers: Display: Started 2 'Local' shader compile jobs with 'Normal' priority
[2026.01.05-16.31.15:879][431]LogShaderCompilers: Display: Worker (1/3): shaders left to compile 3
[2026.01.05-16.31.15:879][431]LogShaderCompilers: Display: Started 2 'Local' shader compile jobs with 'Normal' priority
[2026.01.05-16.31.17:656][578]LogShaderCompilers: Display: Worker (3/3): shaders left to compile 1
[2026.01.05-16.31.17:656][578]LogShaderCompilers: Display: Started 1 'Local' shader compile jobs with 'Normal' priority
[2026.01.05-16.31.22:164][996]LogEditorClassViewer: Warning: Class /Engine/Tutorial/InWorldBlueprintEditing/TutorialAssets/IWBE_Blutility.IWBE_Blutility_C has parent /Script/Blutility.PlacedEditorUtilityBase, but this parent is not found. The Class will not be shown in ClassViewer.
[2026.01.05-16.32.10:882][426]LogSlate: Window 'Merge Actors' being destroyed
[2026.01.05-16.32.10:887][426]LogSlate: Window 'Merge Actors' being destroyed
[2026.01.05-16.32.41:004][414]LogUObjectHash: Compacting FUObjectHashTables data took   2.29ms
[2026.01.05-16.32.42:000][414]LogSavePackage: Moving 'F:/rejp/ripositor/ligma_3rd_person/Saved/ThirdPersonExampleMapB8E622434A8AC1E324C23A9EA73EEEEF.tmp' to 'F:/rejp/ripositor/ligma_3rd_person/Content/ThirdPersonBP/Maps/ThirdPersonExampleMap.umap'
[2026.01.05-16.32.42:464][414]LogSavePackage: Moving 'F:/rejp/ripositor/ligma_3rd_person/Saved/ThirdPersonExampleMap_BuiltData91D089A84E6908F05590CDB00C4F24F2.tmp' to 'F:/rejp/ripositor/ligma_3rd_person/Content/ThirdPersonBP/Maps/ThirdPersonExampleMap_BuiltData.uasset'
[2026.01.05-16.32.42:525][414]AssetCheck: New page: Asset Save: multiple assets
[2026.01.05-16.32.42:525][414]LogContentValidation: Display: Validating MapBuildDataRegistry /Game/ThirdPersonBP/Maps/ThirdPersonExampleMap_BuiltData.ThirdPersonExampleMap_BuiltData
[2026.01.05-16.32.42:526][414]LogContentValidation: Display: Validating World /Game/ThirdPersonBP/Maps/ThirdPersonExampleMap.ThirdPersonExampleMap
[2026.01.05-16.33.18:673][388]LogUObjectHash: Compacting FUObjectHashTables data took   2.04ms
[2026.01.05-16.33.19:646][388]LogSavePackage: Moving 'F:/rejp/ripositor/ligma_3rd_person/Saved/ThirdPersonExampleMap46DD9E5844312F5E3910C198A04152FB.tmp' to 'F:/rejp/ripositor/ligma_3rd_person/Content/ThirdPersonBP/Maps/ThirdPersonExampleMap.umap'
[2026.01.05-16.33.20:000][388]LogSavePackage: Moving 'F:/rejp/ripositor/ligma_3rd_person/Saved/ThirdPersonExampleMap_BuiltData7EEE9E0D48EDE0D37008AE9150A22B5C.tmp' to 'F:/rejp/ripositor/ligma_3rd_person/Content/ThirdPersonBP/Maps/ThirdPersonExampleMap_BuiltData.uasset'
[2026.01.05-16.33.20:033][388]AssetCheck: New page: Asset Save: multiple assets
[2026.01.05-16.33.20:033][388]LogContentValidation: Display: Validating MapBuildDataRegistry /Game/ThirdPersonBP/Maps/ThirdPersonExampleMap_BuiltData.ThirdPersonExampleMap_BuiltData
[2026.01.05-16.33.20:033][388]LogContentValidation: Display: Validating World /Game/ThirdPersonBP/Maps/ThirdPersonExampleMap.ThirdPersonExampleMap
[2026.01.05-17.07.35:273][806]LogAudioMixer: Display: Audio Buffer Underrun (starvation) detected.
[2026.01.05-17.07.50:867][852]LogAudioMixer: Display: Audio Buffer Underrun (starvation) detected.
[2026.01.05-17.08.11:668][914]LogAudioMixer: Display: Audio Buffer Underrun (starvation) detected.
[2026.01.05-17.08.22:532][946]LogAudioMixer: Display: Audio Buffer Underrun (starvation) detected.
[2026.01.05-17.08.41:021][  1]LogAudioMixer: Display: Audio Buffer Underrun (starvation) detected.
[2026.01.05-17.08.52:864][ 36]LogAudioMixer: Display: Audio Buffer Underrun (starvation) detected.
[2026.01.05-17.09.05:639][ 74]LogAudioMixer: Display: Audio Buffer Underrun (starvation) detected.
[2026.01.05-17.09.21:059][120]LogAudioMixer: Display: Audio Buffer Underrun (starvation) detected.
[2026.01.05-17.09.35:869][164]LogAudioMixer: Display: Audio Buffer Underrun (starvation) detected.
[2026.01.05-17.09.52:847][214]LogAudioMixer: Display: Audio Buffer Underrun (starvation) detected.
[2026.01.05-17.10.05:626][252]LogAudioMixer: Display: Audio Buffer Underrun (starvation) detected.
[2026.01.05-17.10.23:041][304]LogAudioMixer: Display: Audio Buffer Underrun (starvation) detected.
[2026.01.05-17.10.41:324][358]LogAudioMixer: Display: Audio Buffer Underrun (starvation) detected.
[2026.01.05-17.10.52:657][392]LogAudioMixer: Display: Audio Buffer Underrun (starvation) detected.
[2026.01.05-17.11.09:036][440]LogAudioMixer: Display: Audio Buffer Underrun (starvation) detected.
[2026.01.05-17.11.20:420][474]LogAudioMixer: Display: Audio Buffer Underrun (starvation) detected.
[2026.01.05-17.11.45:917][550]LogAudioMixer: Display: Audio Buffer Underrun (starvation) detected.
[2026.01.05-17.12.00:284][592]LogAudioMixer: Display: Audio Buffer Underrun (starvation) detected.
[2026.01.05-17.12.17:718][644]LogAudioMixer: Display: Audio Buffer Underrun (starvation) detected.
[2026.01.05-17.12.34:304][693]LogAudioMixer: Display: Audio Buffer Underrun (starvation) detected.
[2026.01.05-17.12.53:466][750]LogAudioMixer: Display: Audio Buffer Underrun (starvation) detected.
[2026.01.05-17.13.12:282][806]LogAudioMixer: Display: Audio Buffer Underrun (starvation) detected.
[2026.01.05-17.13.28:678][854]LogAudioMixer: Display: Audio Buffer Underrun (starvation) detected.
[2026.01.05-17.13.45:890][905]LogAudioMixer: Display: Audio Buffer Underrun (starvation) detected.
[2026.01.05-17.13.56:441][936]LogAudioMixer: Display: Audio Buffer Underrun (starvation) detected.
[2026.01.05-17.14.09:181][974]LogAudioMixer: Display: Audio Buffer Underrun (starvation) detected.
[2026.01.05-17.14.24:103][ 18]LogAudioMixer: Display: Audio Buffer Underrun (starvation) detected.
[2026.01.05-17.14.37:176][ 56]LogAudioMixer: Display: Audio Buffer Underrun (starvation) detected.
[2026.01.05-17.14.50:997][ 97]LogAudioMixer: Display: Audio Buffer Underrun (starvation) detected.
[2026.01.05-17.15.03:067][133]LogAudioMixer: Display: Audio Buffer Underrun (starvation) detected.
[2026.01.05-17.15.15:112][169]LogAudioMixer: Display: Audio Buffer Underrun (starvation) detected.
[2026.01.05-17.15.29:413][211]LogAudioMixer: Display: Audio Buffer Underrun (starvation) detected.
[2026.01.05-17.15.42:809][251]LogAudioMixer: Display: Audio Buffer Underrun (starvation) detected.
[2026.01.05-17.15.58:086][296]LogAudioMixer: Display: Audio Buffer Underrun (starvation) detected.
[2026.01.05-17.16.13:161][341]LogAudioMixer: Display: Audio Buffer Underrun (starvation) detected.
[2026.01.05-17.16.30:691][393]LogAudioMixer: Display: Audio Buffer Underrun (starvation) detected.
[2026.01.05-17.16.43:799][432]LogAudioMixer: Display: Audio Buffer Underrun (starvation) detected.
[2026.01.05-17.16.58:574][476]LogAudioMixer: Display: Audio Buffer Underrun (starvation) detected.
[2026.01.05-17.17.10:291][511]LogAudioMixer: Display: Audio Buffer Underrun (starvation) detected.
[2026.01.05-17.17.27:049][560]LogAudioMixer: Display: Audio Buffer Underrun (starvation) detected.
[2026.01.05-17.17.38:455][594]LogAudioMixer: Display: Audio Buffer Underrun (starvation) detected.
[2026.01.05-17.17.53:689][639]LogAudioMixer: Display: Audio Buffer Underrun (starvation) detected.
[2026.01.05-17.18.07:380][680]LogAudioMixer: Display: Audio Buffer Underrun (starvation) detected.
[2026.01.05-17.18.26:998][738]LogAudioMixer: Display: Audio Buffer Underrun (starvation) detected.
[2026.01.05-17.18.39:042][774]LogAudioMixer: Display: Audio Buffer Underrun (starvation) detected.
[2026.01.05-17.18.52:468][814]LogAudioMixer: Display: Audio Buffer Underrun (starvation) detected.
[2026.01.05-17.19.07:598][859]LogAudioMixer: Display: Audio Buffer Underrun (starvation) detected.
[2026.01.05-17.19.26:088][914]LogAudioMixer: Display: Audio Buffer Underrun (starvation) detected.
[2026.01.05-17.19.40:661][957]LogAudioMixer: Display: Audio Buffer Underrun (starvation) detected.
[2026.01.05-17.19.54:052][997]LogAudioMixer: Display: Audio Buffer Underrun (starvation) detected.
[2026.01.05-17.20.06:120][ 33]LogAudioMixer: Display: Audio Buffer Underrun (starvation) detected.
[2026.01.05-17.20.22:896][ 83]LogAudioMixer: Display: Audio Buffer Underrun (starvation) detected.
[2026.01.05-17.20.34:299][117]LogAudioMixer: Display: Audio Buffer Underrun (starvation) detected.
[2026.01.05-17.20.52:876][172]LogAudioMixer: Display: Audio Buffer Underrun (starvation) detected.
[2026.01.05-17.21.05:762][210]LogAudioMixer: Display: Audio Buffer Underrun (starvation) detected.
[2026.01.05-17.21.22:843][261]LogAudioMixer: Display: Audio Buffer Underrun (starvation) detected.
[2026.01.05-17.21.40:434][313]LogAudioMixer: Display: Audio Buffer Underrun (starvation) detected.
[2026.01.05-17.21.52:772][350]LogAudioMixer: Display: Audio Buffer Underrun (starvation) detected.
[2026.01.05-17.22.07:421][393]LogAudioMixer: Display: Audio Buffer Underrun (starvation) detected.
[2026.01.05-17.22.22:589][438]LogAudioMixer: Display: Audio Buffer Underrun (starvation) detected.
[2026.01.05-17.22.37:670][483]LogAudioMixer: Display: Audio Buffer Underrun (starvation) detected.
[2026.01.05-17.22.48:127][514]LogAudioMixer: Display: Audio Buffer Underrun (starvation) detected.
[2026.01.05-17.23.08:556][575]LogAudioMixer: Display: Audio Buffer Underrun (starvation) detected.
[2026.01.05-17.23.21:130][612]LogAudioMixer: Display: Audio Buffer Underrun (starvation) detected.
[2026.01.05-17.23.37:673][661]LogAudioMixer: Display: Audio Buffer Underrun (starvation) detected.
[2026.01.05-17.23.51:554][702]LogAudioMixer: Display: Audio Buffer Underrun (starvation) detected.
[2026.01.05-17.24.06:093][745]LogAudioMixer: Display: Audio Buffer Underrun (starvation) detected.
[2026.01.05-17.24.24:525][800]LogAudioMixer: Display: Audio Buffer Underrun (starvation) detected.
[2026.01.05-17.24.38:667][842]LogAudioMixer: Display: Audio Buffer Underrun (starvation) detected.
[2026.01.05-17.24.50:429][877]LogAudioMixer: Display: Audio Buffer Underrun (starvation) detected.
[2026.01.05-17.25.05:643][922]LogAudioMixer: Display: Audio Buffer Underrun (starvation) detected.
[2026.01.05-17.25.20:945][968]LogAudioMixer: Display: Audio Buffer Underrun (starvation) detected.
[2026.01.05-17.25.38:000][ 19]LogAudioMixer: Display: Audio Buffer Underrun (starvation) detected.
[2026.01.05-17.25.53:873][ 66]LogAudioMixer: Display: Audio Buffer Underrun (starvation) detected.
[2026.01.05-17.26.07:737][107]LogAudioMixer: Display: Audio Buffer Underrun (starvation) detected.
[2026.01.05-17.26.22:182][150]LogAudioMixer: Display: Audio Buffer Underrun (starvation) detected.
[2026.01.05-17.26.38:430][198]LogAudioMixer: Display: Audio Buffer Underrun (starvation) detected.
[2026.01.05-17.26.52:044][239]LogAudioMixer: Display: Audio Buffer Underrun (starvation) detected.
[2026.01.05-17.27.06:175][281]LogAudioMixer: Display: Audio Buffer Underrun (starvation) detected.
[2026.01.05-17.27.18:579][318]LogAudioMixer: Display: Audio Buffer Underrun (starvation) detected.
[2026.01.05-17.27.34:392][365]LogAudioMixer: Display: Audio Buffer Underrun (starvation) detected.
[2026.01.05-17.27.51:009][414]LogAudioMixer: Display: Audio Buffer Underrun (starvation) detected.
[2026.01.05-17.28.08:065][465]LogAudioMixer: Display: Audio Buffer Underrun (starvation) detected.
[2026.01.05-17.28.26:586][520]LogAudioMixer: Display: Audio Buffer Underrun (starvation) detected.
[2026.01.05-17.28.41:480][564]LogAudioMixer: Display: Audio Buffer Underrun (starvation) detected.
[2026.01.05-17.29.01:106][623]LogAudioMixer: Display: Audio Buffer Underrun (starvation) detected.
[2026.01.05-17.29.16:891][670]LogAudioMixer: Display: Audio Buffer Underrun (starvation) detected.
[2026.01.05-17.29.34:287][722]LogAudioMixer: Display: Audio Buffer Underrun (starvation) detected.
[2026.01.05-17.29.45:087][754]LogAudioMixer: Display: Audio Buffer Underrun (starvation) detected.
[2026.01.05-17.30.01:852][804]LogAudioMixer: Display: Audio Buffer Underrun (starvation) detected.
[2026.01.05-17.30.12:922][837]LogAudioMixer: Display: Audio Buffer Underrun (starvation) detected.
[2026.01.05-17.30.29:040][885]LogAudioMixer: Display: Audio Buffer Underrun (starvation) detected.
[2026.01.05-17.30.48:905][944]LogAudioMixer: Display: Audio Buffer Underrun (starvation) detected.
[2026.01.05-17.31.07:599][999]LogAudioMixer: Display: Audio Buffer Underrun (starvation) detected.
[2026.01.05-17.31.22:170][ 42]LogAudioMixer: Display: Audio Buffer Underrun (starvation) detected.
[2026.01.05-17.31.36:631][ 85]LogAudioMixer: Display: Audio Buffer Underrun (starvation) detected.
[2026.01.05-17.31.56:661][144]LogAudioMixer: Display: Audio Buffer Underrun (starvation) detected.
[2026.01.05-17.32.18:290][208]LogAudioMixer: Display: Audio Buffer Underrun (starvation) detected.
[2026.01.05-17.32.41:603][277]LogAudioMixer: Display: Audio Buffer Underrun (starvation) detected.
[2026.01.05-17.32.58:372][327]LogAudioMixer: Display: Audio Buffer Underrun (starvation) detected.
[2026.01.05-17.33.12:335][368]LogAudioMixer: Display: Audio Buffer Underrun (starvation) detected.
[2026.01.05-17.33.31:952][426]LogAudioMixer: Display: Audio Buffer Underrun (starvation) detected.
[2026.01.05-17.33.49:890][479]LogAudioMixer: Display: Audio Buffer Underrun (starvation) detected.
[2026.01.05-17.34.02:181][596]LogAudioMixer: Display: Audio Buffer Underrun (starvation) detected.
[2026.01.05-17.34.07:637][611]LogAudioMixer: Warning: Changing default audio render device to new device: {0.0.0.00000000}.{a254d816-7f71-4469-8422-584015d5f391}.
[2026.01.05-17.34.07:637][611]LogAudioMixer: Resetting audio stream to device id 
[2026.01.05-17.34.07:804][611]LogAudioMixer: Display: 0: FrontLeft
[2026.01.05-17.34.07:804][611]LogAudioMixer: Display: 1: FrontRight
[2026.01.05-17.34.22:800][657]LogAudioMixer: Display: Audio Buffer Underrun (starvation) detected.
[2026.01.05-17.34.35:924][696]LogAudioMixer: Display: Audio Buffer Underrun (starvation) detected.
[2026.01.05-17.34.48:462][733]LogAudioMixer: Display: Audio Buffer Underrun (starvation) detected.
[2026.01.05-17.35.08:610][793]LogAudioMixer: Display: Audio Buffer Underrun (starvation) detected.
[2026.01.05-17.35.33:415][867]LogAudioMixer: Display: Audio Buffer Underrun (starvation) detected.
[2026.01.05-17.35.59:253][944]LogAudioMixer: Display: Audio Buffer Underrun (starvation) detected.
[2026.01.05-17.36.18:701][  2]LogAudioMixer: Display: Audio Buffer Underrun (starvation) detected.
[2026.01.05-17.36.43:176][ 75]LogAudioMixer: Display: Audio Buffer Underrun (starvation) detected.
[2026.01.05-17.37.06:780][145]LogAudioMixer: Display: Audio Buffer Underrun (starvation) detected.
[2026.01.05-17.37.29:779][214]LogAudioMixer: Display: Audio Buffer Underrun (starvation) detected.
[2026.01.05-17.37.57:075][295]LogAudioMixer: Display: Audio Buffer Underrun (starvation) detected.
[2026.01.05-17.38.26:566][383]LogAudioMixer: Display: Audio Buffer Underrun (starvation) detected.
[2026.01.05-17.38.48:024][447]LogAudioMixer: Display: Audio Buffer Underrun (starvation) detected.
[2026.01.05-17.39.14:521][526]LogAudioMixer: Display: Audio Buffer Underrun (starvation) detected.
[2026.01.05-17.39.28:029][566]LogAudioMixer: Display: Audio Buffer Underrun (starvation) detected.
[2026.01.05-17.39.44:540][615]LogAudioMixer: Display: Audio Buffer Underrun (starvation) detected.
[2026.01.05-17.40.03:687][672]LogAudioMixer: Display: Audio Buffer Underrun (starvation) detected.
[2026.01.05-17.40.34:858][765]LogAudioMixer: Display: Audio Buffer Underrun (starvation) detected.
[2026.01.05-17.40.59:331][838]LogAudioMixer: Display: Audio Buffer Underrun (starvation) detected.
[2026.01.05-17.41.23:166][909]LogAudioMixer: Display: Audio Buffer Underrun (starvation) detected.
[2026.01.05-17.41.50:432][990]LogAudioMixer: Display: Audio Buffer Underrun (starvation) detected.
[2026.01.05-17.42.14:380][ 59]LogAudioMixer: Display: Audio Buffer Underrun (starvation) detected.
[2026.01.05-17.42.39:254][133]LogAudioMixer: Display: Audio Buffer Underrun (starvation) detected.
[2026.01.05-17.42.57:072][186]LogAudioMixer: Display: Audio Buffer Underrun (starvation) detected.
[2026.01.05-17.43.14:859][239]LogAudioMixer: Display: Audio Buffer Underrun (starvation) detected.
[2026.01.05-17.43.36:086][302]LogAudioMixer: Display: Audio Buffer Underrun (starvation) detected.
[2026.01.05-17.44.00:583][375]LogAudioMixer: Display: Audio Buffer Underrun (starvation) detected.
[2026.01.05-17.44.23:114][442]LogAudioMixer: Display: Audio Buffer Underrun (starvation) detected.
[2026.01.05-17.44.52:092][528]LogAudioMixer: Display: Audio Buffer Underrun (starvation) detected.
[2026.01.05-17.45.14:611][595]LogAudioMixer: Display: Audio Buffer Underrun (starvation) detected.
[2026.01.05-17.45.37:134][662]LogAudioMixer: Display: Audio Buffer Underrun (starvation) detected.
[2026.01.05-17.45.58:307][725]LogAudioMixer: Display: Audio Buffer Underrun (starvation) detected.
[2026.01.05-17.46.32:572][827]LogAudioMixer: Display: Audio Buffer Underrun (starvation) detected.
[2026.01.05-17.46.56:776][899]LogAudioMixer: Display: Audio Buffer Underrun (starvation) detected.
[2026.01.05-17.47.21:586][973]LogAudioMixer: Display: Audio Buffer Underrun (starvation) detected.
[2026.01.05-17.47.26:132][985]LogAudioMixer: Warning: Changing default audio render device to new device: {0.0.0.00000000}.{c08ec913-56c1-4519-b8db-61f4616d8be6}.
[2026.01.05-17.47.26:132][985]LogAudioMixer: Resetting audio stream to device id 
[2026.01.05-17.47.26:170][985]LogAudioMixer: Display: 0: FrontLeft
[2026.01.05-17.47.26:170][985]LogAudioMixer: Display: 1: FrontRight
[2026.01.05-17.47.55:979][ 75]LogAudioMixer: Display: Audio Buffer Underrun (starvation) detected.
[2026.01.05-17.49.01:146][269]LogAudioMixer: Display: Audio Buffer Underrun (starvation) detected.
[2026.01.05-17.49.52:182][421]LogAudioMixer: Display: Audio Buffer Underrun (starvation) detected.
[2026.01.05-17.50.24:463][517]LogAudioMixer: Display: Audio Buffer Underrun (starvation) detected.
[2026.01.05-17.51.02:073][629]LogAudioMixer: Display: Audio Buffer Underrun (starvation) detected.
[2026.01.05-17.51.40:043][742]LogAudioMixer: Display: Audio Buffer Underrun (starvation) detected.
[2026.01.05-17.52.21:736][866]LogAudioMixer: Display: Audio Buffer Underrun (starvation) detected.
[2026.01.05-17.53.28:828][ 66]LogAudioMixer: Display: Audio Buffer Underrun (starvation) detected.
[2026.01.05-17.54.19:893][219]LogAudioMixer: Display: Audio Buffer Underrun (starvation) detected.
[2026.01.05-17.55.05:286][355]LogAudioMixer: Display: Audio Buffer Underrun (starvation) detected.
[2026.01.05-17.55.06:168][356]LogAudioMixer: Warning: Changing default audio render device to new device: {0.0.0.00000000}.{6dbc2018-46b4-4b26-9081-ee6768258e4d}.
[2026.01.05-17.55.06:168][356]LogAudioMixer: Resetting audio stream to device id 
[2026.01.05-17.55.06:195][356]LogAudioMixer: Display: 0: FrontLeft
[2026.01.05-17.55.06:195][356]LogAudioMixer: Display: 1: FrontRight
[2026.01.05-17.55.41:019][461]LogAudioMixer: Display: Audio Buffer Underrun (starvation) detected.
[2026.01.05-17.56.51:860][672]LogAudioMixer: Display: Audio Buffer Underrun (starvation) detected.
[2026.01.05-17.57.44:127][828]LogAudioMixer: Display: Audio Buffer Underrun (starvation) detected.
[2026.01.05-17.58.44:503][  8]LogAudioMixer: Display: Audio Buffer Underrun (starvation) detected.
[2026.01.05-17.59.38:885][170]LogAudioMixer: Display: Audio Buffer Underrun (starvation) detected.
[2026.01.05-18.00.11:728][268]LogAudioMixer: Display: Audio Buffer Underrun (starvation) detected.
[2026.01.05-18.01.10:286][443]LogAudioMixer: Display: Audio Buffer Underrun (starvation) detected.
[2026.01.05-18.01.53:030][571]LogAudioMixer: Display: Audio Buffer Underrun (starvation) detected.
[2026.01.05-18.02.59:141][767]LogAudioMixer: Display: Audio Buffer Underrun (starvation) detected.
[2026.01.05-18.04.08:833][974]LogAudioMixer: Display: Audio Buffer Underrun (starvation) detected.
[2026.01.05-18.05.01:229][129]LogAudioMixer: Warning: Changing default audio render device to new device: {0.0.0.00000000}.{c08ec913-56c1-4519-b8db-61f4616d8be6}.
[2026.01.05-18.05.01:229][129]LogAudioMixer: Resetting audio stream to device id 
[2026.01.05-18.05.01:243][129]LogAudioMixer: Display: 0: FrontLeft
[2026.01.05-18.05.01:243][129]LogAudioMixer: Display: 1: FrontRight
[2026.01.05-18.05.02:904][135]LogAudioMixer: Display: Audio Buffer Underrun (starvation) detected.
[2026.01.05-18.05.44:289][259]LogAudioMixer: Display: Audio Buffer Underrun (starvation) detected.
[2026.01.05-18.06.25:798][383]LogAudioMixer: Display: Audio Buffer Underrun (starvation) detected.
[2026.01.05-18.07.28:735][571]LogAudioMixer: Display: Audio Buffer Underrun (starvation) detected.
[2026.01.05-18.08.12:235][701]LogAudioMixer: Display: Audio Buffer Underrun (starvation) detected.
[2026.01.05-18.09.27:929][927]LogAudioMixer: Display: Audio Buffer Underrun (starvation) detected.
[2026.01.05-18.10.11:282][ 57]LogAudioMixer: Display: Audio Buffer Underrun (starvation) detected.
[2026.01.05-18.11.07:796][226]LogAudioMixer: Display: Audio Buffer Underrun (starvation) detected.
[2026.01.05-18.11.24:671][275]LogAudioMixer: Warning: Changing default audio render device to new device: {0.0.0.00000000}.{6dbc2018-46b4-4b26-9081-ee6768258e4d}.
[2026.01.05-18.11.24:671][275]LogAudioMixer: Resetting audio stream to device id 
[2026.01.05-18.11.24:682][275]LogAudioMixer: Display: 0: FrontLeft
[2026.01.05-18.11.24:682][275]LogAudioMixer: Display: 1: FrontRight
[2026.01.05-18.11.28:796][330]LogUObjectHash: Compacting FUObjectHashTables data took   7.27ms
[2026.01.05-18.11.28:900][330]LogWorld: UWorld::CleanupWorld for World_3, bSessionEnded=true, bCleanupResources=true
[2026.01.05-18.11.28:900][330]LogSlate: InvalidateAllWidgets triggered.  All widgets were invalidated
[2026.01.05-18.11.29:134][330]LogSlate: Window 'ligma_3rd_person - Unreal Editor' being destroyed
[2026.01.05-18.11.29:449][331]Cmd: QUIT_EDITOR
[2026.01.05-18.11.29:449][331]LogCore: Engine exit requested (reason: UUnrealEdEngine::CloseEditor())
[2026.01.05-18.11.29:457][331]LogCore: Engine exit requested (reason: EngineExit() was called; note: exit was already requested)
[2026.01.05-18.11.29:467][331]LogAudio: Display: Beginning Audio Device Manager Shutdown (Module: AudioMixerXAudio2)...
[2026.01.05-18.11.29:467][331]LogAudio: Display: Destroying 1 Remaining Audio Device(s)...
[2026.01.05-18.11.29:467][331]LogAudio: Display: Audio Device unregistered from world 'ThirdPersonExampleMap'.
[2026.01.05-18.11.29:469][331]LogAudioMixer: FMixerPlatformXAudio2::StopAudioStream() called
[2026.01.05-18.11.29:473][331]LogAudioMixer: FMixerPlatformXAudio2::StopAudioStream() called
[2026.01.05-18.11.29:513][331]LogAudio: Display: Audio Device Manager Shutdown
[2026.01.05-18.11.29:515][331]LogWindowsTextInputMethodSystem: Display: IME system deactivated.
[2026.01.05-18.11.29:532][331]LogExit: Preparing to exit.
[2026.01.05-18.11.30:258][331]LogUObjectHash: Compacting FUObjectHashTables data took   5.35ms
[2026.01.05-18.11.30:619][331]LogWorld: UWorld::CleanupWorld for World_0, bSessionEnded=true, bCleanupResources=true
[2026.01.05-18.11.30:620][331]LogWorld: UWorld::CleanupWorld for World_1, bSessionEnded=true, bCleanupResources=true
[2026.01.05-18.11.30:622][331]LogWorld: UWorld::CleanupWorld for World_2, bSessionEnded=true, bCleanupResources=true
[2026.01.05-18.11.30:624][331]LogActorComponent: UnregisterComponent: (None.None) Not registered. Aborting.
[2026.01.05-18.11.30:624][331]LogActorComponent: UnregisterComponent: (None.None) Not registered. Aborting.
[2026.01.05-18.11.30:624][331]LogActorComponent: UnregisterComponent: (None.None) Not registered. Aborting.
[2026.01.05-18.11.30:624][331]LogActorComponent: UnregisterComponent: (None.None) Not registered. Aborting.
[2026.01.05-18.11.30:624][331]LogActorComponent: UnregisterComponent: (None.None) Not registered. Aborting.
[2026.01.05-18.11.30:624][331]LogActorComponent: UnregisterComponent: (None.None) Not registered. Aborting.
[2026.01.05-18.11.30:624][331]LogActorComponent: UnregisterComponent: (None.None) Not registered. Aborting.
[2026.01.05-18.11.30:624][331]LogWorld: UWorld::CleanupWorld for None, bSessionEnded=true, bCleanupResources=true
[2026.01.05-18.11.30:758][331]LogDemo: Cleaned up 0 splitscreen connections with owner deletion
[2026.01.05-18.11.30:805][331]LogWorld: UWorld::CleanupWorld for None, bSessionEnded=true, bCleanupResources=true
[2026.01.05-18.11.30:807][331]LogExit: Editor shut down
[2026.01.05-18.11.30:811][331]LogExit: Transaction tracking system shut down
[2026.01.05-18.11.32:299][331]LogExit: Object subsystem successfully closed.
[2026.01.05-18.11.32:320][331]LogShaderCompilers: Display: === FShaderJobCache stats ===
[2026.01.05-18.11.32:320][331]LogShaderCompilers: Display: Total job queries 95, among them cache hits 0 (0.00%)
[2026.01.05-18.11.32:320][331]LogShaderCompilers: Display: Tracking 85 distinct input hashes that result in 68 distinct outputs (80.00%)
[2026.01.05-18.11.32:320][331]LogShaderCompilers: Display: RAM used: 0.28 MB (0.00 GB) of 819.20 MB (0.80 GB) budget. Usage: 0.03%
[2026.01.05-18.11.32:320][331]LogShaderCompilers: Display: ================================================
[2026.01.05-18.11.32:353][331]LogShaderCompilers: Display: Shaders left to compile 0
[2026.01.05-18.11.32:505][331]LogModuleManager: Shutting down and abandoning module BlueprintGraph (872)
[2026.01.05-18.11.32:505][331]LogModuleManager: Shutting down and abandoning module HierarchicalLODOutliner (870)
[2026.01.05-18.11.32:505][331]LogModuleManager: Shutting down and abandoning module SceneOutliner (868)
[2026.01.05-18.11.32:505][331]LogModuleManager: Shutting down and abandoning module AddContentDialog (866)
[2026.01.05-18.11.32:513][331]LogModuleManager: Shutting down and abandoning module WidgetCarousel (865)
[2026.01.05-18.11.32:513][331]LogModuleManager: Shutting down and abandoning module EditorWidgets (862)
[2026.01.05-18.11.32:513][331]LogModuleManager: Shutting down and abandoning module StatsViewer (860)
[2026.01.05-18.11.32:514][331]LogModuleManager: Shutting down and abandoning module PIEPreviewDeviceProfileSelector (858)
[2026.01.05-18.11.32:514][331]LogModuleManager: Shutting down and abandoning module SequenceRecorderSections (856)
[2026.01.05-18.11.32:514][331]LogModuleManager: Shutting down and abandoning module AutomationWorker (854)
[2026.01.05-18.11.32:515][331]LogModuleManager: Shutting down and abandoning module SteamVREditor (852)
[2026.01.05-18.11.32:515][331]LogModuleManager: Shutting down and abandoning module OculusMR (850)
[2026.01.05-18.11.32:515][331]LogModuleManager: Shutting down and abandoning module TakeRecorderSources (848)
[2026.01.05-18.11.32:518][331]LogModuleManager: Shutting down and abandoning module TakeRecorder (847)
[2026.01.05-18.11.32:520][331]LogModuleManager: Shutting down and abandoning module TakeTrackRecorders (844)
[2026.01.05-18.11.32:521][331]LogModuleManager: Shutting down and abandoning module TakesCore (842)
[2026.01.05-18.11.32:521][331]LogModuleManager: Shutting down and abandoning module OpenXRInput (840)
[2026.01.05-18.11.32:522][331]LogModuleManager: Shutting down and abandoning module GooglePADEditor (838)
[2026.01.05-18.11.32:522][331]LogModuleManager: Shutting down and abandoning module AudioCaptureEditor (836)
[2026.01.05-18.11.32:522][331]LogModuleManager: Shutting down and abandoning module TemplateSequenceEditor (834)
[2026.01.05-18.11.32:523][331]LogModuleManager: Shutting down and abandoning module MatineeToLevelSequence (832)
[2026.01.05-18.11.32:523][331]LogModuleManager: Shutting down and abandoning module LevelSequenceEditor (830)
[2026.01.05-18.11.32:523][331]LogModuleManager: Shutting down and abandoning module ActorSequenceEditor (828)
[2026.01.05-18.11.32:524][331]LogModuleManager: Shutting down and abandoning module WmfMediaFactory (826)
[2026.01.05-18.11.32:524][331]LogModuleManager: Shutting down and abandoning module WmfMediaEditor (824)
[2026.01.05-18.11.32:524][331]LogModuleManager: Shutting down and abandoning module WebMMediaFactory (822)
[2026.01.05-18.11.32:524][331]LogModuleManager: Shutting down and abandoning module WebMMediaEditor (820)
[2026.01.05-18.11.32:524][331]LogModuleManager: Shutting down and abandoning module WebMMedia (818)
[2026.01.05-18.11.32:524][331]LogModuleManager: Shutting down and abandoning module MediaPlayerEditor (816)
[2026.01.05-18.11.32:527][331]LogModuleManager: Shutting down and abandoning module MediaCompositingEditor (814)
[2026.01.05-18.11.32:527][331]LogModuleManager: Shutting down and abandoning module SequenceRecorder (813)
[2026.01.05-18.11.32:527][331]LogModuleManager: Shutting down and abandoning module OpenExrWrapper (810)
[2026.01.05-18.11.32:527][331]LogModuleManager: Shutting down and abandoning module ImgMediaFactory (808)
[2026.01.05-18.11.32:527][331]LogModuleManager: Shutting down and abandoning module ImgMediaEditor (806)
[2026.01.05-18.11.32:527][331]LogModuleManager: Shutting down and abandoning module AvfMediaFactory (804)
[2026.01.05-18.11.32:527][331]LogModuleManager: Shutting down and abandoning module AvfMediaEditor (802)
[2026.01.05-18.11.32:527][331]LogModuleManager: Shutting down and abandoning module AndroidMediaFactory (800)
[2026.01.05-18.11.32:527][331]LogModuleManager: Shutting down and abandoning module AndroidMediaEditor (798)
[2026.01.05-18.11.32:527][331]LogModuleManager: Shutting down and abandoning module MagicLeapMediaCodecFactory (796)
[2026.01.05-18.11.32:527][331]LogModuleManager: Shutting down and abandoning module MagicLeapMediaFactory (794)
[2026.01.05-18.11.32:527][331]LogModuleManager: Shutting down and abandoning module MagicLeapMediaEditor (792)
[2026.01.05-18.11.32:527][331]LogModuleManager: Shutting down and abandoning module PlanarCut (790)
[2026.01.05-18.11.32:527][331]LogModuleManager: Shutting down and abandoning module CharacterAI (788)
[2026.01.05-18.11.32:527][331]LogModuleManager: Shutting down and abandoning module TextureAlignMode (786)
[2026.01.05-18.11.32:527][331]LogModuleManager: Shutting down and abandoning module BspMode (784)
[2026.01.05-18.11.32:528][331]LogModuleManager: Shutting down and abandoning module GeometryMode (782)
[2026.01.05-18.11.32:528][331]LogModuleManager: Shutting down and abandoning module CameraShakePreviewer (780)
[2026.01.05-18.11.32:529][331]LogModuleManager: Shutting down and abandoning module SmartSnapping (778)
[2026.01.05-18.11.32:529][331]LogModuleManager: Shutting down and abandoning module SessionServices (776)
[2026.01.05-18.11.32:529][331]LogModuleManager: Shutting down and abandoning module MeshPaint (774)
[2026.01.05-18.11.32:531][331]LogModuleManager: Shutting down and abandoning module VirtualTexturingEditor (772)
[2026.01.05-18.11.32:531][331]LogModuleManager: Shutting down and abandoning module FoliageEdit (770)
[2026.01.05-18.11.32:532][331]LogModuleManager: Shutting down and abandoning module LandscapeEditor (768)
[2026.01.05-18.11.32:533][331]LogModuleManager: Shutting down and abandoning module MeshPaintMode (766)
[2026.01.05-18.11.32:533][331]LogModuleManager: Shutting down and abandoning module SceneDepthPickerMode (764)
[2026.01.05-18.11.32:533][331]LogModuleManager: Shutting down and abandoning module ActorPickerMode (762)
[2026.01.05-18.11.32:533][331]LogModuleManager: Shutting down and abandoning module PlacementMode (760)
[2026.01.05-18.11.32:533][331]LogModuleManager: Shutting down and abandoning module ViewportSnapping (758)
[2026.01.05-18.11.32:533][331]LogModuleManager: Shutting down and abandoning module ViewportInteraction (756)
[2026.01.05-18.11.32:533][331]LogModuleManager: Shutting down and abandoning module ClothPainter (754)
[2026.01.05-18.11.32:533][331]LogModuleManager: Shutting down and abandoning module SkeletalMeshEditor (753)
[2026.01.05-18.11.32:533][331]LogModuleManager: Shutting down and abandoning module LogVisualizer (750)
[2026.01.05-18.11.32:534][331]LogModuleManager: Shutting down and abandoning module IntroTutorials (748)
[2026.01.05-18.11.32:535][331]LogModuleManager: Shutting down and abandoning module GameProjectGeneration (747)
[2026.01.05-18.11.32:535][331]LogModuleManager: Shutting down and abandoning module LuminPlatformEditor (744)
[2026.01.05-18.11.32:535][331]LogModuleManager: Shutting down and abandoning module IOSPlatformEditor (742)
[2026.01.05-18.11.32:535][331]LogModuleManager: Shutting down and abandoning module AndroidPlatformEditor (740)
[2026.01.05-18.11.32:535][331]LogModuleManager: Shutting down and abandoning module AndroidDeviceDetection (739)
[2026.01.05-18.11.34:516][331]LogModuleManager: Shutting down and abandoning module WindowsPlatformEditor (736)
[2026.01.05-18.11.34:516][331]LogModuleManager: Shutting down and abandoning module LuminRuntimeSettings (734)
[2026.01.05-18.11.34:516][331]LogModuleManager: Shutting down and abandoning module IOSRuntimeSettings (732)
[2026.01.05-18.11.34:516][331]LogModuleManager: Shutting down and abandoning module AndroidRuntimeSettings (730)
[2026.01.05-18.11.34:516][331]LogModuleManager: Shutting down and abandoning module TraceInsights (728)
[2026.01.05-18.11.34:521][331]MemoryProfiler: Shutdown
[2026.01.05-18.11.34:522][331]NetworkingProfiler: Shutdown
[2026.01.05-18.11.34:522][331]LoadingProfiler: Shutdown
[2026.01.05-18.11.34:523][331]TimingProfiler: Shutdown
[2026.01.05-18.11.34:526][331]LogModuleManager: Shutting down and abandoning module TraceServices (727)
[2026.01.05-18.11.34:526][331]LogModuleManager: Shutting down and abandoning module EditorInteractiveToolsFramework (724)
[2026.01.05-18.11.34:526][331]LogModuleManager: Shutting down and abandoning module TimeManagementEditor (722)
[2026.01.05-18.11.34:526][331]LogModuleManager: Shutting down and abandoning module InputBindingEditor (720)
[2026.01.05-18.11.34:527][331]LogModuleManager: Shutting down and abandoning module MergeActors (718)
[2026.01.05-18.11.34:562][331]LogModuleManager: Shutting down and abandoning module LocalizationDashboard (716)
[2026.01.05-18.11.34:562][331]LogModuleManager: Shutting down and abandoning module LocalizationService (715)
[2026.01.05-18.11.34:562][331]LogModuleManager: Shutting down and abandoning module HardwareTargeting (712)
[2026.01.05-18.11.34:562][331]LogModuleManager: Shutting down and abandoning module DeviceProfileEditor (710)
[2026.01.05-18.11.34:563][331]LogModuleManager: Shutting down and abandoning module UndoHistory (708)
[2026.01.05-18.11.34:563][331]LogModuleManager: Shutting down and abandoning module XmlParser (706)
[2026.01.05-18.11.34:564][331]LogModuleManager: Shutting down and abandoning module Blutility (704)
[2026.01.05-18.11.34:564][331]LogModuleManager: Shutting down and abandoning module ProjectSettingsViewer (702)
[2026.01.05-18.11.34:564][331]LogModuleManager: Shutting down and abandoning module ProjectTargetPlatformEditor (701)
[2026.01.05-18.11.34:565][331]LogModuleManager: Shutting down and abandoning module EditorSettingsViewer (698)
[2026.01.05-18.11.34:565][331]LogModuleManager: Shutting down and abandoning module InternationalizationSettings (697)
[2026.01.05-18.11.34:565][331]LogModuleManager: Shutting down and abandoning module SettingsEditor (694)
[2026.01.05-18.11.34:566][331]LogModuleManager: Shutting down and abandoning module ProjectLauncher (692)
[2026.01.05-18.11.34:566][331]LogModuleManager: Shutting down and abandoning module SessionFrontend (690)
[2026.01.05-18.11.34:567][331]LogModuleManager: Shutting down and abandoning module ProfilerClient (688)
[2026.01.05-18.11.34:567][331]LogModuleManager: Shutting down and abandoning module DeviceManager (686)
[2026.01.05-18.11.34:567][331]LogModuleManager: Shutting down and abandoning module TargetDeviceServices (685)
[2026.01.05-18.11.34:601][331]LogModuleManager: Shutting down and abandoning module AutomationController (682)
[2026.01.05-18.11.34:602][331]LogModuleManager: Shutting down and abandoning module AutomationWindow (680)
[2026.01.05-18.11.34:602][331]LogModuleManager: Shutting down and abandoning module Layers (678)
[2026.01.05-18.11.34:605][331]LogModuleManager: Shutting down and abandoning module ComponentVisualizers (676)
[2026.01.05-18.11.34:605][331]LogModuleManager: Shutting down and abandoning module DetailCustomizations (674)
[2026.01.05-18.11.34:605][331]LogModuleManager: Shutting down and abandoning module PackagesDialog (672)
[2026.01.05-18.11.34:607][331]LogModuleManager: Shutting down and abandoning module AnimationBlueprintEditor (670)
[2026.01.05-18.11.34:608][331]LogModuleManager: Shutting down and abandoning module Persona (668)
[2026.01.05-18.11.34:610][331]LogModuleManager: Shutting down and abandoning module AdvancedPreviewScene (667)
[2026.01.05-18.11.34:610][331]LogModuleManager: Shutting down and abandoning module AnimGraph (665)
[2026.01.05-18.11.34:610][331]LogModuleManager: Shutting down and abandoning module Kismet (662)
[2026.01.05-18.11.34:626][331]LogModuleManager: Shutting down and abandoning module KismetWidgets (661)
[2026.01.05-18.11.34:626][331]LogModuleManager: Shutting down and abandoning module GraphEditor (658)
[2026.01.05-18.11.34:629][331]LogModuleManager: Shutting down and abandoning module StructViewer (656)
[2026.01.05-18.11.34:630][331]LogModuleManager: Shutting down and abandoning module ClassViewer (654)
[2026.01.05-18.11.34:634][331]LogModuleManager: Shutting down and abandoning module Toolbox (652)
[2026.01.05-18.11.34:634][331]LogModuleManager: Shutting down and abandoning module ModuleUI (650)
[2026.01.05-18.11.34:634][331]LogModuleManager: Shutting down and abandoning module OutputLog (648)
[2026.01.05-18.11.34:636][331]LogModuleManager: Shutting down and abandoning module GammaUI (646)
[2026.01.05-18.11.34:637][331]LogModuleManager: Shutting down and abandoning module Documentation (644)
[2026.01.05-18.11.34:637][331]LogModuleManager: Shutting down and abandoning module LiveCoding (642)
[2026.01.05-18.11.34:637][331]LogModuleManager: Shutting down and abandoning module LevelSequence (640)
[2026.01.05-18.11.34:638][331]LogModuleManager: Shutting down and abandoning module MovieSceneTracks (638)
[2026.01.05-18.11.34:638][331]LogModuleManager: Shutting down and abandoning module MovieScene (636)
[2026.01.05-18.11.34:640][331]LogModuleManager: Shutting down and abandoning module StreamingPauseRendering (634)
[2026.01.05-18.11.34:640][331]LogModuleManager: Shutting down and abandoning module LauncherPlatform (632)
[2026.01.05-18.11.34:640][331]LogModuleManager: Shutting down and abandoning module AnalyticsET (630)
[2026.01.05-18.11.34:640][331]LogModuleManager: Shutting down and abandoning module PortalServices (628)
[2026.01.05-18.11.34:640][331]LogModuleManager: Shutting down and abandoning module PortalRpc (626)
[2026.01.05-18.11.34:640][331]LogModuleManager: Shutting down and abandoning module MessagingRpc (624)
[2026.01.05-18.11.34:640][331]LogModuleManager: Shutting down and abandoning module AudioMixerXAudio2 (622)
[2026.01.05-18.11.34:640][331]LogModuleManager: Shutting down and abandoning module AudioMixerCore (621)
[2026.01.05-18.11.34:640][331]LogModuleManager: Shutting down and abandoning module AIModule (618)
[2026.01.05-18.11.34:640][331]LogModuleManager: Shutting down and abandoning module GameplayDebugger (617)
[2026.01.05-18.11.34:640][331]LogModuleManager: Shutting down and abandoning module AITestSuite (615)
[2026.01.05-18.11.34:641][331]LogModuleManager: Shutting down and abandoning module NavigationSystem (613)
[2026.01.05-18.11.34:641][331]LogModuleManager: Shutting down and abandoning module ImageWriteQueue (610)
[2026.01.05-18.11.34:641][331]LogModuleManager: Shutting down and abandoning module ProfilerService (608)
[2026.01.05-18.11.34:892][331]LogModuleManager: Shutting down and abandoning module TaskGraph (606)
[2026.01.05-18.11.34:892][331]LogModuleManager: Shutting down and abandoning module AudioSynesthesiaEditor (604)
[2026.01.05-18.11.34:892][331]LogModuleManager: Shutting down and abandoning module OculusEditor (602)
[2026.01.05-18.11.34:896][331]LogModuleManager: Shutting down and abandoning module OculusInput (600)
[2026.01.05-18.11.34:896][331]LogModuleManager: Shutting down and abandoning module ContentBrowserFileDataSource (598)
[2026.01.05-18.11.34:896][331]LogModuleManager: Shutting down and abandoning module ContentBrowserClassDataSource (596)
[2026.01.05-18.11.34:896][331]LogModuleManager: Shutting down and abandoning module ContentBrowserAssetDataSource (594)
[2026.01.05-18.11.34:896][331]LogModuleManager: Shutting down and abandoning module CollectionManager (593)
[2026.01.05-18.11.34:897][331]LogModuleManager: Shutting down and abandoning module GeometryCacheTracks (590)
[2026.01.05-18.11.34:897][331]LogModuleManager: Shutting down and abandoning module GeometryCacheStreamer (588)
[2026.01.05-18.11.34:898][331]LogModuleManager: Shutting down and abandoning module GeometryCacheSequencer (586)
[2026.01.05-18.11.34:898][331]LogModuleManager: Shutting down and abandoning module TakeSequencer (584)
[2026.01.05-18.11.34:898][331]LogModuleManager: Shutting down and abandoning module TakeMovieScene (582)
[2026.01.05-18.11.34:898][331]LogModuleManager: Shutting down and abandoning module ScreenshotTools (580)
[2026.01.05-18.11.34:898][331]LogModuleManager: Shutting down and abandoning module SynthesisEditor (578)
[2026.01.05-18.11.34:898][331]LogModuleManager: Shutting down and abandoning module Synthesis (576)
[2026.01.05-18.11.34:899][331]LogModuleManager: Shutting down and abandoning module ProceduralMeshComponentEditor (574)
[2026.01.05-18.11.34:900][331]LogModuleManager: Shutting down and abandoning module ProceduralMeshComponent (572)
[2026.01.05-18.11.34:900][331]LogModuleManager: Shutting down and abandoning module OpenXREditor (570)
[2026.01.05-18.11.34:900][331]LogModuleManager: Shutting down and abandoning module MobilePatchingUtils (568)
[2026.01.05-18.11.34:902][331]LogModuleManager: Shutting down and abandoning module GooglePAD (566)
[2026.01.05-18.11.34:902][331]LogModuleManager: Shutting down and abandoning module EditableMesh (564)
[2026.01.05-18.11.34:902][331]LogModuleManager: Shutting down and abandoning module CustomMeshComponent (562)
[2026.01.05-18.11.34:902][331]LogModuleManager: Shutting down and abandoning module CableComponent (560)
[2026.01.05-18.11.34:902][331]LogModuleManager: Shutting down and abandoning module AudioCapture (558)
[2026.01.05-18.11.34:902][331]LogModuleManager: Shutting down and abandoning module AudioCaptureRtAudio (557)
[2026.01.05-18.11.34:903][331]LogModuleManager: Shutting down and abandoning module AssetTags (554)
[2026.01.05-18.11.34:903][331]LogModuleManager: Shutting down and abandoning module ArchVisCharacter (552)
[2026.01.05-18.11.34:903][331]LogModuleManager: Shutting down and abandoning module AppleImageUtilsBlueprintSupport (550)
[2026.01.05-18.11.34:903][331]LogModuleManager: Shutting down and abandoning module AppleImageUtils (548)
[2026.01.05-18.11.34:903][331]LogModuleManager: Shutting down and abandoning module AndroidPermission (546)
[2026.01.05-18.11.34:903][331]LogModuleManager: Shutting down and abandoning module ActorLayerUtilitiesEditor (544)
[2026.01.05-18.11.34:903][331]LogModuleManager: Shutting down and abandoning module ActorLayerUtilities (542)
[2026.01.05-18.11.34:903][331]LogModuleManager: Shutting down and abandoning module TemplateSequence (540)
[2026.01.05-18.11.34:903][331]LogModuleManager: Shutting down and abandoning module MediaCompositing (538)
[2026.01.05-18.11.34:903][331]LogModuleManager: Shutting down and abandoning module ImgMedia (536)
[2026.01.05-18.11.34:903][331]LogModuleManager: Shutting down and abandoning module MagicLeapSharedWorld (534)
[2026.01.05-18.11.34:903][331]LogModuleManager: Shutting down and abandoning module MagicLeapLightEstimation (532)
[2026.01.05-18.11.34:903][331]LogModuleManager: Shutting down and abandoning module MagicLeapHelperVulkan (530)
[2026.01.05-18.11.34:903][331]LogModuleManager: Shutting down and abandoning module MagicLeapHelperOpenGL (528)
[2026.01.05-18.11.34:903][331]LogModuleManager: Shutting down and abandoning module MagicLeapAudio (526)
[2026.01.05-18.11.34:903][331]LogModuleManager: Shutting down and abandoning module OpenImageDenoise (524)
[2026.01.05-18.11.34:903][331]LogOpenImageDenoise: OIDN shutting down
[2026.01.05-18.11.34:903][331]LogModuleManager: Shutting down and abandoning module MotoSynthEditor (522)
[2026.01.05-18.11.34:903][331]LogModuleManager: Shutting down and abandoning module MotoSynth (520)
[2026.01.05-18.11.34:903][331]LogModuleManager: Shutting down and abandoning module MeshConversion (518)
[2026.01.05-18.11.34:903][331]LogModuleManager: Shutting down and abandoning module DynamicMesh (516)
[2026.01.05-18.11.34:904][331]LogModuleManager: Shutting down and abandoning module GeometryAlgorithms (514)
[2026.01.05-18.11.34:905][331]LogModuleManager: Shutting down and abandoning module GeometricObjects (512)
[2026.01.05-18.11.34:906][331]LogModuleManager: Shutting down and abandoning module GeometryCollectionTracks (510)
[2026.01.05-18.11.34:906][331]LogModuleManager: Shutting down and abandoning module GeometryCollectionSequencer (509)
[2026.01.05-18.11.34:906][331]LogModuleManager: Shutting down and abandoning module GeometryCollectionEditor (506)
[2026.01.05-18.11.34:906][331]LogModuleManager: Shutting down and abandoning module ChaosSolverEditor (504)
[2026.01.05-18.11.34:906][331]LogModuleManager: Shutting down and abandoning module ChaosNiagara (502)
[2026.01.05-18.11.34:906][331]LogModuleManager: Shutting down and abandoning module FractureEditor (500)
[2026.01.05-18.11.34:906][331]LogModuleManager: Shutting down and abandoning module FieldSystemEngine (499)
[2026.01.05-18.11.34:906][331]LogModuleManager: Shutting down and abandoning module ChaosClothEditor (496)
[2026.01.05-18.11.34:907][331]LogModuleManager: Shutting down and abandoning module NiagaraEditorWidgets (494)
[2026.01.05-18.11.34:912][331]LogModuleManager: Shutting down and abandoning module BackChannel (492)
[2026.01.05-18.11.34:912][331]LogModuleManager: Shutting down and abandoning module AutomationUtilsEditor (490)
[2026.01.05-18.11.34:912][331]LogModuleManager: Shutting down and abandoning module AutomationUtils (488)
[2026.01.05-18.11.34:913][331]LogModuleManager: Shutting down and abandoning module AlembicImporter (486)
[2026.01.05-18.11.34:913][331]LogModuleManager: Shutting down and abandoning module AlembicLibrary (485)
[2026.01.05-18.11.34:913][331]LogModuleManager: Shutting down and abandoning module GeometryCache (484)
[2026.01.05-18.11.34:913][331]LogModuleManager: Shutting down and abandoning module GeometryCacheEd (483)
[2026.01.05-18.11.34:913][331]LogModuleManager: Shutting down and abandoning module VariantManagerContentEditor (478)
[2026.01.05-18.11.34:914][331]LogModuleManager: Shutting down and abandoning module DatasmithContentEditor (476)
[2026.01.05-18.11.34:914][331]LogModuleManager: Shutting down and abandoning module SpeedTreeImporter (474)
[2026.01.05-18.11.34:914][331]LogModuleManager: Shutting down and abandoning module PluginBrowser (472)
[2026.01.05-18.11.34:918][331]LogModuleManager: Shutting down and abandoning module MobileLauncherProfileWizard (470)
[2026.01.05-18.11.34:918][331]LogModuleManager: Shutting down and abandoning module MaterialAnalyzer (468)
[2026.01.05-18.11.34:918][331]LogModuleManager: Shutting down and abandoning module CurveEditorTools (466)
[2026.01.05-18.11.34:920][331]LogModuleManager: Shutting down and abandoning module CryptoKeysOpenSSL (464)
[2026.01.05-18.11.34:920][331]LogModuleManager: Shutting down and abandoning module CryptoKeys (462)
[2026.01.05-18.11.34:920][331]LogModuleManager: Shutting down and abandoning module VisualStudioSourceCodeAccess (460)
[2026.01.05-18.11.34:920][331]LogModuleManager: Shutting down and abandoning module VisualStudioCodeSourceCodeAccess (458)
[2026.01.05-18.11.34:920][331]LogModuleManager: Shutting down and abandoning module UObjectPlugin (456)
[2026.01.05-18.11.34:920][331]LogModuleManager: Shutting down and abandoning module SubversionSourceControl (454)
[2026.01.05-18.11.34:921][331]LogModuleManager: Shutting down and abandoning module RiderSourceCodeAccess (452)
[2026.01.05-18.11.34:921][331]LogModuleManager: Shutting down and abandoning module PluginUtils (450)
[2026.01.05-18.11.34:921][331]LogModuleManager: Shutting down and abandoning module PlasticSourceControl (448)
[2026.01.05-18.11.34:922][331]LogModuleManager: Shutting down and abandoning module PerforceSourceControl (446)
[2026.01.05-18.11.34:925][331]LogModuleManager: Shutting down and abandoning module GitSourceControl (444)
[2026.01.05-18.11.34:926][331]LogModuleManager: Shutting down and abandoning module SourceControl (443)
[2026.01.05-18.11.34:926][331]LogModuleManager: Shutting down and abandoning module CLionSourceCodeAccess (440)
[2026.01.05-18.11.34:926][331]LogModuleManager: Shutting down and abandoning module AnimationSharingEd (438)
[2026.01.05-18.11.34:926][331]LogModuleManager: Shutting down and abandoning module OodleNetworkHandlerComponent (436)
[2026.01.05-18.11.34:926][331]LogModuleManager: Shutting down and abandoning module LightPropagationVolumeEditor (434)
[2026.01.05-18.11.34:927][331]LogModuleManager: Shutting down and abandoning module LiveLinkSequencer (432)
[2026.01.05-18.11.34:927][331]LogModuleManager: Shutting down and abandoning module LiveLinkMovieScene (430)
[2026.01.05-18.11.34:927][331]LogModuleManager: Shutting down and abandoning module LiveLinkGraphNode (428)
[2026.01.05-18.11.34:927][331]LogModuleManager: Shutting down and abandoning module LiveLinkEditor (426)
[2026.01.05-18.11.34:927][331]LogModuleManager: Shutting down and abandoning module LiveLinkComponents (424)
[2026.01.05-18.11.34:927][331]LogModuleManager: Shutting down and abandoning module LiveLink (422)
[2026.01.05-18.11.35:197][331]LogModuleManager: Shutting down and abandoning module PaperTiledImporter (420)
[2026.01.05-18.11.35:197][331]LogModuleManager: Shutting down and abandoning module PaperSpriteSheetImporter (418)
[2026.01.05-18.11.35:197][331]LogModuleManager: Shutting down and abandoning module Paper2DEditor (416)
[2026.01.05-18.11.35:201][331]LogModuleManager: Shutting down and abandoning module MeshPaintingToolset (414)
[2026.01.05-18.11.35:202][331]LogModuleManager: Shutting down and abandoning module MeshPaintEditorMode (412)
[2026.01.05-18.11.35:204][331]LogModuleManager: Shutting down and abandoning module SoundFields (410)
[2026.01.05-18.11.35:204][331]LogModuleManager: Shutting down and abandoning module SignificanceManager (408)
[2026.01.05-18.11.35:204][331]LogModuleManager: Shutting down and abandoning module RuntimePhysXCooking (406)
[2026.01.05-18.11.35:204][331]LogModuleManager: Shutting down and abandoning module PropertyAccessEditor (404)
[2026.01.05-18.11.35:204][331]LogModuleManager: Shutting down and abandoning module PhysXVehiclesEditor (402)
[2026.01.05-18.11.35:205][331]LogModuleManager: Shutting down and abandoning module LocationServicesBPLibrary (398)
[2026.01.05-18.11.35:205][331]LogModuleManager: Shutting down and abandoning module AudioSynesthesia (396)
[2026.01.05-18.11.35:205][331]LogModuleManager: Shutting down and abandoning module AudioSynesthesiaCore (394)
[2026.01.05-18.11.35:205][331]LogModuleManager: Shutting down and abandoning module ActorSequence (392)
[2026.01.05-18.11.35:205][331]LogModuleManager: Shutting down and abandoning module UdpMessaging (390)
[2026.01.05-18.11.35:307][331]LogModuleManager: Shutting down and abandoning module TcpMessaging (388)
[2026.01.05-18.11.35:408][331]LogModuleManager: Shutting down and abandoning module ImgMediaEngine (386)
[2026.01.05-18.11.35:408][331]LogModuleManager: Shutting down and abandoning module MagicLeapARPin (384)
[2026.01.05-18.11.35:408][331]LogModuleManager: Shutting down and abandoning module MagicLeapHandMeshing (382)
[2026.01.05-18.11.35:408][331]LogModuleManager: Shutting down and abandoning module MagicLeapSecureStorage (380)
[2026.01.05-18.11.35:408][331]LogModuleManager: Shutting down and abandoning module MagicLeapPrivileges (378)
[2026.01.05-18.11.35:408][331]LogModuleManager: Shutting down and abandoning module MagicLeapPlanes (376)
[2026.01.05-18.11.35:409][331]LogMagicLeapPlanes: Planes tracker already destroyed.
[2026.01.05-18.11.35:409][331]LogModuleManager: Shutting down and abandoning module MagicLeapImageTracker (374)
[2026.01.05-18.11.35:409][331]LogModuleManager: Shutting down and abandoning module MagicLeapIdentity (372)
[2026.01.05-18.11.35:409][331]LogModuleManager: Shutting down and abandoning module MagicLeapHandTracking (370)
[2026.01.05-18.11.35:410][331]LogModuleManager: Shutting down and abandoning module MagicLeapEyeTracker (368)
[2026.01.05-18.11.35:410][331]LogModuleManager: Shutting down and abandoning module MagicLeapController (366)
[2026.01.05-18.11.35:410][331]LogModuleManager: Shutting down and abandoning module MagicLeapARPinImpl (364)
[2026.01.05-18.11.35:410][331]LogModuleManager: Shutting down and abandoning module MagicLeapAR (362)
[2026.01.05-18.11.35:410][331]LogModuleManager: Shutting down and abandoning module PythonScriptPlugin (360)
[2026.01.05-18.11.35:410][331]LogModuleManager: Shutting down and abandoning module NiagaraAnimNotifies (358)
[2026.01.05-18.11.35:410][331]LogModuleManager: Shutting down and abandoning module Niagara (356)
[2026.01.05-18.11.35:412][331]LogModuleManager: Shutting down and abandoning module SignalProcessing (355)
[2026.01.05-18.11.35:413][331]LogModuleManager: Shutting down and abandoning module NiagaraEditor (353)
[2026.01.05-18.11.35:418][331]LogModuleManager: Shutting down and abandoning module NiagaraCore (350)
[2026.01.05-18.11.35:418][331]LogModuleManager: Shutting down and abandoning module GameplayTagsEditor (348)
[2026.01.05-18.11.35:419][331]LogModuleManager: Shutting down and abandoning module FacialAnimationEditor (346)
[2026.01.05-18.11.35:419][331]LogModuleManager: Shutting down and abandoning module FacialAnimation (344)
[2026.01.05-18.11.35:419][331]LogModuleManager: Shutting down and abandoning module DataValidation (342)
[2026.01.05-18.11.35:419][331]LogModuleManager: Shutting down and abandoning module AssetManagerEditor (340)
[2026.01.05-18.11.35:419][331]LogModuleManager: Shutting down and abandoning module LevelEditor (339)
[2026.01.05-18.11.35:431][331]LogModuleManager: Shutting down and abandoning module PixelInspectorModule (338)
[2026.01.05-18.11.35:431][331]LogModuleManager: Shutting down and abandoning module CommonMenuExtensions (336)
[2026.01.05-18.11.35:432][331]LogModuleManager: Shutting down and abandoning module MainFrame (334)
[2026.01.05-18.11.35:433][331]LogModuleManager: Shutting down and abandoning module HotReload (333)
[2026.01.05-18.11.35:434][331]LogModuleManager: Shutting down and abandoning module ToolMenus (329)
[2026.01.05-18.11.35:434][331]LogModuleManager: Shutting down and abandoning module ContentBrowser (327)
[2026.01.05-18.11.35:434][331]LogModuleManager: Shutting down and abandoning module ContentBrowserData (326)
[2026.01.05-18.11.35:435][331]LogModuleManager: Shutting down and abandoning module TreeMap (323)
[2026.01.05-18.11.35:436][331]LogModuleManager: Shutting down and abandoning module PropertyAccessNode (320)
[2026.01.05-18.11.35:436][331]LogModuleManager: Shutting down and abandoning module AnimationSharing (318)
[2026.01.05-18.11.35:436][331]LogModuleManager: Shutting down and abandoning module GameplayCameras (316)
[2026.01.05-18.11.35:436][331]LogModuleManager: Shutting down and abandoning module LightPropagationVolumeRuntime (314)
[2026.01.05-18.11.35:436][331]LogModuleManager: Shutting down and abandoning module EnvironmentQueryEditor (312)
[2026.01.05-18.11.35:436][331]LogModuleManager: Shutting down and abandoning module Paper2D (310)
[2026.01.05-18.11.35:436][331]LogModuleManager: Shutting down and abandoning module WindowsMoviePlayer (308)
[2026.01.05-18.11.35:538][331]LogModuleManager: Shutting down and abandoning module WebMMoviePlayer (306)
[2026.01.05-18.11.35:538][331]LogModuleManager: Shutting down and abandoning module NetworkReplayStreaming (304)
[2026.01.05-18.11.35:538][331]LogModuleManager: Shutting down and abandoning module PacketHandler (302)
[2026.01.05-18.11.35:538][331]LogModuleManager: Shutting down and abandoning module ClothingSystemEditor (300)
[2026.01.05-18.11.35:538][331]LogModuleManager: Shutting down and abandoning module ClothingSystemRuntimeNv (298)
[2026.01.05-18.11.35:539][331]LogModuleManager: Shutting down and abandoning module MediaAssets (296)
[2026.01.05-18.11.35:539][331]LogModuleManager: Shutting down and abandoning module Overlay (294)
[2026.01.05-18.11.35:539][331]LogModuleManager: Shutting down and abandoning module OverlayEditor (293)
[2026.01.05-18.11.35:539][331]LogModuleManager: Shutting down and abandoning module VREditor (290)
[2026.01.05-18.11.35:540][331]LogModuleManager: Shutting down and abandoning module StringTableEditor (288)
[2026.01.05-18.11.35:541][331]LogModuleManager: Shutting down and abandoning module GameplayTasksEditor (286)
[2026.01.05-18.11.35:541][331]LogModuleManager: Shutting down and abandoning module BehaviorTreeEditor (284)
[2026.01.05-18.11.35:541][331]LogModuleManager: Shutting down and abandoning module FunctionalTesting (282)
[2026.01.05-18.11.35:541][331]LogModuleManager: Shutting down and abandoning module CollisionAnalyzer (280)
[2026.01.05-18.11.35:542][331]LogModuleManager: Shutting down and abandoning module WorkspaceMenuStructure (279)
[2026.01.05-18.11.35:542][331]LogModuleManager: Shutting down and abandoning module UMG (276)
[2026.01.05-18.11.35:543][331]LogModuleManager: Shutting down and abandoning module UMGEditor (275)
[2026.01.05-18.11.35:545][331]LogModuleManager: Shutting down and abandoning module MessageLog (273)
[2026.01.05-18.11.35:545][331]LogModuleManager: Shutting down and abandoning module SlateReflector (268)
[2026.01.05-18.11.35:545][331]LogModuleManager: Shutting down and abandoning module Slate (266)
[2026.01.05-18.11.35:545][331]LogModuleManager: Shutting down and abandoning module SlateCore (264)
[2026.01.05-18.11.35:546][331]LogModuleManager: Shutting down and abandoning module LandscapeEditorUtilities (262)
[2026.01.05-18.11.35:546][331]LogModuleManager: Shutting down and abandoning module UnrealEd (260)
[2026.01.05-18.11.35:546][331]LogModuleManager: Shutting down and abandoning module MRMesh (258)
[2026.01.05-18.11.35:546][331]LogModuleManager: Shutting down and abandoning module SourceCodeAccess (256)
[2026.01.05-18.11.35:546][331]LogModuleManager: Shutting down and abandoning module HeadMountedDisplay (254)
[2026.01.05-18.11.35:546][331]LogModuleManager: Shutting down and abandoning module XAudio2 (252)
[2026.01.05-18.11.35:546][331]LogModuleManager: Shutting down and abandoning module Networking (250)
[2026.01.05-18.11.35:546][331]LogModuleManager: Shutting down and abandoning module Core (248)
[2026.01.05-18.11.35:546][331]LogModuleManager: Shutting down and abandoning module MaterialEditor (246)
[2026.01.05-18.11.35:546][331]LogModuleManager: Shutting down and abandoning module MovieSceneTools (244)
[2026.01.05-18.11.35:547][331]LogModuleManager: Shutting down and abandoning module CurveEditor (243)
[2026.01.05-18.11.35:547][331]LogModuleManager: Shutting down and abandoning module Sequencer (241)
[2026.01.05-18.11.35:549][331]LogModuleManager: Shutting down and abandoning module EditorStyle (240)
[2026.01.05-18.11.35:554][331]LogModuleManager: Shutting down and abandoning module KismetCompiler (236)
[2026.01.05-18.11.35:554][331]LogModuleManager: Shutting down and abandoning module MeshBuilder (234)
[2026.01.05-18.11.35:554][331]LogModuleManager: Shutting down and abandoning module MeshUtilities (232)
[2026.01.05-18.11.35:554][331]LogModuleManager: Shutting down and abandoning module MeshMergeUtilities (231)
[2026.01.05-18.11.35:555][331]LogModuleManager: Shutting down and abandoning module MeshReductionInterface (230)
[2026.01.05-18.11.35:555][331]LogModuleManager: Shutting down and abandoning module MeshBoneReduction (229)
[2026.01.05-18.11.35:555][331]LogModuleManager: Shutting down and abandoning module SkeletalMeshReduction (227)
[2026.01.05-18.11.35:556][331]LogModuleManager: Shutting down and abandoning module ProxyLODMeshReduction (225)
[2026.01.05-18.11.35:557][331]LogModuleManager: Shutting down and abandoning module QuadricMeshReduction (223)
[2026.01.05-18.11.35:557][331]LogModuleManager: Shutting down and abandoning module MaterialBaking (219)
[2026.01.05-18.11.35:558][331]LogModuleManager: Shutting down and abandoning module NullInstallBundleManager (214)
[2026.01.05-18.11.35:558][331]LogModuleManager: Shutting down and abandoning module DerivedDataCache (212)
[2026.01.05-18.11.35:559][331]LogModuleManager: Shutting down and abandoning module TargetPlatform (210)
[2026.01.05-18.11.35:559][331]LogModuleManager: Shutting down and abandoning module VulkanShaderFormat (209)
[2026.01.05-18.11.35:561][331]LogModuleManager: Shutting down and abandoning module ShaderFormatVectorVM (207)
[2026.01.05-18.11.35:561][331]LogModuleManager: Shutting down and abandoning module ShaderFormatOpenGL (205)
[2026.01.05-18.11.35:561][331]LogModuleManager: Shutting down and abandoning module ShaderFormatD3D (203)
[2026.01.05-18.11.35:562][331]LogModuleManager: Shutting down and abandoning module MetalShaderFormat (201)
[2026.01.05-18.11.35:562][331]LogModuleManager: Shutting down and abandoning module TextureFormatOodle (199)
[2026.01.05-18.11.35:563][331]LogModuleManager: Shutting down and abandoning module TextureFormatUncompressed (197)
[2026.01.05-18.11.35:563][331]LogModuleManager: Shutting down and abandoning module TextureFormatPVR (195)
[2026.01.05-18.11.35:563][331]LogModuleManager: Shutting down and abandoning module TextureFormatETC2 (193)
[2026.01.05-18.11.35:563][331]LogModuleManager: Shutting down and abandoning module TextureFormatDXT (191)
[2026.01.05-18.11.35:563][331]LogModuleManager: Shutting down and abandoning module TextureFormatIntelISPCTexComp (189)
[2026.01.05-18.11.35:564][331]LogModuleManager: Shutting down and abandoning module TextureFormatASTC (187)
[2026.01.05-18.11.35:564][331]LogModuleManager: Shutting down and abandoning module ImageWrapper (186)
[2026.01.05-18.11.35:564][331]LogModuleManager: Shutting down and abandoning module AudioFormatOpus (183)
[2026.01.05-18.11.35:564][331]LogModuleManager: Shutting down and abandoning module AudioFormatOgg (181)
[2026.01.05-18.11.35:564][331]LogModuleManager: Shutting down and abandoning module AudioFormatADPCM (179)
[2026.01.05-18.11.35:565][331]LogModuleManager: Shutting down and abandoning module WindowsServerTargetPlatform (177)
[2026.01.05-18.11.35:565][331]LogModuleManager: Shutting down and abandoning module WindowsClientTargetPlatform (175)
[2026.01.05-18.11.35:565][331]LogModuleManager: Shutting down and abandoning module WindowsTargetPlatform (173)
[2026.01.05-18.11.35:565][331]LogModuleManager: Shutting down and abandoning module WindowsNoEditorTargetPlatform (171)
[2026.01.05-18.11.35:565][331]LogModuleManager: Shutting down and abandoning module TVOSTargetPlatform (169)
[2026.01.05-18.11.35:610][331]LogModuleManager: Shutting down and abandoning module MacServerTargetPlatform (167)
[2026.01.05-18.11.35:610][331]LogModuleManager: Shutting down and abandoning module MacClientTargetPlatform (165)
[2026.01.05-18.11.35:610][331]LogModuleManager: Shutting down and abandoning module MacTargetPlatform (163)
[2026.01.05-18.11.35:610][331]LogModuleManager: Shutting down and abandoning module MacNoEditorTargetPlatform (161)
[2026.01.05-18.11.35:611][331]LogModuleManager: Shutting down and abandoning module LuminTargetPlatform (159)
[2026.01.05-18.11.35:623][331]LogModuleManager: Shutting down and abandoning module LinuxAArch64ServerTargetPlatform (157)
[2026.01.05-18.11.35:623][331]LogModuleManager: Shutting down and abandoning module LinuxAArch64ClientTargetPlatform (155)
[2026.01.05-18.11.35:623][331]LogModuleManager: Shutting down and abandoning module LinuxAArch64NoEditorTargetPlatform (153)
[2026.01.05-18.11.35:623][331]LogModuleManager: Shutting down and abandoning module LinuxServerTargetPlatform (151)
[2026.01.05-18.11.35:623][331]LogModuleManager: Shutting down and abandoning module LinuxClientTargetPlatform (149)
[2026.01.05-18.11.35:623][331]LogModuleManager: Shutting down and abandoning module LinuxNoEditorTargetPlatform (147)
[2026.01.05-18.11.35:623][331]LogModuleManager: Shutting down and abandoning module LinuxTargetPlatform (145)
[2026.01.05-18.11.35:623][331]LogModuleManager: Shutting down and abandoning module Messaging (143)
[2026.01.05-18.11.35:623][331]LogModuleManager: Shutting down and abandoning module IOSTargetPlatform (141)
[2026.01.05-18.11.35:648][331]LogModuleManager: Shutting down and abandoning module AndroidTargetPlatform (139)
[2026.01.05-18.11.35:804][331]LogModuleManager: Shutting down and abandoning module AllDesktopTargetPlatform (137)
[2026.01.05-18.11.35:804][331]LogModuleManager: Shutting down and abandoning module D3D11RHI (134)
[2026.01.05-18.11.35:804][331]LogModuleManager: Shutting down and abandoning module InputCore (132)
[2026.01.05-18.11.35:804][331]LogModuleManager: Shutting down and abandoning module Settings (130)
[2026.01.05-18.11.35:804][331]LogModuleManager: Shutting down and abandoning module DirectoryWatcher (128)
[2026.01.05-18.11.35:825][331]LogModuleManager: Shutting down and abandoning module PhysXCooking (126)
[2026.01.05-18.11.35:825][331]LogModuleManager: Shutting down and abandoning module Chaos (124)
[2026.01.05-18.11.35:825][331]LogModuleManager: Shutting down and abandoning module WindowsPlatformFeatures (122)
[2026.01.05-18.11.35:825][331]LogModuleManager: Shutting down and abandoning module GameplayMediaEncoder (121)
[2026.01.05-18.11.35:825][331]LogModuleManager: Shutting down and abandoning module AVEncoder (120)
[2026.01.05-18.11.35:825][331]LogModuleManager: Shutting down and abandoning module SteamVRInputDevice (116)
[2026.01.05-18.11.35:825][331]LogModuleManager: Shutting down and abandoning module SteamVRInput (114)
[2026.01.05-18.11.35:825][331]LogModuleManager: Shutting down and abandoning module SteamVR (112)
[2026.01.05-18.11.35:826][331]LogHMD: Freeing OpenVRDLLHandle.
[2026.01.05-18.11.35:826][331]LogModuleManager: Shutting down and abandoning module OculusHMD (110)
[2026.01.05-18.11.35:826][331]LogModuleManager: Shutting down and abandoning module OpenXRHandTracking (108)
[2026.01.05-18.11.35:827][331]LogSlate: Slate User Destroyed.  User Index 0, Is Virtual User: 0
[2026.01.05-18.11.35:827][331]LogModuleManager: Shutting down and abandoning module OpenXREyeTracker (106)
[2026.01.05-18.11.35:827][331]LogModuleManager: Shutting down and abandoning module OpenXRAR (104)
[2026.01.05-18.11.35:827][331]LogModuleManager: Shutting down and abandoning module AugmentedReality (103)
[2026.01.05-18.11.35:827][331]LogModuleManager: Shutting down and abandoning module OpenXRHMD (100)
[2026.01.05-18.11.35:830][331]LogModuleManager: Shutting down and abandoning module ExampleDeviceProfileSelector (98)
[2026.01.05-18.11.35:830][331]LogModuleManager: Shutting down and abandoning module ChunkDownloader (96)
[2026.01.05-18.11.35:831][331]LogModuleManager: Shutting down and abandoning module LauncherChunkInstaller (94)
[2026.01.05-18.11.35:831][331]LogModuleManager: Shutting down and abandoning module OnlineBlueprintSupport (92)
[2026.01.05-18.11.35:831][331]LogModuleManager: Shutting down and abandoning module OnlineSubsystem (88)
[2026.01.05-18.11.35:837][331]LogModuleManager: Shutting down and abandoning module XMPP (83)
[2026.01.05-18.11.35:837][331]LogModuleManager: Shutting down and abandoning module WebSockets (82)
[2026.01.05-18.11.35:891][331]LogModuleManager: Shutting down and abandoning module HTTP (79)
[2026.01.05-18.11.35:892][331]LogHttp: Display: Http module shutting down, but needs to wait on 1 outstanding Http requests:
[2026.01.05-18.11.35:892][331]LogHttp: Display: 	verb=[POST] url=[https://datarouter.ol.epicgames.com/datarouter/api/v1/public/data?SessionID=%7B7DA051B4-498C-70A6-3B3C-6D835DCA937A%7D&AppID=UEEditor.Rocket.Release&AppVersion=4.27.2-18319896%2B%2B%2BUE4%2BRelease-4.27&UserID=642e038a4cb0ecf169c6e48ad6127942%7C0dac5ba5e0424d72abe55398be510165%7C8c8c17ce-4cf9-4090-a761-19cee55f86e4&AppEnvironment=datacollector-binary&UploadType=eteventstream] refs=[1] status=Processing
[2026.01.05-18.11.35:892][331]LogHttp: Display: cleaning up 1 outstanding Http requests.
[2026.01.05-18.11.35:917][331]LogModuleManager: Shutting down and abandoning module SSL (78)
[2026.01.05-18.11.35:920][331]LogModuleManager: Shutting down and abandoning module WmfMedia (74)
[2026.01.05-18.11.35:924][331]LogModuleManager: Shutting down and abandoning module Media (73)
[2026.01.05-18.11.35:925][331]LogModuleManager: Shutting down and abandoning module MediaInfo (72)
[2026.01.05-18.11.35:925][331]LogModuleManager: Shutting down and abandoning module ExrReaderGpu (68)
[2026.01.05-18.11.35:925][331]LogModuleManager: Shutting down and abandoning module MLSDK (66)
[2026.01.05-18.11.35:925][331]LogModuleManager: Shutting down and abandoning module MagicLeap (64)
[2026.01.05-18.11.35:925][331]LogModuleManager: Shutting down and abandoning module NiagaraVertexFactories (62)
[2026.01.05-18.11.35:925][331]LogModuleManager: Shutting down and abandoning module NiagaraShader (60)
[2026.01.05-18.11.35:925][331]LogModuleManager: Shutting down and abandoning module ChaosCloth (58)
[2026.01.05-18.11.35:926][331]LogModuleManager: Shutting down and abandoning module VariantManagerContent (56)
[2026.01.05-18.11.35:926][331]LogModuleManager: Shutting down and abandoning module DatasmithContent (54)
[2026.01.05-18.11.35:928][331]LogModuleManager: Shutting down and abandoning module PixWinPlugin (52)
[2026.01.05-18.11.35:928][331]LogModuleManager: Shutting down and abandoning module AISupportModule (50)
[2026.01.05-18.11.35:928][331]LogModuleManager: Shutting down and abandoning module DesktopPlatform (48)
[2026.01.05-18.11.35:928][331]LogModuleManager: Shutting down and abandoning module PythonScriptPluginPreload (46)
[2026.01.05-18.11.35:928][331]LogModuleManager: Shutting down and abandoning module PlatformCryptoOpenSSL (44)
[2026.01.05-18.11.35:928][331]LogModuleManager: Shutting down and abandoning module PlatformCryptoTypes (42)
[2026.01.05-18.11.35:928][331]LogModuleManager: Shutting down and abandoning module PlatformCrypto (40)
[2026.01.05-18.11.35:928][331]LogModuleManager: Shutting down and abandoning module OodleDataCompressionFormat (38)
[2026.01.05-18.11.35:929][331]LogModuleManager: Shutting down and abandoning module XGEController (36)
[2026.01.05-18.11.35:929][331]LogModuleManager: Shutting down and abandoning module AnimationModifiers (34)
[2026.01.05-18.11.35:930][331]LogModuleManager: Shutting down and abandoning module AudioEditor (32)
[2026.01.05-18.11.35:931][331]LogModuleManager: Shutting down and abandoning module PropertyEditor (31)
[2026.01.05-18.11.35:933][331]LogModuleManager: Shutting down and abandoning module TextureCompressor (28)
[2026.01.05-18.11.35:934][331]LogModuleManager: Shutting down and abandoning module RenderCore (26)
[2026.01.05-18.11.35:934][331]LogModuleManager: Shutting down and abandoning module Landscape (24)
[2026.01.05-18.11.35:934][331]LogModuleManager: Shutting down and abandoning module SlateRHIRenderer (22)
[2026.01.05-18.11.35:939][331]LogModuleManager: Shutting down and abandoning module AnimGraphRuntime (20)
[2026.01.05-18.11.35:940][331]LogModuleManager: Shutting down and abandoning module Renderer (18)
[2026.01.05-18.11.35:941][331]LogModuleManager: Shutting down and abandoning module Engine (16)
[2026.01.05-18.11.35:941][331]LogModuleManager: Shutting down and abandoning module CoreUObject (14)
[2026.01.05-18.11.35:941][331]LogModuleManager: Shutting down and abandoning module NetworkFile (12)
[2026.01.05-18.11.35:941][331]LogModuleManager: Shutting down and abandoning module CookedIterativeFile (10)
[2026.01.05-18.11.35:941][331]LogModuleManager: Shutting down and abandoning module StreamingFile (8)
[2026.01.05-18.11.35:941][331]LogModuleManager: Shutting down and abandoning module SandboxFile (6)
[2026.01.05-18.11.35:941][331]LogModuleManager: Shutting down and abandoning module PakFile (4)
[2026.01.05-18.11.35:941][331]LogModuleManager: Shutting down and abandoning module RSA (3)
[2026.01.05-18.11.35:942][331]LogContentStreaming: Display: There are 1 unreleased StreamingManagers
[2026.01.05-18.11.35:959][331]LogD3D11RHI: Shutdown
[2026.01.05-18.11.35:960][331]LogD3D11RHI: CleanupD3DDevice
[2026.01.05-18.11.36:000][331]LogExit: Exiting.
[2026.01.05-18.11.36:045][331]Log file closed, 01/05/26 19:11:36
